site,stack,block,r2_brightness,cv_pearson_brightness,cv_spearman_brightness,stability_cos_brightness,n_brightness,r2_nl_brightness,nonlinearity_gain_brightness,r2_rolloff,cv_pearson_rolloff,cv_spearman_rolloff,stability_cos_rolloff,n_rolloff,r2_nl_rolloff,nonlinearity_gain_rolloff,r2_tilt,cv_pearson_tilt,cv_spearman_tilt,stability_cos_tilt,n_tilt,r2_nl_tilt,nonlinearity_gain_tilt,r2_bandwidth,cv_pearson_bandwidth,cv_spearman_bandwidth,stability_cos_bandwidth,n_bandwidth,r2_nl_bandwidth,nonlinearity_gain_bandwidth,r2_contrast,cv_pearson_contrast,cv_spearman_contrast,stability_cos_contrast,n_contrast,r2_nl_contrast,nonlinearity_gain_contrast,r2_flatness,cv_pearson_flatness,cv_spearman_flatness,stability_cos_flatness,n_flatness,r2_nl_flatness,nonlinearity_gain_flatness,r2_zcr,cv_pearson_zcr,cv_spearman_zcr,stability_cos_zcr,n_zcr,r2_nl_zcr,nonlinearity_gain_zcr,r2_attack,cv_pearson_attack,cv_spearman_attack,stability_cos_attack,n_attack,r2_nl_attack,nonlinearity_gain_attack,r2_density,cv_pearson_density,cv_spearman_density,stability_cos_density,n_density,r2_nl_density,nonlinearity_gain_density,r2_decay,cv_pearson_decay,cv_spearman_decay,stability_cos_decay,n_decay,r2_nl_decay,nonlinearity_gain_decay,r2_tail,cv_pearson_tail,cv_spearman_tail,stability_cos_tail,n_tail,r2_nl_tail,nonlinearity_gain_tail,r2_f0,cv_pearson_f0,cv_spearman_f0,stability_cos_f0,n_f0,r2_nl_f0,nonlinearity_gain_f0,r2_voiced,cv_pearson_voiced,cv_spearman_voiced,stability_cos_voiced,n_voiced,r2_nl_voiced,nonlinearity_gain_voiced,r2_hnr,cv_pearson_hnr,cv_spearman_hnr,stability_cos_hnr,n_hnr,r2_nl_hnr,nonlinearity_gain_hnr,r2_am_rate,cv_pearson_am_rate,cv_spearman_am_rate,stability_cos_am_rate,n_am_rate,r2_nl_am_rate,nonlinearity_gain_am_rate,r2_am_depth,cv_pearson_am_depth,cv_spearman_am_depth,stability_cos_am_depth,n_am_depth,r2_nl_am_depth,nonlinearity_gain_am_depth,r2_loudness,cv_pearson_loudness,cv_spearman_loudness,stability_cos_loudness,n_loudness,r2_nl_loudness,nonlinearity_gain_loudness,r2_crest,cv_pearson_crest,cv_spearman_crest,stability_cos_crest,n_crest,r2_nl_crest,nonlinearity_gain_crest
transformer.transformer_blocks.0,dual,0,0.5219720245403765,0.7645728123699583,0.789203667258676,0.9261925220489502,250,0.47889843505938356,-0.043073589480992935,0.31215433785133617,0.6071988950414345,0.6779601593625498,0.8199523091316223,250,0.36385562277096495,0.051701284919628776,0.4515823223009184,0.7085916313474389,0.7475605049680795,0.8255683779716492,250,0.4512050462221821,-0.0003772760787362772,0.18398418849841985,0.44758850604522843,0.5213232851725627,0.6419240236282349,250,0.13413969952036245,-0.049844488978057405,-0.02507174008120474,0.48695574433564487,0.44633840541448666,0.6867356300354004,250,0.04411220855808699,0.06918394863929173,-0.0780199210273926,0.397987106685802,0.5288874381990111,0.6731769442558289,250,-0.3907823549410495,-0.31276243391365693,0.4361387996322234,0.7325601219961643,0.6925946335141361,0.8832265138626099,250,0.3159592992143815,-0.12017950041784192,-0.045267834402604956,0.2992223942150509,0.311039216627466,0.33726364374160767,250,-0.26594134157068383,-0.22067350716807888,0.12342596385062947,0.4306503842342326,0.43209945759132146,0.2715280055999756,250,-0.06544207882510078,-0.18886804267573026,-0.22205945182665174,-0.027693967384312755,0.030717803484855755,0.04145213961601257,250,-0.5136872264241041,-0.29162777459745237,-0.23748316829880212,-0.02403653203078026,0.026578985263764218,0.0700003057718277,250,-0.3040617999536211,-0.06657863165481898,-0.05868780085960059,0.16685366572320182,0.07435137732222934,0.21284760534763336,223,-0.3658407469502346,-0.30715294609063404,-0.028896936764714654,0.40335790388444454,0.3781949791196659,0.58973228931427,250,-0.06424082789754879,-0.035343891132834135,0.06584620436748903,0.4219248942420042,0.49460490567849086,0.7481359839439392,250,0.04206724145714043,-0.023778962910348603,-0.4018730736355476,-0.020861677610239417,-0.06943407094513512,0.23273223638534546,250,-0.48640717949145723,-0.08453410585590965,-0.15175274249328172,0.32314800960440654,0.40655076081217295,0.46141529083251953,250,-0.5386089673192588,-0.38685622482597704,0.13519063739919474,0.41345216007835084,0.5555021360341765,0.7174206376075745,250,0.05046786244786028,-0.08472277495133446,0.006683019912040611,0.46416487069918105,0.5323742139874238,0.6881396174430847,250,-0.07186189932393401,-0.07854491923597462
transformer.transformer_blocks.1,dual,1,0.5596630312290681,0.7861183423075214,0.8127993087889406,0.9369015693664551,250,0.5140005214505964,-0.04566250977847175,0.3593036198658563,0.6428071422547605,0.7196255940095041,0.828543484210968,250,0.32627422028497716,-0.03302939958087914,0.46978963264476653,0.7220514805306024,0.7625889694235107,0.8451622128486633,250,0.39616264869454304,-0.07362698395022349,0.22603523579742896,0.49035437184244474,0.5626116257860125,0.646332323551178,250,0.20092287570945605,-0.025112360087972907,0.1338868551319643,0.5845965112166164,0.562359717755484,0.7683869004249573,250,0.18024500758865952,0.04635815245669522,-0.05535892036367838,0.4423922906874608,0.5687833725339605,0.6935503482818604,250,-0.40993322499496426,-0.35457430463128586,0.4517996277158228,0.7476241081851945,0.7092412998607978,0.8752812147140503,250,0.38955323687963406,-0.06224639083618877,-0.07029486486172154,0.2887062863158083,0.29762665002640043,0.3036367893218994,250,-0.16193230307485976,-0.09163743821313822,0.06861934819514166,0.38097824500245075,0.38008966543464695,0.20269811153411865,250,-0.1625108037963718,-0.2311301519915135,-0.19598052139511438,0.03932620928285517,0.10356146498343972,0.10711148381233215,250,-0.30194734205158996,-0.10596682065647559,-0.15474993608447987,0.023425782163329075,0.06055200883214131,0.07725962996482849,250,-0.24994171916783037,-0.0951917830833505,-0.07600163235082646,0.18096089499386753,0.09445500112540471,0.2394532859325409,223,-0.3597104923853788,-0.2837088600345523,0.05462794303428194,0.46564096955161194,0.462511976191619,0.6906152367591858,250,-0.0016401910039025359,-0.056268134038184474,0.1327009996613681,0.4789597397660596,0.5582308836941391,0.768463134765625,250,0.18841683775469661,0.0557158380933285,-0.3908166820088962,0.05696160096687436,0.07223501176018815,0.22702743113040924,250,-0.4580648429294992,-0.06724816092060304,-0.12217350131338087,0.36198216456722826,0.443347765564249,0.4329788088798523,250,-0.35890495642844816,-0.2367314551150673,0.14395733376556372,0.41999721608454427,0.5399176306820909,0.7254579663276672,250,0.0342445342613618,-0.10971279950420192,0.00868507781480552,0.4730829654932937,0.5325685210963376,0.6696398258209229,250,-0.055523604506394,-0.06420868232119951
transformer.transformer_blocks.2,dual,2,0.5323519570519241,0.7703541637475477,0.7938486055776891,0.9179837703704834,250,0.46674058237352767,-0.0656113746783964,0.3247307079528737,0.6184235827506768,0.6904134786156577,0.8084188103675842,250,0.3219755428626706,-0.002755165090203071,0.45889510026958513,0.7137430198449441,0.7485197523160371,0.8502309322357178,250,0.31717134488955956,-0.14172375538002557,0.18815166730748273,0.4559806521213119,0.5265181202899246,0.6430433988571167,250,0.09978389113017436,-0.08836777617730837,0.04592253648219309,0.5324214781113547,0.5027496759948159,0.7237289547920227,250,0.12049016349334127,0.07456762701114818,-0.029457268795599022,0.423431912832746,0.5576333701339221,0.6947600841522217,250,-0.4382146918010701,-0.4087574230054711,0.42397932219963597,0.7282349961344574,0.6933526616425862,0.8983458280563354,250,0.3370204497099098,-0.08695887248972617,-0.09495460025985514,0.24615668933645457,0.25399126386022175,0.22095759212970734,250,-0.3964779463882121,-0.30152334612835696,0.026250701472562123,0.33474611385176073,0.34847213555416884,0.10169962048530579,250,-0.17491164931340705,-0.20116235078596917,-0.17644091029033065,0.01863899495636284,0.07440848653578457,0.11032509803771973,250,-0.24436304115175753,-0.06792213086142687,-0.17129012347204262,-0.0016776895307910608,0.03888407814525032,0.07976768910884857,250,-0.3183840406414781,-0.1470939171694355,-0.04858536082100455,0.20009692915932722,0.1142664525512059,0.31874018907546997,223,-0.20792273643821474,-0.15933737561721018,0.03363876427970267,0.44908224949989006,0.4300580809292948,0.6511852145195007,250,0.05007942207813252,0.016440657798429847,0.1007547774648642,0.4495759779510512,0.5272477319637114,0.75425785779953,250,0.08855719372886554,-0.012197583735998663,-0.3721973293514815,-0.018839168152735026,0.006876398022368357,0.057734448462724686,250,-0.5139349431227961,-0.1417376137713146,-0.19897492981881837,0.28273839471350154,0.3662639082225315,0.42684370279312134,250,-0.5111939813028659,-0.3122190514840475,0.12370369052996866,0.4140073264710644,0.5458428454855278,0.8251911997795105,250,-0.07409024231709824,-0.1977939328470669,0.03527472735071506,0.47731487066672057,0.5361559064945038,0.6637593507766724,250,-0.07556694808352252,-0.11084167543423758
transformer.transformer_blocks.3,dual,3,0.5912024170996796,0.7962630943044234,0.8211529784476551,0.9209668636322021,250,0.4403047575126175,-0.15089765958706208,0.42447774195600696,0.6828114607011336,0.7361125138002207,0.8385412096977234,250,0.3604765024739569,-0.06400123948205005,0.48576866337096164,0.7315694400226191,0.7456973071569144,0.854369044303894,250,0.33173273667743175,-0.1540359266935299,0.29422810368744506,0.5641420363338207,0.6092530120481927,0.7152644991874695,250,0.2303963102923273,-0.06383179339511777,0.051799069750729454,0.5373349484108524,0.5068815821053136,0.7793675661087036,250,0.12363780044939443,0.07183873069866498,0.027057161526691707,0.5025768575737123,0.5706273700379206,0.7686201930046082,250,-0.3990678651227615,-0.4261250266494532,0.47451109931482893,0.750593532576915,0.6869328469255508,0.8958380818367004,250,0.31288720074894627,-0.16162389856588266,-0.02845018797157326,0.3286093131070514,0.3647355637690203,0.3488483428955078,250,-0.26706111188964393,-0.23861092391807068,0.15383050081895092,0.4551581001531022,0.45486718187490993,0.2674977481365204,250,-0.021450499558139914,-0.17528100037709082,-0.08162221649272161,0.14903475788299633,0.19359247347957564,0.3252752423286438,250,-0.19814385180531086,-0.11652163531258924,-0.0868597723762438,0.08906543692361063,0.08120923534776556,0.01953050121665001,250,-0.2116189905296359,-0.1247592181533921,0.035179518723860825,0.30415990446191743,0.21114864864864863,0.38204899430274963,223,-0.12034195362992602,-0.15552147235378683,0.03074505972492969,0.43568725517171386,0.4204210627370038,0.6132149696350098,250,0.0952607313730371,0.06451567164810741,0.1364631480967678,0.476309605877351,0.530434214947439,0.621637225151062,250,0.09416520647857125,-0.04229794161819654,-0.29914176984709034,0.14183687952287494,0.14950933614937836,0.19496116042137146,250,-0.5466324391577466,-0.24749066931065627,-0.09638945182313423,0.3647343243437611,0.42550146402342437,0.6196555495262146,250,-0.4292096110303505,-0.33282015920721625,0.14854022024835495,0.4510477167152285,0.5604719435510968,0.7622231841087341,250,-0.1573489973197291,-0.30588921756808407,0.12182485527224667,0.5237576164405294,0.5626431142898286,0.6671760082244873,250,0.07372620072955498,-0.04809865454269169
transformer.transformer_blocks.4,dual,4,0.5339616211584711,0.7675619201478197,0.7812654922478759,0.9268299341201782,250,0.4402802153506288,-0.09368140580784234,0.3644590472801207,0.6481933704404906,0.6970444967119473,0.8614396452903748,250,0.32243518864528115,-0.04202385863483954,0.4171692406614461,0.692165591834978,0.7040940815053041,0.8107936382293701,250,0.3316798504867422,-0.08548939017470392,0.23841688473899625,0.5364967056290056,0.5891080497287955,0.7662529945373535,250,0.13575887843919993,-0.10265800629979632,0.03889377506031377,0.535038833990027,0.5039900158402534,0.794839084148407,250,0.20956249691682055,0.17066872185650678,0.039842292249346344,0.5208687791266018,0.5905104401670427,0.8031644225120544,250,-0.2395596458721987,-0.279401938121545,0.44480274798315894,0.7310062192460086,0.6740486727787643,0.9165222644805908,250,0.3229272036816938,-0.12187554430146513,0.011501869405953413,0.3769972105993568,0.3803638458215331,0.35542142391204834,250,-0.1955441923293862,-0.2070460617353396,0.16644110390358308,0.46450200441928363,0.46932578121249935,0.2747330963611603,250,0.015523632634543195,-0.15091747126903987,-0.02175786212277462,0.22897579712170338,0.24904833677338833,0.3019849359989166,250,-0.2289536343172082,-0.20719577219443358,-0.08115562235906457,0.07959407546980438,0.06560168962703403,0.00796815287321806,250,-0.3292803070736588,-0.24812468471459423,0.08263341132663818,0.3650345215930464,0.2506676679882958,0.3670441508293152,223,-0.09189968368256458,-0.17453309500920278,0.06923620383612675,0.4731219768629947,0.46410944175106794,0.7387316226959229,250,0.07909656888219121,0.009860365046064468,0.18603569923606497,0.523320151192709,0.5796338501416023,0.6775586605072021,250,0.21908952172575305,0.03305382248968808,-0.2852950555837322,0.07347650384995522,0.11785954975279603,0.1798262596130371,250,-0.7334929577726662,-0.448197902188934,-0.15495875504408305,0.3573749856222468,0.42571266740267844,0.6357599496841431,250,-0.2952301609867639,-0.14027140594268087,0.09494715658944579,0.4049533907202543,0.5298221091537464,0.7708097696304321,250,-0.2586821885387502,-0.353629345128196,0.07745587129545277,0.4899557235450061,0.5441393942303077,0.595553457736969,250,-0.12091006402991342,-0.19836593532536617
transformer.transformer_blocks.5,dual,5,0.5067193947853663,0.7473316219312057,0.7594362789804636,0.9120126366615295,250,0.4868878912075493,-0.019831503577817045,0.35344770466206005,0.6405926867909874,0.6919203187250995,0.810809850692749,250,0.37705838686536036,0.023610682203300315,0.3684948584379518,0.6548702930854591,0.676242115873854,0.8290883898735046,250,0.3662695987669242,-0.002225259671027602,0.21913959483191867,0.5315935835259674,0.577886622185955,0.7066764831542969,250,0.22891298010296524,0.00977338527104657,0.07168973584444387,0.5497692502893464,0.5229791196659146,0.7510227560997009,250,0.16474473342146417,0.09305499757702031,0.033610164862202876,0.5288835886790536,0.5876687947007152,0.7743604779243469,250,-0.15057308643282472,-0.1841832512950276,0.43531798665130506,0.7227637230003761,0.6598412134594153,0.9220282435417175,250,0.4286727232379063,-0.006645263413398772,0.006016647970453204,0.3593468391236998,0.3708220611529784,0.22280524671077728,250,-0.17446373193951253,-0.18048037990996574,0.17905734686013036,0.47455776047111864,0.4752678922862765,0.3188592493534088,250,0.0816432942383066,-0.09741405262182376,-0.03809380678180359,0.17963563658972834,0.19475524408390535,0.21854813396930695,250,-0.177414190439923,-0.13932038365811938,-0.11140674479312232,0.012009245940711323,0.025634330149282385,0.018291374668478966,250,-0.28497601404333184,-0.17356926925020952,0.13113968397182682,0.39472076966149744,0.2739559707048496,0.5163396596908569,223,-0.09706112220107868,-0.2282008061729055,0.08218708590977823,0.4781750927418932,0.47395996735947776,0.728274941444397,250,0.059234466329664184,-0.022952619580114048,0.25205421046786725,0.5607585241259478,0.6175137522200355,0.6949132680892944,250,0.1552398666427626,-0.09681434382510465,-0.2355450416502931,0.07684453507332192,0.09705486487783804,0.13672968745231628,250,-0.40028465578546035,-0.16473961413516724,-0.17953280014000786,0.3294238215683142,0.42143637498199965,0.7067973017692566,250,-0.3526415400071797,-0.17310873986717182,0.11039851837164996,0.4207368159307534,0.5517419478711659,0.7041823267936707,250,-0.10894280643748813,-0.2193413248091381,0.10344194352249306,0.4878415834323986,0.5449534872557961,0.6081900596618652,250,0.025963133750126176,-0.07747880977236687
transformer.single_transformer_blocks.0,single,0,0.48869198614182513,0.7378395744522037,0.7461550424806797,0.9077321887016296,250,0.46381264209399387,-0.024879344047831264,0.3408964200453569,0.630173843892371,0.6799969279508472,0.8156148195266724,250,0.38770317921531494,0.04680675916995802,0.361453206465528,0.6502065508943815,0.6624754956079297,0.8100032210350037,250,0.3501566581903538,-0.011296548275174179,0.22842576461719863,0.523827482521748,0.5676090817453079,0.7209101319313049,250,0.2686520742183274,0.040226309601128746,0.05896892171936023,0.5429869516381002,0.5357135314165027,0.7187991142272949,250,0.25452323289705375,0.1955543111776935,0.057543092704749464,0.5146311023458702,0.5666774828397254,0.8524131774902344,250,0.049847534726191814,-0.00769555797855765,0.4359631434642443,0.720175678360822,0.6494215907454518,0.9197195172309875,250,0.35406969545113043,-0.08189344801311388,-0.013252990141685461,0.3395412352524035,0.36578697259156145,0.24539895355701447,250,-0.22749521964001426,-0.2142422294983288,0.16282348505192448,0.4594372668710084,0.4638475495607929,0.2433697134256363,250,-0.060659445627369024,-0.2234829306792935,-0.04982332544355357,0.18174372342679018,0.20398905582489318,0.2985164225101471,250,-0.19327826100917556,-0.143454935565622,-0.12293139849766895,0.00499628347141671,0.023642874285988574,0.02127193473279476,250,-0.23749620226060114,-0.1145648037629322,0.10947309812344834,0.3627124591158803,0.27293661374378864,0.46195679903030396,223,-0.12072950804457735,-0.23020260616802568,0.049473831726856446,0.46049947513129386,0.4579753276052416,0.7108665704727173,250,0.2179281010310775,0.16845426930422103,0.23314708008774893,0.5487342638775901,0.6211157298516775,0.7306627631187439,250,0.2397138371169271,0.006566757029178166,-0.23728876869913015,0.08193844627304653,0.10349618393894303,0.2630276381969452,250,-0.4671629948477725,-0.22987422614864236,-0.2196226628063595,0.3184385913647187,0.420676042816685,0.6861475706100464,250,-0.6145572807867189,-0.3949346179803594,0.10699195655219891,0.4199614741034602,0.5403484855757691,0.7777498364448547,250,-0.024183373844174037,-0.13117533039637294,0.0965081307862855,0.4705976588837105,0.5282515240243844,0.6871817708015442,250,0.013111066003609718,-0.08339706478267579
transformer.single_transformer_blocks.1,single,1,0.5035267833764288,0.7435043930235019,0.7574563433014928,0.8698748350143433,250,0.4557750686018613,-0.047751714774567466,0.35889242080352945,0.6413978343708752,0.6896416262660203,0.8130958080291748,250,0.3739612242035987,0.01506880340006922,0.38515444054724834,0.6613386059139228,0.6810683050928814,0.7553865313529968,250,0.33591382907644124,-0.049240611470807105,0.2418663539828291,0.5383009737822694,0.5831981951711227,0.7550017237663269,250,0.31419320852589533,0.07232685454306623,0.1276656053932136,0.5847551413071405,0.5687342197475159,0.7447761297225952,250,0.25582220451564003,0.12815659912242644,0.07205004540996227,0.5155453168724674,0.5569352469639515,0.8081625699996948,250,-0.13322807326829023,-0.2052781186782525,0.4462487981278597,0.7251297936058893,0.650300964815437,0.890487551689148,250,0.3647643034662022,-0.08148449466165752,-0.04288270818797666,0.32779623798734026,0.3478208611337781,0.39095693826675415,250,-0.27056674012420434,-0.2276840319362277,0.1511941421397844,0.45241235638854255,0.45659444151106404,0.394930362701416,250,-0.003934061005724643,-0.15512820314550904,-0.043746484595647006,0.19595486527006012,0.23353986463783422,0.3284701406955719,250,-0.16379888737767373,-0.12005240278202672,-0.12681986218156807,0.010142459652592736,0.02955810492967887,0.1561036854982376,250,-0.236002646792063,-0.10918278461049494,0.12365647906346815,0.3761496476443696,0.26830946898211466,0.3326704204082489,223,-0.29905522601108714,-0.4227117050745553,0.09127203678705553,0.4832717973662453,0.49418633898142367,0.7551355957984924,250,0.21547688242857338,0.12420484564151785,0.2835163451688299,0.5882670651185359,0.6637089233427734,0.7490487694740295,250,0.2544418070351992,-0.0290745381336307,-0.2763876738222605,0.08252357565873071,0.115238323813181,0.2639084756374359,250,-0.5571902655569071,-0.2808025917346466,-0.21311568160504782,0.3369257913320597,0.4536030336485384,0.6475062966346741,250,-0.40954315631528304,-0.19642747471023522,0.08981577908449341,0.4075767742149532,0.5116639946239139,0.7122193574905396,250,-0.0028794390088018097,-0.09269521809329521,0.1164821429046928,0.4755766066779035,0.528656266500264,0.6002160310745239,250,0.06878684355268913,-0.04769529935200367
transformer.single_transformer_blocks.2,single,2,0.5048894063771528,0.740945257333565,0.7576806028896462,0.9063658118247986,250,0.4819258625311604,-0.022963543845992473,0.3591197411036303,0.6388962871313686,0.6913274132386118,0.866052508354187,250,0.47199350642522486,0.11287376532159454,0.3762817121662022,0.6541906702879497,0.6814699755196082,0.770757257938385,250,0.3376105476704077,-0.0386711644957945,0.24037729956380183,0.53190182707035,0.5804033984543752,0.7919530272483826,250,0.29214582719479243,0.0517685276309906,0.07771634778168605,0.554913144366391,0.5489801756828109,0.7235028743743896,250,0.28757194648578965,0.20985559870410359,0.031004152004708786,0.5109278787813663,0.5689216147458359,0.8002836108207703,250,0.020456340099573134,-0.010547811905135651,0.44210622576764214,0.721064645353147,0.6393575577209235,0.8835124373435974,250,0.33647696255641735,-0.10562926321122479,-0.0025329957213010125,0.3470270027717433,0.38061268180290886,0.35904666781425476,250,-0.20661201845900745,-0.20407902273770645,0.1681575586816189,0.46912148091614686,0.47718715499447983,0.4284714162349701,250,0.024816404140969195,-0.14334115454064972,-0.05801783808264205,0.18244566442790328,0.21576268420294722,0.2747120261192322,250,-0.15172804843055274,-0.09371021034791069,-0.1181437095888006,-0.0012102598079109085,0.02622953967263476,0.15879406034946442,250,-0.33814434960163364,-0.22000064001283304,0.10786765617040195,0.35340014726691477,0.2721899510016102,0.36983782052993774,223,-0.22707563189383886,-0.3349432880642408,0.08089689496802435,0.4722693170927277,0.4707942207075313,0.8244829177856445,250,0.1789835823779895,0.09808668740996515,0.2638680667700152,0.5667899830272469,0.6525650650410405,0.794395387172699,250,0.2425846700082667,-0.02128339676174848,-0.25343837117066237,0.07366129473179203,0.1289972639562233,0.2544613182544708,250,-0.4988142834665671,-0.24537591229590472,-0.20846709868989616,0.31880493820807654,0.4506999471991551,0.6352797150611877,250,-0.28100017371835156,-0.07253307502845541,0.08357437040048996,0.3976691898529805,0.4970180002880046,0.6609876751899719,250,-0.14276181474060137,-0.22633618514109133,0.14093328621615905,0.4915540974131576,0.5429505112081793,0.6121976375579834,250,0.08055651312057714,-0.06037677309558191
transformer.single_transformer_blocks.3,single,3,0.49452917451623735,0.7390950063997985,0.7482156194499111,0.9094491600990295,250,0.5027195639789044,0.008190389462667036,0.3328941528984354,0.6203997000296299,0.6745893534296548,0.844352662563324,250,0.3759016366572624,0.043007483758827014,0.3818367227896111,0.6558868210632153,0.6793955743291892,0.7748048901557922,250,0.3315696977754962,-0.0502670250141149,0.21471342621033357,0.504464302186845,0.5667811644986319,0.7497677206993103,250,0.15317142787049204,-0.06154199833984153,0.12825174658973726,0.5829813334602616,0.562644650314405,0.7531177401542664,250,0.30625931634657066,0.1780075697568334,0.03651364122569396,0.49593404207182396,0.5780878414054624,0.8198872208595276,250,-0.4729189553273795,-0.5094325965530735,0.44780545780738795,0.7253629445642877,0.6424833677338837,0.8935519456863403,250,0.4095266843615937,-0.03827877344579428,0.03332289739264875,0.36267030769024056,0.39628858061728983,0.46529829502105713,250,-0.08511054829064672,-0.11843344568329547,0.19223996857888562,0.4881992258719393,0.4943460855373686,0.4858945608139038,250,0.10023114586800037,-0.09200882271088524,-0.02730440977419646,0.19889379697705803,0.22379225267604277,0.31771910190582275,250,-0.26832517935621975,-0.2410207695820233,-0.11344927870511182,-0.017065535410159354,0.03591724667594681,0.12169644981622696,250,-0.37575304089645434,-0.26230376219134255,0.0699360137430018,0.3132486474773659,0.2644517114808595,0.3297073543071747,223,-0.16099437856543655,-0.23093039230843837,0.13332201914095862,0.5148470719412537,0.502625258004128,0.7769582867622375,250,0.1451614360942563,0.011839416953297682,0.29614877380037224,0.5906019558840694,0.6716908750540007,0.7405945658683777,250,0.19015784014686754,-0.1059909336535047,-0.2193915307821584,0.11538528081754265,0.17982278116449862,0.30523043870925903,250,-0.4043855508885462,-0.18499402010638782,-0.12985866687496112,0.35646722116563107,0.4812414918638697,0.6834004521369934,250,-0.3790845165175559,-0.2492258496425948,0.07665238990806764,0.36954186320129645,0.4375385206163298,0.6602964401245117,250,-0.3128185916834377,-0.3894709815915053,0.1252192957385597,0.47318596785658784,0.5215460087361398,0.6768059134483337,250,-0.022075628693778528,-0.14729492443233821
transformer.single_transformer_blocks.4,single,4,0.46947976296630395,0.7232099785556642,0.7277841885470167,0.864986002445221,250,0.4714618418600288,0.00198207889372487,0.3001467819676899,0.5958742367846487,0.6547723323573177,0.7685754895210266,250,0.36013920033419144,0.05999241836650154,0.36960116090251083,0.6477279082729296,0.6714827437238995,0.7208980321884155,250,0.3238353532673882,-0.04576580763512261,0.16916696174937382,0.46311000766336136,0.5336667786684587,0.6608044505119324,250,0.17603347738450975,0.0068665156351359335,0.07614377011213443,0.5489623079425325,0.5157321557144914,0.7355670928955078,250,0.26523542356460095,0.18909165345246653,-0.015199787757964711,0.4496511180018098,0.5457307156914509,0.7950071692466736,250,-0.1850489414910216,-0.1698491537330569,0.4274461834230786,0.7082109744182201,0.6123112369797916,0.8782001733779907,250,0.350065339244293,-0.0773808441787856,0.010636630548622007,0.3343039341147744,0.37775567609081745,0.48135319352149963,250,-0.08683165658657277,-0.09746828713519477,0.17084543616710726,0.469239560944577,0.4720506888110209,0.4439392685890198,250,0.04911495725340005,-0.12173047891370721,-0.045471813182145035,0.17375219442569734,0.18534171746747946,0.3747957646846771,250,-0.07211283316447518,-0.02664101998233015,-0.1494815882126855,-0.0710641995578218,-0.03191590265444247,0.235238716006279,250,-0.3942189333656149,-0.24473734515292941,0.062430172335751474,0.29991707196453005,0.2464192651972921,0.2520257532596588,223,-0.3283758824701563,-0.3908060548059078,0.14586775979586913,0.5222229315683354,0.5073416214659434,0.8283931016921997,250,0.22678074273992682,0.08091298294405769,0.30596293382072615,0.5960040732519165,0.6850228003648058,0.7807279825210571,250,0.3026512868530086,-0.0033116469677175187,-0.21937565298222453,0.09523043596095879,0.17812777804444868,0.2749038338661194,250,-0.5253461435985264,-0.3059704906163019,-0.1522216922922428,0.3338119764352808,0.4680831373301972,0.6618481874465942,250,-0.27896627836708376,-0.12674458607484096,0.06869410753384445,0.37659526760432693,0.4421896030336485,0.6882122755050659,250,-0.08555669539852553,-0.15425080293236998,0.13167416135030663,0.473600011547541,0.5279773436374982,0.6784788370132446,250,-0.052189935617840064,-0.1838640969681467
transformer.single_transformer_blocks.5,single,5,0.4625213297826899,0.7205194208976811,0.7198152930446886,0.8288370370864868,250,0.4476930449100836,-0.01482828487260629,0.313848242133189,0.6061887115060041,0.6583912062593001,0.717962920665741,250,0.3692941768919046,0.055445934758715565,0.3721201424359946,0.6479026886496349,0.6667249075985214,0.7062653303146362,250,0.29471505627980343,-0.07740508615619118,0.19217744120801733,0.48980399525081486,0.5472582921326741,0.5969517827033997,250,0.23362654271769684,0.04144910150967951,0.04941411188042577,0.5247035221940155,0.5097316757068112,0.7053414583206177,250,0.2938740717954936,0.2444599599150678,-0.0418272455102872,0.4551342451076441,0.5401503384054144,0.7990711331367493,250,-0.03673901739090191,0.0050882281193852935,0.4304922495901039,0.7110665055472638,0.6295323765180243,0.8378644585609436,250,0.32173936992733,-0.10875287966277392,0.014848253026364545,0.34258580127476396,0.37823261172178757,0.3468549847602844,250,-0.14184008503094095,-0.1566883380573055,0.161564154130654,0.46422094222633714,0.46186607785724565,0.30304020643234253,250,0.006258726000070469,-0.15530542813058354,-0.05650865055922567,0.1559712422966032,0.17722459559352946,0.39030835032463074,250,-0.23561971478002394,-0.17911106422079826,-0.12468155414712716,-0.025459215033463944,0.02039879038064609,0.16483093798160553,250,-0.3002630583666368,-0.17558150421950963,0.06071339487151486,0.2969624842915709,0.2528459753796077,0.2838519215583801,223,-0.26207552482624563,-0.32278891969776047,0.11307208378755026,0.49719977763196505,0.48895617529880475,0.8131124377250671,250,0.14578307594746148,0.03271099215991122,0.2558023496037972,0.557011589034503,0.6511480823693179,0.7830278277397156,250,0.21767857538454383,-0.03812377421925339,-0.18808599839117507,0.1079214468012532,0.18536936590985456,0.3333297669887543,250,-0.4801191106177229,-0.2920331122265478,-0.18652355505791873,0.2984469854111124,0.42403609657754526,0.6714667081832886,250,-0.24217361593682085,-0.05565006087890212,0.08179401648120906,0.3783794719703181,0.4475925694811116,0.6660253405570984,250,-0.22129730522325639,-0.30309132170446546,0.13382781648872893,0.47229268969904425,0.5214016224259588,0.7225766777992249,250,-0.03169703477095274,-0.16552485125968167
transformer.single_transformer_blocks.6,single,6,0.47067423356172045,0.7258367939690675,0.7395601209619352,0.8444725871086121,250,0.4134447248257193,-0.05722950873600113,0.3339059526467983,0.6200021830210543,0.6783334133346134,0.7526311278343201,250,0.37743244389514397,0.04352649124834568,0.3779878928059252,0.651852400508492,0.6772474439591033,0.7117871642112732,250,0.35343714680025884,-0.02455074600566637,0.2152829874668373,0.5059783920008788,0.5783197811164978,0.6432828903198242,250,0.23540600141897441,0.020123013952137114,0.09010930900003926,0.5597287717299537,0.5221750108001727,0.7495700716972351,250,0.2370101000032953,0.14690079100325604,-0.023204173959527563,0.45733008532124225,0.5609004944079105,0.7582687139511108,250,-0.1454078420651778,-0.12220366810565023,0.42830320249623355,0.7090803186497023,0.6389382230115682,0.8559515476226807,250,0.3383217921150251,-0.08998141038120844,0.010287576848776259,0.3395609729144813,0.38676753228051647,0.26837998628616333,250,-0.239609477339771,-0.24989705418854727,0.17068102208131633,0.47095648841427384,0.47418192291076655,0.3596894443035126,250,-0.06147737999820502,-0.23215840207952135,-0.0003729351718770868,0.23802767205803535,0.2423574137186195,0.4152759611606598,250,-0.19579187419196425,-0.19541893902008717,-0.14101344627482418,-0.036252646269739695,0.006171362741803868,0.13418887555599213,250,-0.4082113600505771,-0.26719791377575297,0.057054224082531135,0.28493941411877455,0.20927549907370532,0.3228833079338074,223,-0.18014357997173683,-0.23719780405426796,0.13163569837222763,0.5076621741224873,0.5027489079825277,0.8055252432823181,250,0.29707425977303314,0.1654385614008055,0.2876401543620278,0.5835954674589903,0.6672809484951758,0.8343840837478638,250,0.225143316417804,-0.06249683794422378,-0.24807967057969246,0.07311027526707366,0.15434320549128785,0.30745968222618103,250,-0.528765801630343,-0.28068613105065054,-0.19794053945761086,0.30423534919720446,0.42334872557960923,0.6383627653121948,250,-0.37291884733780145,-0.1749783078801906,0.06426210765656944,0.36696549748046886,0.4408709259348149,0.6645216345787048,250,-0.28993409633115996,-0.3541962039877294,0.15614022517551612,0.48612546105932053,0.5348065089041424,0.6758704781532288,250,-0.00047336461188245415,-0.1566135897873986
transformer.single_transformer_blocks.7,single,7,0.4600174822912392,0.7228128758302967,0.7331072817165074,0.8175198435783386,250,0.5022397346071905,0.042222252315951336,0.3140198645273673,0.6060180299749205,0.6704136706187298,0.6855338215827942,250,0.3455937959082184,0.03157393138085113,0.376470755236758,0.6492770761145086,0.6731439543032688,0.6846625804901123,250,0.3628093493897398,-0.013661405847018193,0.1816818819727868,0.47696640961990733,0.5821936350981615,0.5372241139411926,250,0.19274209623538244,0.011060214262595625,0.06829190215265393,0.5383271898328116,0.5172328517256275,0.670677661895752,250,0.2727480736453229,0.20445617149266895,-0.09420846749976752,0.4238790415752963,0.5361067537080594,0.7284939885139465,250,-0.24089802649620765,-0.14668955899644012,0.43049675103692026,0.7134030725959625,0.6377239955839293,0.839977502822876,250,0.29350664203056903,-0.13699010900635122,0.01898730704291336,0.3387743367628192,0.3884825037200595,0.16789066791534424,250,-0.10590624982021361,-0.12489355686312698,0.17965713782479123,0.4796902104808427,0.48290577449239186,0.2683420777320862,250,-0.0034953445538197015,-0.18315248237861093,0.01734137498664401,0.2557930188007855,0.25106360101761627,0.34001296758651733,250,-0.2566100164714341,-0.2739513914580781,-0.1253737116163332,-0.04323508631880943,0.0031354101665626646,0.20269078016281128,250,-0.34136117634009344,-0.21598746472376024,0.016818634467662453,0.23447299740461056,0.16945673251727061,0.28042072057724,223,-0.255744523442505,-0.27256315791016744,0.10408732519449064,0.488216155153804,0.4945918494695915,0.7685746550559998,250,0.24009870698360186,0.1360113817891112,0.26094252114987404,0.5591671806018943,0.662101473623578,0.8294299840927124,250,0.14229472840777108,-0.11864779274210296,-0.2267613476342462,0.05372839551055139,0.08045888734219746,0.2383037656545639,250,-0.7210416133626809,-0.4942802657284347,-0.15327662432111988,0.31353494517641367,0.4362298276772428,0.5593618154525757,250,-0.075486379749896,0.07779024457122388,0.030240245760737316,0.3482665838758267,0.4131472183554937,0.5611209869384766,250,-0.41412729172586327,-0.4443675374866006,0.11220081327879143,0.45697350845163753,0.5081580185282965,0.6267722845077515,250,-0.058613967547207865,-0.1708147808259993
transformer.single_transformer_blocks.8,single,8,0.4631417736481209,0.7227169756061329,0.7306903470455527,0.81571364402771,250,0.3636785011325011,-0.09946327251561982,0.30778521000093406,0.5985758342989618,0.6741907550520808,0.7110009789466858,250,0.25345919230945385,-0.05432601769148021,0.37508772950659264,0.6455835650013372,0.6713107089713434,0.6536797285079956,250,0.3514947365517265,-0.02359299295486611,0.18184730258205764,0.4596110964474101,0.5778612777804445,0.558674156665802,250,0.164338579395313,-0.01750872318674465,0.08101187082914332,0.5403273556109919,0.5230659050544808,0.7104783058166504,250,0.17949202807064824,0.09848015724150491,-0.11913108934270215,0.4092868034964935,0.5271440503048048,0.6616041660308838,250,-0.26741781372868845,-0.14828672438598628,0.43196466309791515,0.7111240471743892,0.6333301972831565,0.8363200426101685,250,0.4097217637265599,-0.022242899371355263,0.022069931892473815,0.34134032873395725,0.3930214563433015,0.2343795746564865,250,-0.17374540126811883,-0.19581533316059263,0.18148317886228077,0.4805769936594162,0.482586281380502,0.355363130569458,250,-0.004583643810898241,-0.186066822673179,0.028239032524270867,0.2538962087865991,0.29082206115297843,0.39813241362571716,250,-0.19645101127987258,-0.22469004380414345,-0.11937850263355787,-0.050748787648408705,0.0018582057312917003,0.22892697155475616,250,-0.14045694828312716,-0.02107844564956929,0.0109629005218431,0.21771367152869922,0.1634866769395917,0.2106584906578064,223,-0.33519856546906457,-0.3461614659909077,0.17889812555110168,0.5481405620367313,0.5390167522680362,0.8521127700805664,250,0.20515932842652945,0.02626120287542777,0.2584607852036146,0.5552447187224576,0.6467980607689723,0.8413426876068115,250,0.22698964722117204,-0.031471137982442554,-0.26524321659293293,-0.0013709038496876515,0.0598308452935247,0.3241448700428009,250,-0.5318319132352205,-0.26658869664228757,-0.14046048371535486,0.30177465369382994,0.418547112753804,0.6292592287063599,250,-0.14066048271627715,-0.00019999900092229628,0.05685622788454101,0.33653454431609275,0.41405654490471844,0.6642982363700867,250,-0.2642989297406776,-0.3211551576252186,0.12605938253911556,0.4672538886354326,0.5149672154754475,0.6079561114311218,250,-0.02736634182720028,-0.15342572436631582
transformer.single_transformer_blocks.9,single,9,0.4291836118694607,0.7035057862621612,0.7081637786204579,0.819856584072113,250,0.38966230853380657,-0.03952130333565412,0.2571754559897596,0.5629575029138753,0.6258436134978159,0.7556235194206238,250,0.2885383346705592,0.03136287868079962,0.36925557357330463,0.6387519989381203,0.6580747851965632,0.7032387852668762,250,0.24217915442600008,-0.12707641914730455,0.133349623313149,0.422894986767999,0.5018311332981328,0.6455966830253601,250,0.23083236499703083,0.09748274168388182,0.043920721958923895,0.5151986331305387,0.4940411846589545,0.7874348163604736,250,0.15747121276974316,0.11355049081081926,-0.06267034067216833,0.39498712591127416,0.5058823981183699,0.845613420009613,250,-0.19232441188197666,-0.12965407120980832,0.4238754497274229,0.7100153014295412,0.6474124705995296,0.8600762486457825,250,0.27906898897906307,-0.14480646074835984,-0.0035361166985070636,0.31192629754172907,0.3667193395094321,0.41185981035232544,250,-0.17490667658184123,-0.17137055988333416,0.14845178693735295,0.44619620252222175,0.4670309604953679,0.5053738355636597,250,0.012001358669119288,-0.13645042826823367,-0.03892131399607483,0.1376502160644623,0.1741341141458263,0.05047885328531265,250,-0.18347048229482682,-0.14454916829875197,-0.12618724070134898,-0.07697443360577659,-0.02992982287716603,0.17469827830791473,250,-0.27412031405434023,-0.14793307335299125,0.028920066315757876,0.22780192763558849,0.14992555014976539,0.31389009952545166,223,-0.2640117707189555,-0.29293183703471337,0.13636089141306157,0.5145128718934382,0.4893501656026496,0.7565663456916809,250,0.13431523426409855,-0.002045657148963015,0.22318914287581956,0.5286611866913284,0.6119210867373878,0.7934755086898804,250,0.17543558268359513,-0.04775356019222443,-0.2764570819270937,-0.01730711542971093,0.03311630586089377,0.19351215660572052,250,-0.6134520749908987,-0.33699499306380504,-0.13683233181083662,0.2803416017964611,0.38356799308788936,0.5950798392295837,250,-0.3158181512403182,-0.17898581942948158,0.05356250612930939,0.33591584615640746,0.4273446935150962,0.6429269313812256,250,-0.187004814036207,-0.2405673201655164,0.1176849428327434,0.44300389447015776,0.49323016368261896,0.7175008654594421,250,-0.02530826046819923,-0.14299320330094262
transformer.single_transformer_blocks.10,single,10,0.42802882967237643,0.7022998733892695,0.6986519464311428,0.7728164792060852,250,0.43929842064226066,0.011269590969884224,0.2735310831161247,0.5749299348917609,0.6346726827629241,0.6632522344589233,250,0.33912707488835026,0.06559599177222558,0.3372114344756257,0.6197552964500068,0.6311797628762059,0.6025002598762512,250,0.2924786117481564,-0.04473282272746926,0.16011599183240188,0.44535839360479434,0.5326737387798204,0.5475137829780579,250,0.18417025886658384,0.024054267034181953,0.024174617778082073,0.5017564776666544,0.49181241299860795,0.6528342366218567,250,0.17411576752254904,0.14994114974446696,-0.04689268197173504,0.40808757157827347,0.5277477079633274,0.7272789478302002,250,-0.24975279480427756,-0.20286011283254252,0.41449812752906523,0.7007514532315102,0.6108842701483223,0.8184792399406433,250,0.27672837325388083,-0.1377697542751844,-0.009797270810115544,0.30284672263188583,0.34500916814669036,0.34461355209350586,250,-0.2912972423923096,-0.28149997158219403,0.11960289479881067,0.4217229006687479,0.43903076849229583,0.3988666832447052,250,-0.023238599462300093,-0.14284149426111076,-0.03868261423177257,0.13710433593661478,0.15925541208659338,0.2380354404449463,250,-0.17286040419369733,-0.13417778996192475,-0.11869728403760589,-0.05297037844371257,0.006459367349877598,0.18764878809452057,250,-0.32641251808549043,-0.20771523404788456,0.03542691209342539,0.24098726493205075,0.18537147012483335,0.26462382078170776,223,-0.17525517421479708,-0.21068208630822247,0.12937030759154794,0.5119865147208621,0.508551240819853,0.687323272228241,250,0.028479347779924134,-0.1008909598116238,0.23659697027269627,0.5362972606287723,0.631472375558009,0.7953978180885315,250,0.1645868831774581,-0.07201008709523818,-0.2935113098410279,-0.018496749279430225,0.057833245331925305,0.17711344361305237,250,-0.708216597355756,-0.4147052875147281,-0.1949879952702453,0.2567661560114486,0.35765679450871213,0.47126129269599915,250,-0.2940762633544416,-0.0990882680841963,0.06085185335148471,0.3464691943574385,0.43797321557144914,0.5970505475997925,250,-0.3347204943557793,-0.39557234770726396,0.09738054639396262,0.41759040654681845,0.48264925838813416,0.6714363098144531,250,-0.011155709006991966,-0.10853625540095459
transformer.single_transformer_blocks.11,single,11,0.40534202975422423,0.6865789440430371,0.6766322661162579,0.7213302254676819,250,0.3786707575241901,-0.026671272230034127,0.2418624772965635,0.5509377655138317,0.6054498151970431,0.5769867897033691,250,0.31061487072027655,0.06875239342371306,0.3151582751855062,0.6009811794566783,0.621128786060577,0.5182721018791199,250,0.30937938964328604,-0.005778885542220169,0.13628016352817768,0.4205445771848079,0.4904714635434166,0.4350427985191345,250,0.14909693144218597,0.012816767914008292,0.05862753886027563,0.5323785943333257,0.49914616233859743,0.49452945590019226,250,0.13254663382487392,0.07391909496459828,-0.0426344509245616,0.3962863533479741,0.5145140882254116,0.6730424165725708,250,-0.11813164726090944,-0.07549719633634784,0.39798178399131956,0.6935783147916356,0.5922215715451448,0.8251743912696838,250,0.2887336571540157,-0.10924812683730384,-0.006997368302730789,0.30104930249171147,0.34547919166706664,0.27060431241989136,250,-0.2474341791375106,-0.2404368108347798,0.12437131597420974,0.42306680143827385,0.4410375846013536,0.3060190677642822,250,0.002492360761130419,-0.12187895521307932,-0.04286054530304169,0.14597122425241324,0.17382921326741224,0.2654932737350464,250,-0.17111980852780273,-0.12825926322476106,-0.12067576949856336,-0.06349973188907669,-0.028465223443575095,0.20377060770988464,250,-0.3766378404470854,-0.2559620709485221,0.03958077396161197,0.24120218919132197,0.19632035943695136,0.1667128950357437,223,-0.3188968936487603,-0.35847766761037225,0.14229942849501634,0.5226842818150657,0.5187611961791389,0.5846702456474304,250,0.11481842865094168,-0.027480999844074663,0.23311059453271957,0.5425398690049881,0.6337648922382758,0.7670252323150635,250,0.17560484199164966,-0.057505752541069904,-0.2135164718925265,0.014389992995173842,0.07877156434502952,0.1993691325187683,250,-0.6564999234403736,-0.442983451547847,-0.14914113797244188,0.2843788758235959,0.38602563241011856,0.5490565299987793,250,-0.1893403178923401,-0.040199179919898215,0.05590893200675993,0.3357746744718896,0.40858138530216487,0.4441358745098114,250,-0.15666212100315247,-0.2125710530099124,0.06992703075265554,0.40710752251385707,0.479660154562473,0.674834668636322,250,-0.18009392634258312,-0.25002095709523864
transformer.single_transformer_blocks.12,single,12,0.37848566039921516,0.6717208562927253,0.6569527192435077,0.8085683584213257,250,0.47336296693024293,0.09487730653102777,0.21141997799349657,0.5289710928855826,0.5835230643690299,0.7106651067733765,250,0.35247525963246346,0.14105528163896688,0.288348470816095,0.5865077378175053,0.5946938031008496,0.6380124092102051,250,0.31171879272952174,0.02337032191342675,0.1090525795934953,0.4026850025482557,0.4654058464935438,0.5967503786087036,250,0.21232880721515435,0.10327622762165904,0.059921621859177376,0.5188515881450818,0.5279043824701194,0.619368314743042,250,0.21011543354729553,0.15019381168811816,-0.0701819539307769,0.3895380850905243,0.49969529112465794,0.7498653531074524,250,-0.2305121952360738,-0.16033024130529688,0.40484886794135344,0.7012722267611498,0.5968480775692411,0.8689368367195129,250,0.3130499779881508,-0.09179888995320262,-0.025347900528760813,0.2837366653495208,0.33369327509240143,0.2677971124649048,250,-0.28899183072134466,-0.26364393019258386,0.12442494626608631,0.42399058922907706,0.43775894014304223,0.34199783205986023,250,-0.03429274343823505,-0.15871768970432137,-0.055360932386611196,0.13094016679100542,0.1648764940239044,0.19484664499759674,250,-0.12160891113211252,-0.06624797874550131,-0.1274728048800334,-0.06411367709475212,-0.006357221715547448,0.16782698035240173,250,-0.4140904763472383,-0.28661767146720485,0.01860533981190815,0.21856345564402224,0.16968289557975658,0.21688732504844666,223,-0.17925849938135774,-0.1978638391932659,0.14578191831793855,0.5259890117096264,0.5194132386118178,0.630095362663269,250,0.1403222445093572,-0.005459673808581339,0.22324472701800815,0.5329595659599639,0.6177057552920846,0.7399480938911438,250,0.13400763764251658,-0.08923708937549157,-0.22010308882198557,0.014161351876986267,0.0771203379254068,0.262702077627182,250,-0.4761874096623603,-0.2560843208403747,-0.14373657690118358,0.28775548138490803,0.4048350213603417,0.5834846496582031,250,-0.22370608687543259,-0.07996950997424901,0.046530842691974585,0.33778328585383294,0.3986986031776508,0.5708093047142029,250,-0.004746753878835186,-0.05127759657080977,0.08618872420339366,0.41325479404075927,0.48343109489751834,0.6705384254455566,250,-0.06854294535412775,-0.1547316695575214
transformer.single_transformer_blocks.13,single,13,0.36487252448766216,0.6603232088881897,0.6444387270196322,0.763281524181366,250,0.37659435194901447,0.011721827461352308,0.19797604087521464,0.5135271403158514,0.5695705851293621,0.7169171571731567,250,0.273715909232861,0.07573986835764634,0.28204850026197875,0.5795102893630978,0.593902750444007,0.5585354566574097,250,0.2884692943327859,0.006420794070807145,0.10300072900925306,0.3933271026017738,0.46102126434022944,0.6671004891395569,250,0.16074566729975237,0.057744938290499315,0.035932067654892055,0.5014404105982259,0.5214315749051984,0.6173144578933716,250,0.2332145601159259,0.19728249246103385,-0.0883307853411929,0.36912336394306455,0.4571666106657705,0.786841094493866,250,-0.29825764139400446,-0.20992685605281156,0.4163797159372544,0.7083779706137134,0.606922094753516,0.8309328556060791,250,0.294606079123285,-0.12177363681396941,-0.02627635107963495,0.28161435728747525,0.32226678826861227,0.290512353181839,250,-0.2167518747707864,-0.19047552369115145,0.1174069750945054,0.41288840281141764,0.4271496183938942,0.35762012004852295,250,-0.07361517330605985,-0.19102214840056525,-0.05965873559911346,0.13341717873871964,0.16084135746171938,0.269501268863678,250,-0.22307584378048934,-0.1634171081813759,-0.13699054574566158,-0.07107653462025137,-0.019514808236931788,0.15356938540935516,250,-0.45286783783515033,-0.3158772920894888,0.04555102345894748,0.26120824576638496,0.2198185934172481,0.18110664188861847,223,-0.12682512071068927,-0.17237614416963676,0.10211560002556605,0.49099013599761626,0.48429126866029854,0.6330536603927612,250,0.1296246533453877,0.027509053319821647,0.2116607242921485,0.52677389239285,0.6214452071233139,0.7802521586418152,250,0.24493303430381755,0.033272310011669054,-0.28189317726635454,-0.004419050411184817,0.05071069937118993,0.08501949161291122,250,-0.8364696359660295,-0.554576458699675,-0.12359162151146899,0.29666352393615164,0.4084654154466471,0.6079505085945129,250,-0.2937022541888341,-0.17011063267736512,0.06923040293942,0.3486852856850051,0.4466271780348485,0.6993975639343262,250,-0.19411473774123608,-0.26334514068065606,0.09279846542865347,0.39923970510552204,0.4559362549800796,0.6318501234054565,250,-0.046447308726077254,-0.13924577415473072
transformer.single_transformer_blocks.14,single,14,0.39177756450694073,0.6824092652272905,0.6757859165746651,0.8068209290504456,250,0.37461547586254157,-0.017162088644399165,0.22962470872294963,0.5382814785501888,0.6091216819469111,0.7162283658981323,250,0.19575132840606907,-0.03387338031688056,0.3285946978081279,0.6133440367840636,0.6224159746555945,0.615019679069519,250,0.2929721380316348,-0.03562255977649309,0.12744883970714357,0.4069315873181421,0.49264801036816586,0.5868560075759888,250,0.0672377352822107,-0.06021110442493287,0.09397429914209639,0.5454736343238074,0.5377587481399702,0.611594021320343,250,0.12720007424963803,0.03322577510754164,-0.10155604836144083,0.3704652954935156,0.48354322469159494,0.6947683691978455,250,-0.32316230779232036,-0.22160625943087953,0.4134348326289864,0.706963432447448,0.5876810828973263,0.8706916570663452,250,0.35216616088365643,-0.06126867174532996,-0.02872022639309506,0.27649357414981957,0.31855959295348724,0.173610121011734,250,-0.2765780306719663,-0.24785780427887122,0.11785239394505957,0.40853610900378245,0.42361522584361344,0.19425508379936218,250,-0.05762699383049017,-0.17547938777554975,-0.07569070420053262,0.09762498737168938,0.14373465175442807,0.13456504046916962,250,-0.17344091023612287,-0.09775020603559026,-0.1334035947194538,-0.09436511184166792,-0.044323909182546924,0.1805134415626526,250,-0.3282629980817199,-0.1948594033622661,0.043449159508649984,0.2567820316882143,0.2023456031303565,0.25485825538635254,223,-0.16873206850547545,-0.21218122801412542,0.13324382735093276,0.5161029888161256,0.5135878654058464,0.6701299548149109,250,0.28058299905101236,0.1473391717000796,0.23834758504160977,0.5448272659842023,0.6254811116977871,0.7645033597946167,250,0.20603732983472076,-0.032310255206889016,-0.2429187807594312,-0.053562179006166756,0.004220611529784476,0.11487802118062973,250,-0.4622175474520285,-0.21929876669259726,-0.1207405576414915,0.27382361199822763,0.3872114433830941,0.6231257915496826,250,-0.2805048474608446,-0.1597642898193531,0.07267619432696337,0.34154051646702815,0.41212345797532757,0.6861031651496887,250,-0.14300118515653057,-0.21567737948349394,0.08603008557720378,0.3939283929534427,0.44501051216819465,0.5737285017967224,250,-0.25897878056374324,-0.345008866140947
transformer.single_transformer_blocks.15,single,15,0.34512408926219706,0.6535524345517376,0.6414181346901551,0.8084897994995117,250,0.3187261752291838,-0.02639791403301328,0.20698358358077887,0.5257628001936568,0.5787037872605961,0.7156722545623779,250,0.26923660288345247,0.0622530193026736,0.29057333679073477,0.5881183057406131,0.5955593529496471,0.7164220213890076,250,0.2221056051757353,-0.06846773161499947,0.12144606693195541,0.4163587797631255,0.47012297796764746,0.6422286629676819,250,0.149197520013219,0.027751453081263602,0.08790694709781954,0.5424095628337278,0.5286677866845869,0.7127034068107605,250,0.18057204472415983,0.09266509762634029,-0.08889121547144405,0.3865453888575857,0.47508433734939753,0.7141640186309814,250,-0.22048119966601426,-0.13158998419457021,0.36446280643989737,0.6831297997765214,0.5608720779532472,0.8582066893577576,250,0.2487771277608733,-0.11568567867902407,-0.003543209329044017,0.29437622471106595,0.33319944319109107,0.2584284245967865,250,-0.3796011023424111,-0.3760578930133671,0.14880870573607013,0.439089387742196,0.4570037920606729,0.3715845048427582,250,-0.04460930042285425,-0.19341800615892438,-0.09930351422348574,0.07428012025192654,0.125023568377094,0.28066208958625793,250,-0.15032161741246985,-0.051018103188984115,-0.15922621994176797,-0.09974674290248797,-0.0416304900878414,0.1582016497850418,250,-0.24291481706647203,-0.08368859712470406,0.05297445742824194,0.269631856418644,0.23052075938847236,0.22500956058502197,223,-0.207453664812852,-0.2604281222410939,0.1077319989460972,0.48859576974043,0.4676184898958383,0.5781323313713074,250,0.06700962835246367,-0.040722370593633525,0.2164829589659954,0.5242589606817988,0.6019085105361686,0.7597286701202393,250,0.20447671115223925,-0.012006247813756143,-0.18561247293319152,0.0038575445267750724,0.05122373157970527,0.1471438705921173,250,-0.4191230230065166,-0.23351055007332508,-0.07058349552995473,0.2976270840661087,0.44115662650602405,0.6397698521614075,250,-0.28547294666610024,-0.2148894511361455,0.06949449260402296,0.3551568581909424,0.4117471319541112,0.6875928044319153,250,-0.1593737201812223,-0.22886821278524527,0.07667936259749446,0.3956774808316527,0.43464849037584596,0.602790355682373,250,-0.001724816719305733,-0.07840417931680019
transformer.single_transformer_blocks.16,single,16,0.38906477998089023,0.6816561183449382,0.6687178994863917,0.8392534852027893,250,0.3348907095905293,-0.05417407039036093,0.22353421574192184,0.537739731462464,0.5888814861037777,0.7432295083999634,250,0.17750762601801312,-0.04602658972390872,0.3279998220258185,0.6171915022639384,0.6278389094225507,0.7461944222450256,250,0.28249099949818046,-0.04550882252763805,0.12098404102524422,0.41462969085460094,0.4809043344693515,0.6566205620765686,250,0.0869930107037252,-0.033991030321519025,0.05384254488696447,0.5152618916677605,0.48153410454567275,0.630368173122406,250,0.14048760107622577,0.0866450561892613,-0.0931338270943209,0.3760001815514824,0.4706252580041281,0.7588635087013245,250,-0.26648396854783973,-0.17335014145351885,0.42022698449652596,0.7169750561480935,0.6241939231027697,0.8790791630744934,250,0.25843113614205515,-0.1617958483544708,0.008768230276146972,0.3094062256268028,0.3414440551048816,0.2554238438606262,250,-0.28589367187937176,-0.29466190215551874,0.16426959868998847,0.4555058662183431,0.4719569913118609,0.4254920482635498,250,-0.09508188490808081,-0.25935148359806925,-0.07679947402282276,0.09922082129492676,0.16339499831997312,0.2616422176361084,250,-0.08305141606970248,-0.006251942046879719,-0.1540426330281135,-0.09879832230642656,-0.07605049680794891,0.13874447345733643,250,-0.3840087588380384,-0.22996612580992493,0.05455457507681882,0.26893028322342055,0.2208498536973873,0.31978094577789307,223,-0.06792123678190043,-0.12247581185871925,0.06668786036348143,0.447098618798884,0.4285397206355301,0.5485151410102844,250,0.028916528692678422,-0.037771331670803,0.2106480944322171,0.5170507233134904,0.5944472711563384,0.7066896557807922,250,0.13382319071596163,-0.07682490371625547,-0.24752005613208006,-0.0759042494762707,-0.011300916814669033,0.14451923966407776,250,-0.716530582869775,-0.46901052673769494,-0.02827861699619456,0.32993198465063656,0.4607824125186003,0.5604146122932434,250,-0.2618815660303851,-0.23360294903419054,0.07054143469409688,0.3513301072369715,0.3999550712811405,0.7760276794433594,250,-0.09888550356559862,-0.16942693825969551,0.07221275038043792,0.38640487772538146,0.4175709691355062,0.5571503639221191,250,-0.1202576003301616,-0.19247035071059954
transformer.single_transformer_blocks.17,single,17,0.3897084245058672,0.6811558684772758,0.674640810252964,0.8618330359458923,250,0.43299052071484034,0.043282096208973164,0.22408251314258373,0.5375430516412864,0.5903721979551673,0.7805609107017517,250,0.27042887763571455,0.046346364493130815,0.32569070244594506,0.6166340651415261,0.6292674122785964,0.7750812768936157,250,0.3462792415318027,0.020588539085857616,0.11741922197028551,0.411500466756895,0.475203379254068,0.7044904232025146,250,0.09125438946282696,-0.026164832507458546,0.04428942805756884,0.5075257531853699,0.4684410310564968,0.6757422089576721,250,0.13469896539498988,0.09040953733742105,-0.10322175862398213,0.37699267930440944,0.47410281764508233,0.8299301266670227,250,-0.29497401775635645,-0.19175225913237431,0.4129228827659845,0.7107955690243877,0.6212547400758411,0.8755243420600891,250,0.35121585232169283,-0.061707030444291655,0.010340835962708007,0.31056242410593843,0.34419737915806653,0.2842603921890259,250,-0.31665754423582254,-0.32699838019853056,0.16350531430654738,0.45669652967652313,0.4661124177986848,0.4388885498046875,250,-0.020758008718149323,-0.1842633230246967,-0.0514993821792362,0.13733256896723955,0.19276916430662888,0.24775151908397675,250,-0.1668191848173938,-0.11531980263815761,-0.15476255371370962,-0.10221014590186887,-0.0638636778188451,0.1490737795829773,250,-0.35508650377228373,-0.20032395005857412,0.04742156091093439,0.2569213514443318,0.2113834686704642,0.35052919387817383,223,-0.06929121862453255,-0.11671277953546694,0.06294866215201919,0.4457638713894258,0.4349879518072288,0.5476915836334229,250,0.036023353748849886,-0.026925308403169305,0.20083513106917122,0.5098364432006052,0.5888538376614025,0.7323126196861267,250,0.22485203178890786,0.02401690071973664,-0.260533905815583,-0.10003327601311163,-0.040920078721259544,0.14541733264923096,250,-0.7080067483943326,-0.44747284257874964,-0.022776703500596907,0.33156961930712014,0.4619974079585273,0.5694157481193542,250,-0.2500534778550668,-0.2272767743544699,0.06979110847901027,0.34918831228269004,0.40884020544328703,0.7765761613845825,250,-0.1331623418148844,-0.20295345029389467,0.08766611085997153,0.39775260036138405,0.44005529688475015,0.5380985140800476,250,-0.06247498477253295,-0.1501410956325045
