job_id,pair_id,concept,label,side,sample_index,seed,duration,steps,guidance_scale,prompt,wav_path,status,error,sample_rate,duration_seconds,rms_dbfs,peak_dbfs,clip_fraction,silence_fraction,spectral_centroid_mean_hz,spectral_centroid_median_hz,spectral_centroid_std_hz,rolloff_85_mean_hz,rolloff_85_median_hz,rolloff_95_mean_hz,rolloff_95_median_hz,low_band_energy,high_band_energy,total_energy,high_to_low_ratio,high_to_low_db,high_to_total_ratio,onset_strength_mean,onset_strength_median,onset_strength_max,onset_strength_p95,onset_count,onset_rate_per_second,mean_inter_onset_interval_ms,median_inter_onset_interval_ms,attack_time_ms_first,attack_time_ms_median,attack_time_ms_min,attack_time_ms_valid_count,transient_energy_total,non_transient_energy_total,transient_energy_fraction,transient_energy_per_onset_mean,event_sample,event_time_seconds,post_onset_energy_100ms,post_onset_energy_250ms,post_onset_energy_500ms,post_onset_energy_1000ms,tail_energy_fraction_250ms,tail_energy_fraction_500ms,tail_energy_fraction_1000ms,late_energy_fraction_300ms,late_energy_fraction_700ms,direct_energy,late_energy,direct_to_late_ratio,direct_to_late_db,decay_time_to_minus_20db_ms,decay_slope_db_per_second,reverb_proxy_score
01-positive-sample-000-seed-501,01,dry_reverberant,positive,positive,0,501,3.5,50,4.0,a dry hand clap once in a small carpeted room,/outputs/dry-reverberant-v1/01/positive/01-positive-sample-000-seed-501.wav,ok,,44100,3.5,-34.94495095016072,-2.9514485664367465,0.0,0.02586977556347847,2325.7744140625,2376.46435546875,300.53118896484375,4884.970703125,5167.96875,6572.11865234375,6739.892578125,73401.4375,278.3774719238281,75966.640625,0.003792534334546624,-24.21070478771518,0.0036644699519885887,0.5662363171577454,0.472578227519989,9.830281257629395,0.7461310029029846,4,1.1428571428571428,228.32955404383975,238.0045351473923,171.24716553287982,26.122448979591837,0.0,4,47.96839904785156,1.4639816284179688,0.9703841569353999,11.992099786177278,23808,0.5398639455782313,1.3848755359649658,1.465718150138855,1.5964665412902832,1.7569987773895264,0.45033949717116983,0.40130745438188375,0.34110609682236515,0.43828779911309257,0.3789379785313258,1.247116208076477,0.27377253770828247,4.555300610192459,6.585170419105541,52.244897959183675,-1.0404992547131495,0.33241134608442113
01-negative-sample-000-seed-501,01,dry_reverberant,negative,negative,0,501,3.5,50,4.0,a reverberant hand clap once in a large cathedral,/outputs/dry-reverberant-v1/01/negative/01-negative-sample-000-seed-501.wav,ok,,44100,3.5,-15.777427816011,0.0,0.002701652003452182,0.0006349206087179482,2461.2548828125,2424.8720703125,246.39710998535156,4851.31640625,4952.63671875,7069.4501953125,7041.357421875,4841696.5,163585.59375,6283130.0,0.033786833551008415,-14.71252507714944,0.026035685040736067,0.797042191028595,0.4837018847465515,5.534088611602783,2.874741792678833,34,9.714285714285714,102.37889095031953,87.07482993197279,267.0294784580499,60.952380952380956,0.0,34,3830.217529296875,250.7568359375,0.9385546652599228,179.45067910587088,35328,0.8010884353741496,57.78606414794922,253.04568481445312,531.6978759765625,1081.551513671875,0.9279609955129661,0.8486320030236985,0.6920952081357394,0.9158003119057849,0.7962521819017634,23.799623489379883,557.4873046875,0.042690879755048025,-13.696648953523905,928.7981859410431,-2.173635037291114,0.8903698354042411
02-positive-sample-000-seed-502,02,dry_reverberant,positive,positive,0,502,3.5,50,4.0,a dry wooden block is struck once in a recording booth,/outputs/dry-reverberant-v1/02/positive/02-positive-sample-000-seed-502.wav,ok,,44100,3.5,-42.289515405410825,-18.357288664150268,0.0,0.01632005162537098,1758.504150390625,1804.03369140625,273.6639404296875,3747.0625,3897.509765625,5943.5205078125,6136.962890625,13589.9482421875,74.86935424804688,14150.1630859375,0.005509171404761403,-22.589137153769016,0.005291059459410217,0.5219264626502991,0.48737311363220215,2.5662765502929688,0.8279874920845032,27,7.714285714285714,128.37955695098552,110.29478458049887,89.97732426303854,104.48979591836735,0.0,27,8.486194610595703,0.6245756149291992,0.9314464529925937,0.4465620741248131,2304,0.052244897959183675,2.440913677215576,5.034409046173096,5.342372417449951,5.645395278930664,0.41816251145856054,0.3825705443379749,0.3475495626486361,0.40395155424758383,0.3697351379287199,0.8581475615501404,4.30872917175293,0.19916488768334872,-7.00787224293239,220.58956916099774,-0.27844883026295825,0.535866789498245
02-negative-sample-000-seed-502,02,dry_reverberant,negative,negative,0,502,3.5,50,4.0,a reverberant wooden block is struck once in an empty hall,/outputs/dry-reverberant-v1/02/negative/02-negative-sample-000-seed-502.wav,ok,,44100,3.5,-32.940253077734056,-6.603256447690309,0.0,0.005306122358888388,923.4288940429688,913.1412353515625,87.79485321044922,1744.5458984375,1744.189453125,3102.279052734375,3100.78125,123701.609375,18.34587860107422,126155.0625,0.00014830751753163452,-38.28836834543027,0.00014542324531030388,0.4692467451095581,0.46641305088996887,1.1817984580993652,0.6340627074241638,43,12.285714285714286,80.99341323831119,75.46485260770976,20.317460317460316,46.439909297052154,0.0,43,67.81708526611328,10.612754821777344,0.8646847321136394,2.5136864642764247,88832,2.014331065759637,0.7363744974136353,1.8157318830490112,3.2079577445983887,7.574981212615967,0.832228949158146,0.7035894732705192,0.300082848639712,0.8137240595727717,0.5556126560857975,0.314395546913147,3.302126407623291,0.09521002775282413,-10.21317308250296,748.843537414966,-3.185386604403181,0.7608011976443595
03-positive-sample-000-seed-503,03,dry_reverberant,positive,positive,0,503,3.5,50,4.0,a dry snare drum hit in a padded studio,/outputs/dry-reverberant-v1/03/positive/03-positive-sample-000-seed-503.wav,ok,,44100,3.5,-22.167677570104157,-0.00026507636037961915,3.887269122060388e-05,0.0021703920792788267,1683.636474609375,1524.19384765625,589.523193359375,3421.78271484375,3273.046875,4488.3896484375,4435.83984375,975666.9375,96082.2421875,1442239.5,0.09847852632343607,-10.066584590043243,0.06662017105168733,0.49416592717170715,0.39711079001426697,6.132399559020996,1.1455270051956177,14,4.0,245.59567416710277,145.12471655328798,34.82993197278911,15.963718820861677,0.0,14,839.585205078125,97.413330078125,0.8960368384547359,75.51220556667873,98816,2.2407256235827666,205.63739013671875,254.5995330810547,268.8774719238281,297.0765075683594,0.16996247044949597,0.12341402801886735,0.031480377898227774,0.16256612641929724,0.10499016367802927,152.57122802734375,89.35883331298828,1.707399507924949,2.3233515192136363,267.0294784580499,-8.24817151336531,0.21230480430935203
03-negative-sample-000-seed-503,03,dry_reverberant,negative,negative,0,503,3.5,50,4.0,a reverberant snare drum hit in a gymnasium,/outputs/dry-reverberant-v1/03/negative/03-negative-sample-000-seed-503.wav,ok,,44100,3.5,-9.787441309195719,0.0,0.005707806907594204,0.0002915451768785715,1700.986328125,1678.131591796875,190.7491455078125,3479.53759765625,3466.845703125,5047.11181640625,4974.169921875,22975930.0,578664.8125,25159484.0,0.025185697053394573,-15.988460248637008,0.022999868061682027,0.5218499898910522,0.40852463245391846,4.745263576507568,1.2233256101608276,15,4.285714285714286,221.00421120829284,153.83219954648524,31.92743764172336,17.414965986394556,0.0,15,11265.5751953125,4943.658203125,0.6950097465064852,916.9501668294271,69888,1.5847619047619048,694.1986083984375,1320.990234375,1857.56591796875,4268.7685546875,0.847882678756638,0.7860937814698532,0.5084341315133002,0.8301986665300712,0.6934490076344634,397.5234680175781,1453.5703125,0.2734807285200234,-5.630732718617879,1230.657596371882,-3.4800515399688536,0.7696323638180753
04-positive-sample-000-seed-504,04,dry_reverberant,positive,positive,0,504,3.5,50,4.0,a dry finger snap close to the microphone,/outputs/dry-reverberant-v1/04/positive/04-positive-sample-000-seed-504.wav,ok,,44100,3.5,-43.23926319584246,-16.32352061677773,0.0,0.013890508562326431,2133.625732421875,2173.654541015625,219.3642578125,4839.1953125,4931.103515625,6595.7197265625,6632.2265625,10538.5146484375,230.44302368164062,11307.763671875,0.02186674606139181,-16.602158384859948,0.02037918640401066,0.5346019268035889,0.5060888528823853,4.341222286224365,0.7197132706642151,7,2.0,267.0294784580499,220.5895691609977,287.3469387755102,124.80725623582767,0.0,7,3.1636900901794434,4.157477378845215,0.432129179337147,0.5307090090853828,50176,1.1377777777777778,0.13787417113780975,0.3111989498138428,1.5837316513061523,2.500275135040283,0.9243547129492762,0.6150310686145272,0.3922403746060425,0.8373384254125492,0.5163814223721611,0.08757350593805313,1.6818190813064575,0.05207070541144352,-12.834065388170625,574.6938775510204,-1.891045748556407,0.7680754353356486
04-negative-sample-000-seed-504,04,dry_reverberant,negative,negative,0,504,3.5,50,4.0,a reverberant finger snap in a tiled stairwell,/outputs/dry-reverberant-v1/04/negative/04-negative-sample-000-seed-504.wav,ok,,44100,3.5,-28.699833653055347,-8.518314420892818,0.0,0.0038030450232326984,1975.0289306640625,1998.8365478515625,338.51702880859375,4683.97119140625,4974.169921875,6723.42236328125,6847.55859375,310136.65625,4067.349853515625,320528.9375,0.013114702088736488,-18.82241570318563,0.012689493451790526,0.521788477897644,0.4669656455516815,3.4258477687835693,0.943179190158844,13,3.7142857142857144,218.65457294028724,235.1020408163265,179.95464852607708,17.414965986394556,0.0,13,149.16378784179688,59.056610107421875,0.7163745209927764,15.569199002706087,9728,0.22058956916099773,40.61138916015625,74.08494567871094,125.31629943847656,145.06289672851562,0.6011579015247696,0.3253498738839831,0.21904251224912852,0.5045251026528107,0.2632241505292519,27.86669158935547,93.89190673828125,0.29679545934701707,-5.275427475831024,1845.9863945578231,-4.171082910604479,0.5129602953340653
05-positive-sample-000-seed-505,05,dry_reverberant,positive,positive,0,505,3.5,50,4.0,a dry door knock on wood in a small room,/outputs/dry-reverberant-v1/05/positive/05-positive-sample-000-seed-505.wav,ok,,44100,3.5,-22.710756840086756,0.0,0.001140265609137714,0.011415613815188408,2014.921142578125,2239.5,621.9488525390625,4236.26513671875,4888.037109375,5914.14453125,6567.626953125,1201931.875,11314.9033203125,1294525.25,0.009413930652527623,-20.262290052365067,0.008740581398711613,0.5639523863792419,0.4463481605052948,16.731712341308594,1.0395541191101074,4,1.1428571428571428,535.9939531368103,179.95464852607708,0.0,89.97732426303854,0.0,4,702.52685546875,124.33135986328125,0.8496340030759022,177.94435450434685,134656,3.053424036281179,582.8115844726562,621.058837890625,622.4967651367188,622.4967651367188,0.002310019742953393,0.0,0.0,0.0008558183738002608,0.0,509.42376708984375,64.49215698242188,7.899003397090493,8.975723006009348,174.14965986394557,-95.75337540312408,0.03774265070869916
05-negative-sample-000-seed-505,05,dry_reverberant,negative,negative,0,505,3.5,50,4.0,a reverberant door knock on wood in a long hallway,/outputs/dry-reverberant-v1/05/negative/05-negative-sample-000-seed-505.wav,ok,,44100,3.5,-20.452198926021843,0.0,9.070294618140906e-05,0.0024748947471380234,1187.74560546875,1170.8153076171875,338.3116149902344,2083.087646484375,2024.12109375,3850.735107421875,3962.109375,2151612.75,1986.0716552734375,2190899.5,0.0009230618545430341,-30.347691958466232,0.0009065097031029664,0.5440533757209778,0.4271312952041626,11.838724136352539,1.1285253763198853,10,2.857142857142857,203.17460317460316,174.14965986394557,34.82993197278911,26.122448979591834,0.0,10,695.1231079101562,695.7473754882812,0.49977558385716847,86.03234219551086,95744,2.1710657596371883,109.02547454833984,191.89450073242188,212.113525390625,518.78955078125,0.6979104111630245,0.6660805830255906,0.1832961093834044,0.6840548289109144,0.6561217091286651,69.22517395019531,116.82014465332031,0.5925790809079242,-2.2725368395048706,406.3492063492063,-36.72416998027339,0.6560296140142193
06-positive-sample-000-seed-506,06,dry_reverberant,positive,positive,0,506,3.5,50,4.0,a dry metal spoon taps a glass once in a booth,/outputs/dry-reverberant-v1/06/positive/06-positive-sample-000-seed-506.wav,ok,,44100,3.5,-26.67383682502561,-0.00026507636037961915,1.2957563740201294e-05,0.012329122051596642,2500.1396484375,1880.2156982421875,1113.6461181640625,4804.39990234375,4328.173828125,6590.015625,6287.6953125,24632.22265625,454027.03125,510062.09375,18.43223965559594,12.655781084676319,0.890140704069915,0.6767781376838684,0.4462147355079651,12.866399765014648,2.2248036861419678,12,3.4285714285714284,302.9148629148629,214.7845804988662,290.24943310657596,2.9024943310657596,0.0,12,324.90264892578125,7.08575439453125,0.9786566207624587,27.14434325012068,65280,1.4802721088435373,172.23590087890625,174.25759887695312,175.7169189453125,199.68466186523438,0.37129539690575564,0.36603031044400514,0.2795569990009119,0.37103312801782634,0.28313154116993944,168.0353546142578,4.437868118286133,37.86398111333503,15.782262748326287,69.65986394557822,-0.5660001090795604,0.22663181169618574
06-negative-sample-000-seed-506,06,dry_reverberant,negative,negative,0,506,3.5,50,4.0,a reverberant metal spoon taps a glass once in a church,/outputs/dry-reverberant-v1/06/negative/06-negative-sample-000-seed-506.wav,ok,,44100,3.5,-44.87359268954221,-25.720481740780457,0.0,0.01654032990336418,2077.1298828125,1938.6204833984375,497.8847351074219,4403.04052734375,4285.107421875,6279.13916015625,6223.095703125,6196.6923828125,752.3374633789062,7743.51904296875,0.12140952251650129,-9.15747248893519,0.09715704955385132,0.5793241262435913,0.4309011697769165,3.764012098312378,1.6100010871887207,23,6.571428571428571,151.45743145743145,142.22222222222223,89.97732426303854,11.609977324263038,0.0,23,4.462431907653809,0.5626988410949707,0.888023044726731,0.22503398941910785,134144,3.0418140589569163,0.2051306962966919,0.6538015007972717,1.0783535242080688,1.0783535242080688,0.3937039327826962,0.0,0.0,0.3375274503268613,0.0,0.1307567059993744,0.9143294095993042,0.14300831256940233,-8.446387177929903,296.05442176870747,-12.696250480075957,0.40413724210771046
07-positive-sample-000-seed-507,07,dry_reverberant,positive,positive,0,507,3.5,50,4.0,a dry ceramic cup taps a saucer once in a kitchen,/outputs/dry-reverberant-v1/07/positive/07-positive-sample-000-seed-507.wav,ok,,44100,3.5,-27.4495463897087,-1.3779447091408423,0.0,0.030949141830205917,2356.920654296875,2525.13623046875,707.42822265625,4857.94775390625,5447.900390625,6494.3291015625,6976.7578125,293600.40625,121798.3359375,426544.59375,0.4148438944385827,-3.821152973555675,0.2855465471187911,0.6403431296348572,0.44240960478782654,13.517106056213379,1.390252947807312,8,2.2857142857142856,446.1548428895368,296.05442176870747,153.83219954648524,5.804988662131519,0.0,8,271.6013488769531,6.083404541015625,0.9780924070690372,33.950176185928285,131328,2.9779591836734696,52.079742431640625,83.92229461669922,85.2025146484375,85.23722839355469,0.015426790629860831,0.0004072245312679295,0.0,0.0048659166840162565,0.0,32.07172775268555,37.25700378417969,0.860824126880113,-0.6508556925196813,150.92970521541952,-75.27906311184489,0.1807540720961457
07-negative-sample-000-seed-507,07,dry_reverberant,negative,negative,0,507,3.5,50,4.0,a reverberant ceramic cup taps a saucer once in a marble lobby,/outputs/dry-reverberant-v1/07/negative/07-negative-sample-000-seed-507.wav,ok,,44100,3.5,-23.77170303720389,0.0,0.0003304178826510906,0.14932943880558014,2168.017333984375,1558.8741455078125,1983.600341796875,4134.16064453125,3100.78125,6435.361328125,5943.1640625,186973.78125,796929.5625,995117.0625,4.262253013081213,6.29639226448943,0.8008400142370184,0.6209110617637634,0.44100961089134216,10.813020706176758,1.8565261363983154,16,4.571428571428571,187.30763416477703,81.26984126984127,2.9024943310657596,33.378684807256235,0.0,16,635.1508178710938,12.49322509765625,0.9807097351804731,59.035444773733616,72448,1.6428117913832199,42.65218734741211,50.39483642578125,313.8971862792969,334.7445373535156,0.8637182426976103,0.15113453348347933,0.09475750994772261,0.8619816053270194,0.13890392045288083,37.89399337768555,274.1268310546875,0.13823525859139926,-8.59381170719534,81.26984126984127,-171.1852335177082,0.626479508259084
08-positive-sample-000-seed-508,08,dry_reverberant,positive,positive,0,508,3.5,50,4.0,a dry clapboard claps once in a sound booth,/outputs/dry-reverberant-v1/08/positive/08-positive-sample-000-seed-508.wav,ok,,44100,3.5,-109.01395377465194,-84.28839878591474,0.0,1.0,1486.2313232421875,0.0,3542.637939453125,2765.59033203125,0.0,3130.44287109375,0.0,0.0014342936920002103,8.061425614869222e-05,0.004281877540051937,0.05620484604953586,-12.502262374231323,0.018826847660784435,0.07442126423120499,0.0,4.516196250915527,0.32406964898109436,6,1.7142857142857142,643.1927437641723,388.93424036281175,31.92743764172336,2.9024943310657596,0.0,5,1.9010622054338455e-06,3.585591912269592e-08,0.9814881596345715,3.2767032583554584e-07,6400,0.14512471655328799,1.2828968465328217e-06,1.2847594916820526e-06,1.2847594916820526e-06,1.2847594916820526e-06,0.2352044352044352,0.2352044352044352,0.2352044352044352,0.2352044352044352,0.2352044352044352,1.1648517102003098e-06,3.329478204250336e-08,34.98601398601399,15.438944654183473,63.85487528344672,-3.7939312897830146,0.1660658146861023
08-negative-sample-000-seed-508,08,dry_reverberant,negative,negative,0,508,3.5,50,4.0,a reverberant clapboard claps once in an empty warehouse,/outputs/dry-reverberant-v1/08/negative/08-negative-sample-000-seed-508.wav,ok,,44100,3.5,-108.62281920027692,-86.78717351808073,0.0,1.0,1503.6700439453125,0.0,3615.396728515625,2774.71728515625,0.0,3104.84521484375,0.0,0.0014838868519291282,9.57120573730208e-05,0.004708590917289257,0.06450091342786027,-11.904341350721676,0.020327112517160947,0.08673738688230515,0.0,4.1737542152404785,0.46969813108444214,7,2.0,535.9939531368103,296.05442176870747,29.024943310657598,5.804988662131519,0.0,6,2.093380317091942e-06,2.60770320892334e-08,0.9876963638360979,3.150531223842076e-07,13056,0.2960544217687075,4.656612873077393e-10,4.656612873077393e-10,4.656612873077393e-10,4.656612873077393e-10,0.9987397605545053,0.9987397605545053,0.9987397605545053,0.9987397605545053,0.9987397605545053,4.656612873077393e-10,0.0,465.66128730773926,26.68070134416583,23.219954648526077,6.045341717370657,0.6665408009844301
09-positive-sample-000-seed-509,09,dry_reverberant,positive,positive,0,509,3.5,50,4.0,a dry footstep lands once on carpet nearby,/outputs/dry-reverberant-v1/09/positive/09-positive-sample-000-seed-509.wav,ok,,44100,3.5,-46.734851522781405,-27.747478445820054,0.0,0.09133139252662659,2569.52490234375,2436.9072265625,1291.5457763671875,5478.84619140625,5297.16796875,7014.8330078125,6847.55859375,4416.85595703125,256.0561218261719,5051.5693359375,0.05797248638334081,-12.367780727634665,0.05068843062383731,0.5355110764503479,0.5027467608451843,7.76003360748291,0.7176898121833801,3,0.8571428571428571,1166.8027210884354,1166.8027210884354,43.53741496598639,43.53741496598639,0.0,3,0.2570677101612091,3.016501396894455,0.07852826739082429,0.08568923423687617,17664,0.4005442176870748,0.0262665506452322,0.09467753767967224,0.3208092153072357,1.0253708362579346,0.970467736098739,0.8999315361587398,0.6801611927076415,0.956048682952325,0.812692568497679,0.010096751153469086,0.4628182053565979,0.021815803779130977,-16.612287812831433,2078.185941043084,-2.3582586323629178,0.915797071952675
09-negative-sample-000-seed-509,09,dry_reverberant,negative,negative,0,509,3.5,50,4.0,a reverberant footstep lands once in a stone corridor,/outputs/dry-reverberant-v1/09/negative/09-negative-sample-000-seed-509.wav,ok,,44100,3.5,-35.74498952053733,-16.75321087781714,0.0,0.0050858440808951855,1587.5133056640625,1595.97119140625,252.12936401367188,3735.511474609375,3746.77734375,6090.18896484375,6158.49609375,62069.046875,290.3780212402344,63199.93359375,0.004678306432270866,-23.299113350096054,0.004594593771360396,0.5237522721290588,0.47709396481513977,3.7090563774108887,0.9237565398216248,23,6.571428571428571,152.2490208204494,104.48979591836735,235.1020408163265,29.024943310657598,0.0,23,32.01567840576172,9.100013732910156,0.7786729771636016,2.0344437295975895,1280,0.029024943310657598,0.3345795273780823,2.8358218669891357,9.364174842834473,13.417436599731445,0.9309621542507746,0.7720300206539424,0.6733538139213515,0.8604611661305062,0.7423925883550397,0.161516472697258,9.691081047058105,0.016666507267142205,-17.781554039835395,3186.9387755102043,-0.5756694915006564,0.8621534886929226
10-positive-sample-000-seed-510,10,dry_reverberant,positive,positive,0,510,3.5,50,4.0,a dry drumstick clicks once on a rim in a studio,/outputs/dry-reverberant-v1/10/positive/10-positive-sample-000-seed-510.wav,ok,,44100,3.5,-33.12874965509926,-4.158436150136015,0.0,0.2522902488708496,2969.57958984375,2564.49951171875,2665.229248046875,5833.28759765625,5318.701171875,7499.68701171875,6869.091796875,76921.6796875,12917.0107421875,115974.0390625,0.1679241898339169,-7.7488673831888155,0.11137846751397824,0.48353347182273865,0.3458181321620941,13.263884544372559,1.2116445302963257,7,2.0,375.38926681783823,246.71201814058958,0.0,0.0,0.0,7,72.026123046875,3.07244873046875,0.9590877874538265,10.546344016279493,100096,2.269750566893424,29.421072006225586,42.34865188598633,43.840301513671875,43.840301513671875,0.03402460952050964,3.791969018548053e-09,0.0,0.024177566590759012,3.6645078750674463e-10,25.902992248535156,15.105587005615234,1.7147954752705854,2.3421232889293995,121.9047619047619,-212.18897899512348,0.13084314688227383
10-negative-sample-000-seed-510,10,dry_reverberant,negative,negative,0,510,3.5,50,4.0,a reverberant drumstick clicks once on a rim in a concert hall,/outputs/dry-reverberant-v1/10/negative/10-negative-sample-000-seed-510.wav,ok,,44100,3.5,-25.171763980726194,-0.00026507636037961915,7.774538244120777e-05,0.23221898078918457,2678.132080078125,1906.818603515625,2804.679443359375,5542.94580078125,4565.0390625,7613.55615234375,6761.42578125,717499.4375,19869.126953125,766096.0,0.027692184710771985,-15.576427802455832,0.025935557623489744,0.41467753052711487,0.3990514278411865,7.801834583282471,0.8382103443145752,8,2.2857142857142856,371.51927437641723,139.31972789115645,298.95691609977325,36.281179138321995,0.0,8,178.30160522460938,290.8684387207031,0.38003620974017815,22.38548283930868,111104,2.5193650793650795,0.17936255037784576,0.2082836627960205,0.2082848995923996,0.20828492939472198,5.98159827411607e-06,5.701018725096609e-08,0.0,8.115567832196349e-07,4.247817873601395e-08,0.0663592591881752,0.07722026854753494,0.859350277282784,-0.6582977856278837,17.414965986394556,-215.89692275762735,0.17927437703517327
11-positive-sample-000-seed-511,11,dry_reverberant,positive,positive,0,511,3.5,50,4.0,a dry book slams shut once in a furnished room,/outputs/dry-reverberant-v1/11/positive/11-positive-sample-000-seed-511.wav,ok,,44100,3.5,-25.016891926666336,0.0,0.0003174603043589741,0.007781017106026411,2348.5498046875,2216.115478515625,636.7201538085938,4797.126953125,4844.970703125,6571.40625,6546.09375,709570.25,17497.673828125,748331.0625,0.02465953699175663,-16.080150819906084,0.023382263151912126,0.5497297644615173,0.4170702397823334,7.256319522857666,1.4316813945770264,16,4.571428571428571,222.91156462585033,162.53968253968253,110.29478458049887,4.353741496598639,0.0,16,472.29693603515625,13.90582275390625,0.9713991282391319,30.024017229676247,118272,2.681904761904762,401.5370178222656,426.6968688964844,435.7110595703125,437.44598388671875,0.024572478779815866,0.003966023331912492,0.0,0.013820220461789715,0.0007818949678278847,362.2976989746094,44.39194107055664,8.161339428676316,9.117614404629236,127.70975056689343,-36.52649227960469,0.041252153306992036
11-negative-sample-000-seed-511,11,dry_reverberant,negative,negative,0,511,3.5,50,4.0,a reverberant book slams shut once in an empty lecture hall,/outputs/dry-reverberant-v1/11/negative/11-negative-sample-000-seed-511.wav,ok,,44100,3.5,-23.96067921274303,-0.00026507636037961915,1.2957563740201294e-05,0.0018399740802124143,1493.5018310546875,1407.8243408203125,266.00030517578125,3046.876953125,2734.716796875,5376.4560546875,5211.03515625,936673.75,8032.2451171875,976019.25,0.008575285810227413,-20.66751396213928,0.00822959702607044,0.4902285039424896,0.4636683464050293,4.140695571899414,0.6765902638435364,3,0.8571428571428571,1181.315192743764,1181.315192743764,17.414965986394556,17.414965986394556,2.9024943310657596,3,222.49957275390625,397.56744384765625,0.3588314920754415,74.1665252049764,118272,2.681904761904762,154.26611328125,239.62481689453125,312.6885986328125,359.3670959472656,0.3332032353632778,0.12989087056177612,0.0,0.2624354594755438,0.029849262776754346,113.98106384277344,191.44178771972656,0.5953823624424324,-2.2520403500233197,801.0884353741496,-14.175261660098265,0.30636456923256056
12-positive-sample-000-seed-512,12,dry_reverberant,positive,positive,0,512,3.5,50,4.0,a dry stapler clicks once on a desk,/outputs/dry-reverberant-v1/12/positive/12-positive-sample-000-seed-512.wav,ok,,44100,3.5,-43.643464148026055,-13.83038959668308,0.0,0.024159377440810204,2905.892578125,2816.464599609375,484.20733642578125,5744.587890625,5727.83203125,7136.90234375,7127.490234375,4195.54833984375,3961.08056640625,10351.78515625,0.944115106192238,-0.24975053438565456,0.3826470996661581,0.6450211405754089,0.4674985408782959,4.330582618713379,2.232322931289673,27,7.714285714285714,131.50532007674863,89.97732426303855,0.0,110.29478458049887,0.0,27,6.399985313415527,0.27054309844970703,0.959442028915059,0.5444189035506161,142080,3.221768707482993,0.32429516315460205,0.508920431137085,0.6301553845405579,0.6301553845405579,0.1923889709222812,0.0,0.0,0.0,0.0,0.2782262861728668,0.32347798347473145,0.8601088803145718,-0.654465683765148,133.51473922902494,-17.21818610391715,0.17920097950231909
12-negative-sample-000-seed-512,12,dry_reverberant,negative,negative,0,512,3.5,50,4.0,a reverberant stapler clicks once in a large office lobby,/outputs/dry-reverberant-v1/12/negative/12-negative-sample-000-seed-512.wav,ok,,44100,3.5,-21.125861146090514,0.0,4.535147309070453e-05,0.0012698412174358964,3140.332275390625,2878.48779296875,714.7721557617188,6266.732421875,6115.4296875,7595.80224609375,7428.955078125,917943.3125,707789.5,1845293.5,0.7710601410367592,-1.129117465900753,0.3835647283209961,0.5649111270904541,0.4566243588924408,7.044497489929199,1.22393000125885,14,4.0,242.4699110413396,98.68480725623583,72.56235827664399,44.98866213151928,0.0,14,764.77587890625,426.2481689453125,0.642116236263908,80.45477485656738,15104,0.34249433106575966,70.13023376464844,96.48982238769531,137.73361206054688,340.34405517578125,0.9069102567786618,0.8671197865461718,0.6716486849214788,0.9015070183215478,0.7778797918410628,27.34747314453125,111.3105697631836,0.2456862201200998,-6.096192012473378,400.5442176870748,-12.744301603248704,0.8273857299775186
13-positive-sample-000-seed-513,13,dry_reverberant,positive,positive,0,513,3.5,50,4.0,a dry basketball bounce once in a padded room,/outputs/dry-reverberant-v1/13/positive/13-positive-sample-000-seed-513.wav,ok,,44100,3.5,-19.2484814100273,0.0,0.001354065490886569,0.0035827665124088526,1049.964111328125,1038.647216796875,189.68252563476562,2208.86474609375,2239.453125,4570.244140625,4629.638671875,2838536.75,3758.873046875,2874521.5,0.0013242291285730228,-28.780368633362933,0.0013076517419942763,0.5652967095375061,0.40721595287323,13.346982955932617,0.8517555594444275,6,1.7142857142857142,469.0430839002267,528.2539682539683,8.707482993197278,4.353741496598639,0.0,6,1628.3297119140625,206.76513671875,0.8873272752780083,271.38828802108765,94208,2.136235827664399,257.1233215332031,283.245361328125,286.3939514160156,293.3452453613281,0.7172275117380332,0.714084147021018,0.7071445175745267,0.7162690313650972,0.7110550321895244,203.063720703125,39.01751708984375,5.204424470053796,7.163727101578717,156.73469387755102,-92.75014578582417,0.5294997891791812
13-negative-sample-000-seed-513,13,dry_reverberant,negative,negative,0,513,3.5,50,4.0,a reverberant basketball bounce once in a gym,/outputs/dry-reverberant-v1/13/negative/13-negative-sample-000-seed-513.wav,ok,,44100,3.5,-15.661143137743522,0.0,0.0003498542355373502,0.03626174107193947,1342.547607421875,1236.945068359375,1088.3670654296875,2905.3427734375,2648.583984375,4948.9287109375,4651.171875,6298484.0,18418.3046875,6444897.5,0.002924244101834664,-25.339863773862,0.0028578118872332726,0.5439488291740417,0.44508469104766846,11.181225776672363,0.8603135347366333,4,1.1428571428571428,1012.003023431595,684.9886621315193,272.8344671201814,0.0,0.0,4,1958.327392578125,2233.393798828125,0.4671893246604839,551.8156704604626,36864,0.8359183673469388,416.53717041015625,1398.32568359375,1987.970703125,2574.067626953125,0.6610808596120179,0.5181656336737351,0.37611049550878556,0.6383810514882211,0.43734614133322064,277.003662109375,1858.057373046875,0.14908240516553026,-8.265736093331974,301.85941043083903,-10.8689407878846,0.6486622659312546
14-positive-sample-000-seed-514,14,dry_reverberant,positive,positive,0,514,3.5,50,4.0,a dry chair scrape briefly in a small room,/outputs/dry-reverberant-v1/14/positive/14-positive-sample-000-seed-514.wav,ok,,44100,3.5,-34.218720516125664,-3.7937609928097533,0.0,0.04502105712890625,2302.630859375,2502.458984375,509.63671875,4841.40576171875,5340.234375,6544.0966796875,6912.158203125,73099.859375,1134.3302001953125,89753.84375,0.015517542850202131,-18.091770466784673,0.012638235342375657,0.5923470258712769,0.43522095680236816,10.489640235900879,0.9216110706329346,7,2.0,409.2517006802721,179.9546485260771,0.0,5.804988662131519,0.0,7,57.858116149902344,0.5717086791992188,0.9902154647755426,8.265445030693497,65536,1.486077097505669,5.916093826293945,26.757675170898438,51.80400085449219,56.252662658691406,0.5265230194786434,0.08332847044506954,0.0046093599388278466,0.5200455510596855,0.005073153863955951,5.398371696472168,50.354576110839844,0.10720717188819824,-9.697761604708248,116.09977324263039,-14.005757278275704,0.47609734845653734
14-negative-sample-000-seed-514,14,dry_reverberant,negative,negative,0,514,3.5,50,4.0,a reverberant chair scrape briefly in an empty auditorium,/outputs/dry-reverberant-v1/14/negative/14-negative-sample-000-seed-514.wav,ok,,44100,3.5,-34.05534586567119,-6.372215782532116,0.0,0.0068156784400343895,1538.3502197265625,1553.9195556640625,166.14874267578125,3259.71337890625,3316.11328125,5511.50146484375,5641.69921875,84399.078125,538.3081665039062,93438.609375,0.006378128511150799,-21.953067345252663,0.005761089233932173,0.4992203712463379,0.4522840082645416,4.537064552307129,0.7244037389755249,8,2.2857142857142856,471.86264982183354,284.44444444444446,269.9319727891156,60.95238095238095,0.0,8,44.882164001464844,15.78756332397461,0.739778567995068,5.610269878059626,72448,1.6428117913832199,19.168182373046875,26.062705993652344,33.83244705200195,36.504615783691406,0.3952813110361665,0.21500427903162977,0.15300341641000886,0.3695113088313743,0.1871100732980549,14.845937728881836,16.860645294189453,0.8805082765128848,-0.5526655744005253,539.8639455782312,-5.934401874763661,0.36279750206218764
15-positive-sample-000-seed-515,15,dry_reverberant,positive,positive,0,515,3.5,50,4.0,a dry triangle instrument strike in a studio booth,/outputs/dry-reverberant-v1/15/positive/15-positive-sample-000-seed-515.wav,ok,,44100,3.5,-21.237235806391478,-2.9209704252618716,0.0,0.008040168322622776,1750.8878173828125,1725.96875,261.7401428222656,3295.008056640625,3208.447265625,5423.08740234375,5641.69921875,1704377.375,6703.39599609375,1795382.875,0.00393304680901068,-24.052708848198314,0.003733686050722607,0.4668563902378082,0.3890383243560791,6.981066703796387,0.8922191858291626,10,2.857142857142857,335.39934492315444,81.26984126984127,0.0,63.85487528344672,0.0,10,460.06463623046875,700.8038940429688,0.3963107141185941,46.07928178757429,134400,3.0476190476190474,260.5796203613281,685.940185546875,901.701171875,901.701171875,0.2392821403120404,0.0,0.0,0.16394128611067188,0.0,77.92520141601562,704.9169921875,0.11054521635830904,-9.564600459766227,383.1292517006803,-21.306938820891187,0.35479996481069337
15-negative-sample-000-seed-515,15,dry_reverberant,negative,negative,0,515,3.5,50,4.0,a reverberant triangle instrument strike in a cathedral,/outputs/dry-reverberant-v1/15/negative/15-negative-sample-000-seed-515.wav,ok,,44100,3.5,-16.699128945162357,-0.00026507636037961915,6.478781870100647e-05,0.0012698412174358964,946.44140625,899.0872802734375,140.72271728515625,1488.9283447265625,1442.724609375,2370.434814453125,2325.5859375,4933486.5,959.732421875,5074026.5,0.00019453431602072896,-37.11003777660164,0.00018914611933441814,0.4616662859916687,0.4175226092338562,2.3753538131713867,0.7777271866798401,24,6.857142857142857,147.6486246672582,156.73469387755102,200.2721088435374,24.671201814058954,0.0,24,2891.04296875,409.563232421875,0.8759127240697602,143.23811438679695,7424,0.16834467120181407,164.81198120117188,384.81573486328125,680.275634765625,1054.702880859375,0.8815582848695005,0.7906192595023904,0.6753750527319865,0.8604585770426534,0.7272635529283367,67.921142578125,674.359130859375,0.10071954166553532,-9.968862591966769,249.61451247165533,-10.03395697444059,0.8320729217533334
16-positive-sample-000-seed-516,16,dry_reverberant,positive,positive,0,516,3.5,50,4.0,a dry bell rings once in a padded room,/outputs/dry-reverberant-v1/16/positive/16-positive-sample-000-seed-516.wav,ok,,44100,3.5,-16.615832201096378,-3.052942707846109,0.0,0.0006673145690001547,1310.236572265625,1221.235107421875,225.18911743164062,2161.59130859375,2024.12109375,3596.044677734375,3294.580078125,5017581.5,12199.4521484375,5188798.0,0.0024313411049601288,-26.14154107545065,0.0023511133307632134,0.4309895932674408,0.3986721634864807,3.1579158306121826,0.603614091873169,9,2.5714285714285716,412.8798185941043,232.19954648526078,0.0,0.0,0.0,9,1536.0992431640625,1828.4232177734375,0.456557880352518,179.6389857398139,138496,3.140498866213152,161.704345703125,482.9180603027344,604.974853515625,604.974853515625,0.20175517670260862,0.0,0.0,0.08332575826974987,0.0,60.90811538696289,485.82666015625,0.12537005558191025,-9.018061815953416,185.75963718820861,-31.304692252358223,0.32397411790318803
16-negative-sample-000-seed-516,16,dry_reverberant,negative,negative,0,516,3.5,50,4.0,a reverberant bell rings once in a stone church,/outputs/dry-reverberant-v1/16/negative/16-negative-sample-000-seed-516.wav,ok,,44100,3.5,-10.817304174260673,0.0,0.0036022027488797903,0.0004081632650922984,2254.5478515625,2104.890380859375,764.5025024414062,3774.798828125,3725.244140625,5446.33251953125,5167.96875,14200277.0,1574583.25,19821838.0,0.1108839813476878,-9.551311888804534,0.07943679339928013,0.5518908500671387,0.47877997159957886,9.351289749145508,0.9781012535095215,7,2.0,517.6114890400605,293.1519274376417,0.0,0.0,0.0,7,6739.3681640625,6047.8525390625,0.5270393246919952,986.44338117327,66304,1.5034920634920634,1111.8458251953125,2570.984375,4532.59912109375,6760.7177734375,0.6619608210715944,0.40404298729538535,0.11108457405931987,0.6176151738899592,0.20947880199509125,544.0860595703125,4568.6884765625,0.11909020769559782,-9.241239473216316,934.6031746031747,-7.2097279774282335,0.5735589964107572
17-positive-sample-000-seed-517,17,dry_reverberant,positive,positive,0,517,3.5,50,4.0,a dry metal latch clicks shut in a small room,/outputs/dry-reverberant-v1/17/positive/17-positive-sample-000-seed-517.wav,ok,,44100,3.5,-25.293942825482283,0.0,5.8309036830905825e-05,0.012154195457696915,1918.3994140625,1811.5743408203125,381.3748779296875,3819.79052734375,3617.578125,6265.23486328125,6223.095703125,420098.875,78487.5625,700838.875,0.18683116563927957,-7.285506766273539,0.11199088021479973,0.5572950839996338,0.46480754017829895,10.644287109375,1.0691462755203247,8,2.2857142857142856,301.03012633624877,278.6394557823129,298.95691609977325,13.061224489795919,0.0,8,385.37957763671875,70.77532958984375,0.8448436518634422,94.84146821498871,50176,1.1377777777777778,216.54502868652344,357.94464111328125,393.8417053222656,400.8769226074219,0.11236348453990226,0.02334540229567558,0.005899344784063555,0.07792301554243536,0.011204737063383615,53.42420196533203,269.4200744628906,0.19829332343492678,-7.026919083069703,406.3492063492063,-12.169704051860904,0.30788265533841347
17-negative-sample-000-seed-517,17,dry_reverberant,negative,negative,0,517,3.5,50,4.0,a reverberant metal latch clicks shut in a long tunnel,/outputs/dry-reverberant-v1/17/negative/17-negative-sample-000-seed-517.wav,ok,,44100,3.5,-23.096455640534206,0.0,6.478781870100647e-05,0.5177324414253235,2570.788818359375,1438.1759033203125,3485.6611328125,4952.779296875,2411.71875,6478.35693359375,5598.6328125,935977.1875,151352.203125,1163032.75,0.16170501284252722,-7.912765167905458,0.13013580496765892,0.33856290578842163,0.0,10.591143608093262,0.9152205586433411,6,1.7142857142857142,255.41950113378684,174.14965986394557,211.88208616780045,5.804988662131519,0.0,6,583.0352172851562,173.55548095703125,0.7706084923324348,123.84142192204793,80128,1.8169614512471655,5.766539573669434,334.0659484863281,547.60791015625,722.9495849609375,0.5583747739966938,0.2760787119247768,0.0442822454513708,0.4841863445268309,0.09838377378561751,3.6712276935577393,633.457275390625,0.005795541129895234,-22.36906007714929,1102.9478458049887,-13.396182055740182,0.5256026573129525
18-positive-sample-000-seed-518,18,dry_reverberant,positive,positive,0,518,3.5,50,4.0,a dry tennis ball hit in a damped practice room,/outputs/dry-reverberant-v1/18/positive/18-positive-sample-000-seed-518.wav,ok,,44100,3.5,-23.317572292569366,0.0,0.00018788468150887638,0.0016650470206514,1141.9566650390625,1096.71875,241.8753662109375,2251.574462890625,2174.853515625,5465.65478515625,5555.56640625,1080951.25,5986.6005859375,1111580.375,0.005538270653683504,-22.566258242262244,0.00538566595864694,0.5590878129005432,0.4614020586013794,10.441791534423828,0.7157955765724182,4,1.1428571428571428,907.5132275132274,783.6734693877551,0.0,0.0,0.0,4,486.7717590332031,232.26223754882812,0.6769801724912872,121.69294047355652,21248,0.4818140589569161,56.15955352783203,71.66123962402344,87.94330596923828,119.90164184570312,0.8789291789055133,0.85142068582913,0.7974275091633449,0.8739322750307937,0.8255613112722162,43.93602752685547,44.62730407714844,0.9845100087359536,-0.06779864374313488,214.7845804988662,-40.23934104841423,0.7344654369008161
18-negative-sample-000-seed-518,18,dry_reverberant,negative,negative,0,518,3.5,50,4.0,a reverberant tennis ball hit inside an indoor court,/outputs/dry-reverberant-v1/18/negative/18-negative-sample-000-seed-518.wav,ok,,44100,3.5,-20.246055645156794,0.0,0.00016844832862261683,0.0011726595694199204,985.8125,928.497802734375,245.34214782714844,1874.600830078125,1808.7890625,4088.955810546875,3639.111328125,2200167.75,9233.2470703125,2249542.5,0.004196610494955441,-23.771013376127897,0.004104499946239069,0.5508051514625549,0.44158363342285156,8.977581977844238,0.7842885851860046,4,1.1428571428571428,907.5132275132274,789.4784580498866,0.0,0.0,0.0,4,828.7686767578125,629.7135009765625,0.5682405238884938,207.19217109680176,88576,2.0085260770975055,125.45850372314453,177.6097869873047,313.64599609375,433.36285400390625,0.7938238993835462,0.6359079815620768,0.49693625896754373,0.7729030433286094,0.5581618021427589,79.65204620361328,244.91224670410156,0.3252268813647666,-4.878135653353476,284.44444444444446,-34.82428075186908,0.6952175392065363
19-positive-sample-000-seed-519,19,dry_reverberant,positive,positive,0,519,3.5,50,4.0,a dry metal pan tap once in a kitchen,/outputs/dry-reverberant-v1/19/positive/19-positive-sample-000-seed-519.wav,ok,,44100,3.5,-34.545407651465545,-9.400583062280088,0.0,0.007787495851516724,3113.8203125,3053.95263671875,543.5272216796875,5934.03759765625,5986.23046875,7145.10205078125,7149.0234375,22393.384765625,38523.0703125,83384.78125,1.720287965204568,2.3560115111189517,0.4619916216725699,0.5737775564193726,0.4560961425304413,4.552380084991455,1.2642056941986084,22,6.285714285714286,157.84040600367132,156.73469387755102,11.609977324263038,24.671201814058957,0.0,22,51.291770935058594,2.9040603637695312,0.946415429117473,2.761708836663853,68864,1.5615419501133787,11.580284118652344,13.184679985046387,25.70993423461914,37.28559494018555,0.6873844804077415,0.39040432705244427,0.11593940860300153,0.5864743431748752,0.19836500912398444,9.736005783081055,18.339632034301758,0.530872471425337,-2.750097945647461,864.9433106575964,-5.639834474609146,0.47935387608868857
19-negative-sample-000-seed-519,19,dry_reverberant,negative,negative,0,519,3.5,50,4.0,a reverberant metal pan tap once in an empty hall,/outputs/dry-reverberant-v1/19/negative/19-negative-sample-000-seed-519.wav,ok,,44100,3.5,-33.680655522539276,-16.353953215839265,0.0,0.004211208317428827,1507.1461181640625,1484.2603759765625,225.47406005859375,3107.127197265625,3143.84765625,5850.89892578125,5921.630859375,98536.6484375,820.4807739257812,102051.328125,0.00832665598978838,-20.795293775565213,0.00803988335086434,0.5056573152542114,0.48863065242767334,2.45849609375,0.6949596405029297,18,5.142857142857143,202.83313325330133,174.14965986394557,127.70975056689343,134.96598639455783,0.0,18,39.29047393798828,26.84600830078125,0.5940817020799454,2.468461023436652,134400,3.0476190476190474,3.807138204574585,7.330185890197754,11.781207084655762,11.781207084655762,0.37780684828280525,0.0,0.0,0.2393086294392411,0.0,2.2114169597625732,8.611366271972656,0.25680210200326214,-5.904014257562935,400.5442176870748,-6.4676457459383085,0.34499294848765344
20-positive-sample-000-seed-520,20,dry_reverberant,positive,positive,0,520,3.5,50,4.0,a dry single cough in a carpeted room,/outputs/dry-reverberant-v1/20/positive/20-positive-sample-000-seed-520.wav,ok,,44100,3.5,-52.88142234819874,-33.102238567774485,0.0,0.05758989229798317,2682.862060546875,2780.310302734375,372.438720703125,5386.58056640625,5534.033203125,6941.107421875,6998.291015625,1109.524658203125,45.09335708618164,1224.6932373046875,0.0406420504067123,-13.910243898516494,0.03682012418507624,0.5164803862571716,0.49291089177131653,2.000185489654541,0.74478679895401,37,10.571428571428571,94.4923154446964,81.26984126984127,150.92970521541952,60.95238095238095,0.0,37,0.7783374190330505,0.016657471656799316,0.9790470708027508,0.03938571416546364,1280,0.029024943310657598,0.003710224526003003,0.012680694460868835,0.1957084834575653,0.2352275252342224,0.9840387548569238,0.7536600517221588,0.7039171245060549,0.8400785960742476,0.7324848018330081,0.0015627210959792137,0.20258305966854095,0.007713977163421666,-21.127216511602327,806.8934240362812,1.0373807106548605,0.8549694902258903
20-negative-sample-000-seed-520,20,dry_reverberant,negative,negative,0,520,3.5,50,4.0,a reverberant single cough in a large stairwell,/outputs/dry-reverberant-v1/20/negative/20-negative-sample-000-seed-520.wav,ok,,44100,3.5,-25.65936490788621,-7.952970539247806,0.0,0.0017492711776867509,1090.90869140625,1092.2916259765625,131.34954833984375,1773.49462890625,1787.255859375,3261.424560546875,3229.98046875,639265.125,291.83782958984375,646370.875,0.0004565208051821124,-33.40539425424551,0.000451502134265941,0.48790857195854187,0.4821925759315491,1.0013056993484497,0.659503161907196,51,14.571428571428571,68.49886621315193,60.952380952380956,261.2244897959184,66.75736961451247,0.0,51,410.5606994628906,8.783111572265625,0.9790551062370889,15.266879848405427,14336,0.3250793650793651,7.854482173919678,16.784757614135742,31.32349395751953,66.80179595947266,0.9580529639255063,0.92171908686085,0.8330549087284893,0.9508551336849944,0.8894382554796921,5.084667205810547,31.89221954345703,0.15943284219783038,-7.974222116969603,185.75963718820861,-24.18254834130085,0.9009280171665167
