status,error,pair_id,site,stack,block,direction,source_side,target_side,alpha,suffix_tokens,patched_onset_strength_max,target_baseline_onset_strength_max,source_baseline_onset_strength_max,patched_spectral_centroid_mean_hz,target_baseline_spectral_centroid_mean_hz,source_baseline_spectral_centroid_mean_hz,patched_decay_time_to_minus_20db_ms,target_baseline_decay_time_to_minus_20db_ms,source_baseline_decay_time_to_minus_20db_ms,patched_high_to_low_db,target_baseline_high_to_low_db,source_baseline_high_to_low_db,patched_tail_energy_fraction_500ms,target_baseline_tail_energy_fraction_500ms,source_baseline_tail_energy_fraction_500ms
ok,,01,transformer.transformer_blocks.3,dual,3,sustained_to_percussive,positive,negative,1.0,,19.928905487060547,3.917818307876587,21.122295379638672,1941.0411376953125,1128.289794921875,2099.648681640625,87.07482993197279,505.0340136054422,87.07482993197279,-12.858670045138691,-30.85247434664129,-11.125283313310186,0.3550392633093153,0.4642366864855378,0.3084411031278086
ok,,01,transformer.transformer_blocks.3,dual,3,percussive_to_sustained,negative,positive,1.0,,5.437264919281006,21.122295379638672,3.917818307876587,1163.7183837890625,2099.648681640625,1128.289794921875,464.39909297052156,87.07482993197279,505.0340136054422,-28.556522021337706,-11.125283313310186,-30.85247434664129,0.46653933245695134,0.3084411031278086,0.4642366864855378
ok,,01,transformer.transformer_blocks.4,dual,4,sustained_to_percussive,positive,negative,1.0,,20.341398239135742,3.917818307876587,21.122295379638672,1979.3907470703125,1128.289794921875,2099.648681640625,87.07482993197279,505.0340136054422,87.07482993197279,-12.599555452493407,-30.85247434664129,-11.125283313310186,0.3354755412925021,0.4642366864855378,0.3084411031278086
ok,,01,transformer.transformer_blocks.4,dual,4,percussive_to_sustained,negative,positive,1.0,,5.13885498046875,21.122295379638672,3.917818307876587,1132.84912109375,2099.648681640625,1128.289794921875,464.39909297052156,87.07482993197279,505.0340136054422,-29.913716915547326,-11.125283313310186,-30.85247434664129,0.4586899510256455,0.3084411031278086,0.4642366864855378
ok,,01,transformer.single_transformer_blocks.8,single,8,sustained_to_percussive,positive,negative,1.0,645,21.54075050354004,3.917818307876587,21.122295379638672,2048.125732421875,1128.289794921875,2099.648681640625,87.07482993197279,505.0340136054422,87.07482993197279,-12.01894430404036,-30.85247434664129,-11.125283313310186,0.3626828748304,0.4642366864855378,0.3084411031278086
ok,,01,transformer.single_transformer_blocks.8,single,8,percussive_to_sustained,negative,positive,1.0,645,4.41402530670166,21.122295379638672,3.917818307876587,1072.6090087890625,2099.648681640625,1128.289794921875,493.42403628117916,87.07482993197279,505.0340136054422,-29.64071012884112,-11.125283313310186,-30.85247434664129,0.44419514969923724,0.3084411031278086,0.4642366864855378
ok,,01,transformer.single_transformer_blocks.14,single,14,sustained_to_percussive,positive,negative,1.0,645,21.38346290588379,3.917818307876587,21.122295379638672,2040.0128173828125,1128.289794921875,2099.648681640625,87.07482993197279,505.0340136054422,87.07482993197279,-11.974799100922144,-30.85247434664129,-11.125283313310186,0.32684712551177775,0.4642366864855378,0.3084411031278086
ok,,01,transformer.single_transformer_blocks.14,single,14,percussive_to_sustained,negative,positive,1.0,645,4.288680553436279,21.122295379638672,3.917818307876587,1090.3447265625,2099.648681640625,1128.289794921875,493.42403628117916,87.07482993197279,505.0340136054422,-30.385222990338896,-11.125283313310186,-30.85247434664129,0.46589068698234787,0.3084411031278086,0.4642366864855378
ok,,01,transformer.single_transformer_blocks.15,single,15,sustained_to_percussive,positive,negative,1.0,645,20.88848304748535,3.917818307876587,21.122295379638672,2021.3143310546875,1128.289794921875,2099.648681640625,87.07482993197279,505.0340136054422,87.07482993197279,-12.006472497396697,-30.85247434664129,-11.125283313310186,0.32926028039726785,0.4642366864855378,0.3084411031278086
ok,,01,transformer.single_transformer_blocks.15,single,15,percussive_to_sustained,negative,positive,1.0,645,4.219047546386719,21.122295379638672,3.917818307876587,1076.9453125,2099.648681640625,1128.289794921875,493.42403628117916,87.07482993197279,505.0340136054422,-31.209967393941017,-11.125283313310186,-30.85247434664129,0.4580299346280508,0.3084411031278086,0.4642366864855378
ok,,02,transformer.transformer_blocks.3,dual,3,sustained_to_percussive,positive,negative,1.0,,5.12518310546875,1.0807329416275024,7.752856254577637,3342.09033203125,1200.6055908203125,3824.651611328125,191.56462585034015,3465.578231292517,249.61451247165533,-12.292213170588182,-39.29767578366653,-8.921022415879246,0.6318270615458759,0.8077477903348771,0.5805149457893479
ok,,02,transformer.transformer_blocks.3,dual,3,percussive_to_sustained,negative,positive,1.0,,1.2372161149978638,7.752856254577637,1.0807329416275024,1189.306884765625,3824.651611328125,1200.6055908203125,3465.578231292517,249.61451247165533,3465.578231292517,-35.11082263167602,-8.921022415879246,-39.29767578366653,0.8349540339592618,0.5805149457893479,0.8077477903348771
ok,,02,transformer.transformer_blocks.4,dual,4,sustained_to_percussive,positive,negative,1.0,,6.3188018798828125,1.0807329416275024,7.752856254577637,3233.818359375,1200.6055908203125,3824.651611328125,197.36961451247166,3465.578231292517,249.61451247165533,-12.261030376156203,-39.29767578366653,-8.921022415879246,0.7242266353690962,0.8077477903348771,0.5805149457893479
ok,,02,transformer.transformer_blocks.4,dual,4,percussive_to_sustained,negative,positive,1.0,,1.5402089357376099,7.752856254577637,1.0807329416275024,1203.2767333984375,3824.651611328125,1200.6055908203125,87.07482993197279,249.61451247165533,3465.578231292517,-34.737986432017664,-8.921022415879246,-39.29767578366653,0.8284432051030203,0.5805149457893479,0.8077477903348771
ok,,02,transformer.single_transformer_blocks.8,single,8,sustained_to_percussive,positive,negative,1.0,645,7.403391361236572,1.0807329416275024,7.752856254577637,3555.136962890625,1200.6055908203125,3824.651611328125,249.61451247165533,3465.578231292517,249.61451247165533,-10.766133171643457,-39.29767578366653,-8.921022415879246,0.5710478228301571,0.8077477903348771,0.5805149457893479
ok,,02,transformer.single_transformer_blocks.8,single,8,percussive_to_sustained,negative,positive,1.0,645,1.2987487316131592,7.752856254577637,1.0807329416275024,1161.1219482421875,3824.651611328125,1200.6055908203125,3465.578231292517,249.61451247165533,3465.578231292517,-36.865713365197934,-8.921022415879246,-39.29767578366653,0.8210942962050045,0.5805149457893479,0.8077477903348771
ok,,02,transformer.single_transformer_blocks.14,single,14,sustained_to_percussive,positive,negative,1.0,645,6.951162815093994,1.0807329416275024,7.752856254577637,3720.244140625,1200.6055908203125,3824.651611328125,278.6394557823129,3465.578231292517,249.61451247165533,-8.978218929781796,-39.29767578366653,-8.921022415879246,0.5565359236453319,0.8077477903348771,0.5805149457893479
ok,,02,transformer.single_transformer_blocks.14,single,14,percussive_to_sustained,negative,positive,1.0,645,1.152923345565796,7.752856254577637,1.0807329416275024,1216.977294921875,3824.651611328125,1200.6055908203125,3465.578231292517,249.61451247165533,3465.578231292517,-37.5101674959712,-8.921022415879246,-39.29767578366653,0.814662834606013,0.5805149457893479,0.8077477903348771
ok,,02,transformer.single_transformer_blocks.15,single,15,sustained_to_percussive,positive,negative,1.0,645,6.867919445037842,1.0807329416275024,7.752856254577637,3725.893310546875,1200.6055908203125,3824.651611328125,278.6394557823129,3465.578231292517,249.61451247165533,-8.239327465775295,-39.29767578366653,-8.921022415879246,0.5627771550098941,0.8077477903348771,0.5805149457893479
ok,,02,transformer.single_transformer_blocks.15,single,15,percussive_to_sustained,negative,positive,1.0,645,1.1744568347930908,7.752856254577637,1.0807329416275024,1178.3072509765625,3824.651611328125,1200.6055908203125,3465.578231292517,249.61451247165533,3465.578231292517,-38.89066184385588,-8.921022415879246,-39.29767578366653,0.8135874864006882,0.5805149457893479,0.8077477903348771
ok,,03,transformer.transformer_blocks.3,dual,3,sustained_to_percussive,positive,negative,1.0,,12.620062828063965,0.8137924671173096,14.190225601196289,2351.14599609375,1552.4002685546875,2484.386962890625,168.34467120181407,1097.142857142857,139.31972789115645,-13.11645134296122,-22.926383946381165,-12.071637205582071,0.0,0.6898415378218197,0.0
ok,,03,transformer.transformer_blocks.3,dual,3,percussive_to_sustained,negative,positive,1.0,,1.203018307685852,14.190225601196289,0.8137924671173096,1871.9619140625,2484.386962890625,1552.4002685546875,1097.142857142857,139.31972789115645,1097.142857142857,-17.698236000216745,-12.071637205582071,-22.926383946381165,0.8371044366438808,0.0,0.6898415378218197
ok,,03,transformer.transformer_blocks.4,dual,4,sustained_to_percussive,positive,negative,1.0,,13.104998588562012,0.8137924671173096,14.190225601196289,2400.323974609375,1552.4002685546875,2484.386962890625,168.34467120181407,1097.142857142857,139.31972789115645,-12.686702981481284,-22.926383946381165,-12.071637205582071,0.0,0.6898415378218197,0.0
ok,,03,transformer.transformer_blocks.4,dual,4,percussive_to_sustained,negative,positive,1.0,,1.0729944705963135,14.190225601196289,0.8137924671173096,1826.660400390625,2484.386962890625,1552.4002685546875,1097.142857142857,139.31972789115645,1097.142857142857,-18.67209784341354,-12.071637205582071,-22.926383946381165,0.8213151206610729,0.0,0.6898415378218197
ok,,03,transformer.single_transformer_blocks.8,single,8,sustained_to_percussive,positive,negative,1.0,645,14.110331535339355,0.8137924671173096,14.190225601196289,2608.559814453125,1552.4002685546875,2484.386962890625,139.31972789115645,1097.142857142857,139.31972789115645,-11.514184236957066,-22.926383946381165,-12.071637205582071,0.7396812001948719,0.6898415378218197,0.0
ok,,03,transformer.single_transformer_blocks.8,single,8,percussive_to_sustained,negative,positive,1.0,645,0.8533144593238831,14.190225601196289,0.8137924671173096,1604.694580078125,2484.386962890625,1552.4002685546875,2780.589569160998,139.31972789115645,1097.142857142857,-21.52633625946563,-12.071637205582071,-22.926383946381165,0.8340449920430402,0.0,0.6898415378218197
ok,,03,transformer.single_transformer_blocks.14,single,14,sustained_to_percussive,positive,negative,1.0,645,14.305346488952637,0.8137924671173096,14.190225601196289,2585.4248046875,1552.4002685546875,2484.386962890625,145.12471655328798,1097.142857142857,139.31972789115645,-11.87955877629464,-22.926383946381165,-12.071637205582071,0.0,0.6898415378218197,0.0
ok,,03,transformer.single_transformer_blocks.14,single,14,percussive_to_sustained,negative,positive,1.0,645,0.7929808497428894,14.190225601196289,0.8137924671173096,1592.731689453125,2484.386962890625,1552.4002685546875,1091.3378684807255,139.31972789115645,1097.142857142857,-21.857330328062353,-12.071637205582071,-22.926383946381165,0.6904891738633184,0.0,0.6898415378218197
ok,,03,transformer.single_transformer_blocks.15,single,15,sustained_to_percussive,positive,negative,1.0,645,14.438590049743652,0.8137924671173096,14.190225601196289,2593.55224609375,1552.4002685546875,2484.386962890625,139.31972789115645,1097.142857142857,139.31972789115645,-11.54114132574871,-22.926383946381165,-12.071637205582071,0.0,0.6898415378218197,0.0
ok,,03,transformer.single_transformer_blocks.15,single,15,percussive_to_sustained,negative,positive,1.0,645,0.8187048435211182,14.190225601196289,0.8137924671173096,1569.0906982421875,2484.386962890625,1552.4002685546875,1091.3378684807255,139.31972789115645,1097.142857142857,-22.38923193575445,-12.071637205582071,-22.926383946381165,0.6904818736454166,0.0,0.6898415378218197
ok,,04,transformer.transformer_blocks.3,dual,3,sustained_to_percussive,positive,negative,1.0,,17.698896408081055,4.695957183837891,19.070756912231445,3468.515625,2801.457763671875,3444.283203125,69.65986394557822,3453.968253968254,69.65986394557822,12.404865356223684,-1.718110998364898,11.477437349411641,0.00036881516252326854,0.5313534678852421,0.00014491065849708666
ok,,04,transformer.transformer_blocks.3,dual,3,percussive_to_sustained,negative,positive,1.0,,4.124811172485352,19.070756912231445,4.695957183837891,2788.011962890625,3444.283203125,2801.457763671875,510.83900226757373,69.65986394557822,3453.968253968254,0.654689137873033,11.477437349411641,-1.718110998364898,0.6179326978809989,0.00014491065849708666,0.5313534678852421
ok,,04,transformer.transformer_blocks.4,dual,4,sustained_to_percussive,positive,negative,1.0,,18.06414222717285,4.695957183837891,19.070756912231445,3456.0537109375,2801.457763671875,3444.283203125,69.65986394557822,3453.968253968254,69.65986394557822,12.06441203292777,-1.718110998364898,11.477437349411641,0.00031718527587198546,0.5313534678852421,0.00014491065849708666
ok,,04,transformer.transformer_blocks.4,dual,4,percussive_to_sustained,negative,positive,1.0,,3.4430785179138184,19.070756912231445,4.695957183837891,2909.4580078125,3444.283203125,2801.457763671875,3372.6984126984125,69.65986394557822,3453.968253968254,0.652881082116059,11.477437349411641,-1.718110998364898,0.46530215059966773,0.00014491065849708666,0.5313534678852421
ok,,04,transformer.single_transformer_blocks.8,single,8,sustained_to_percussive,positive,negative,1.0,645,16.979665756225586,4.695957183837891,19.070756912231445,3391.28564453125,2801.457763671875,3444.283203125,69.65986394557822,3453.968253968254,69.65986394557822,11.515486457678087,-1.718110998364898,11.477437349411641,0.000360400592424633,0.5313534678852421,0.00014491065849708666
ok,,04,transformer.single_transformer_blocks.8,single,8,percussive_to_sustained,negative,positive,1.0,645,3.843409538269043,19.070756912231445,4.695957183837891,2814.8291015625,3444.283203125,2801.457763671875,1573.1519274376417,69.65986394557822,3453.968253968254,-1.1529892631914211,11.477437349411641,-1.718110998364898,0.5958527848204028,0.00014491065849708666,0.5313534678852421
ok,,04,transformer.single_transformer_blocks.14,single,14,sustained_to_percussive,positive,negative,1.0,645,17.619050979614258,4.695957183837891,19.070756912231445,3400.6015625,2801.457763671875,3444.283203125,69.65986394557822,3453.968253968254,69.65986394557822,12.166490416254351,-1.718110998364898,11.477437349411641,0.00018338842375848754,0.5313534678852421,0.00014491065849708666
ok,,04,transformer.single_transformer_blocks.14,single,14,percussive_to_sustained,negative,positive,1.0,645,4.334081172943115,19.070756912231445,4.695957183837891,2784.4189453125,3444.283203125,2801.457763671875,1555.736961451247,69.65986394557822,3453.968253968254,-1.5903857391434801,11.477437349411641,-1.718110998364898,0.5936327262544947,0.00014491065849708666,0.5313534678852421
ok,,04,transformer.single_transformer_blocks.15,single,15,sustained_to_percussive,positive,negative,1.0,645,17.960397720336914,4.695957183837891,19.070756912231445,3362.4814453125,2801.457763671875,3444.283203125,69.65986394557822,3453.968253968254,69.65986394557822,11.853277833612976,-1.718110998364898,11.477437349411641,0.00018870675143737046,0.5313534678852421,0.00014491065849708666
ok,,04,transformer.single_transformer_blocks.15,single,15,percussive_to_sustained,negative,positive,1.0,645,4.411827564239502,19.070756912231445,4.695957183837891,2767.890625,3444.283203125,2801.457763671875,1555.736961451247,69.65986394557822,3453.968253968254,-1.5653248461418996,11.477437349411641,-1.718110998364898,0.6134885312417901,0.00014491065849708666,0.5313534678852421
ok,,05,transformer.transformer_blocks.3,dual,3,sustained_to_percussive,positive,negative,1.0,,9.312175750732422,1.8328938484191895,16.668563842773438,3010.442626953125,1026.790283203125,3177.162353515625,87.07482993197279,2403.265306122449,63.85487528344672,-18.508009685052183,-40.58457244895311,-17.68087391683856,0.4522247475330029,0.8773060508819598,0.4961265792943389
ok,,05,transformer.transformer_blocks.3,dual,3,percussive_to_sustained,negative,positive,1.0,,3.391270637512207,16.668563842773438,1.8328938484191895,1002.6810913085938,3177.162353515625,1026.790283203125,388.93424036281175,63.85487528344672,2403.265306122449,-37.56455653295548,-17.68087391683856,-40.58457244895311,0.0,0.4961265792943389,0.8773060508819598
ok,,05,transformer.transformer_blocks.4,dual,4,sustained_to_percussive,positive,negative,1.0,,9.860145568847656,1.8328938484191895,16.668563842773438,3080.205810546875,1026.790283203125,3177.162353515625,87.07482993197279,2403.265306122449,63.85487528344672,-17.978096854379068,-40.58457244895311,-17.68087391683856,0.47454250385194535,0.8773060508819598,0.4961265792943389
ok,,05,transformer.transformer_blocks.4,dual,4,percussive_to_sustained,negative,positive,1.0,,3.2606425285339355,16.668563842773438,1.8328938484191895,983.9443359375,3177.162353515625,1026.790283203125,388.93424036281175,63.85487528344672,2403.265306122449,-38.919799808530186,-17.68087391683856,-40.58457244895311,0.0,0.4961265792943389,0.8773060508819598
ok,,05,transformer.single_transformer_blocks.8,single,8,sustained_to_percussive,positive,negative,1.0,645,13.053474426269531,1.8328938484191895,16.668563842773438,3209.287353515625,1026.790283203125,3177.162353515625,69.65986394557822,2403.265306122449,63.85487528344672,-19.728135904484063,-40.58457244895311,-17.68087391683856,0.5158773746358827,0.8773060508819598,0.4961265792943389
ok,,05,transformer.single_transformer_blocks.8,single,8,percussive_to_sustained,negative,positive,1.0,645,2.3704159259796143,16.668563842773438,1.8328938484191895,1062.0506591796875,3177.162353515625,1026.790283203125,2403.265306122449,63.85487528344672,2403.265306122449,-37.508098263344685,-17.68087391683856,-40.58457244895311,0.8786081056724327,0.4961265792943389,0.8773060508819598
ok,,05,transformer.single_transformer_blocks.14,single,14,sustained_to_percussive,positive,negative,1.0,645,14.940963745117188,1.8328938484191895,16.668563842773438,3204.58740234375,1026.790283203125,3177.162353515625,69.65986394557822,2403.265306122449,63.85487528344672,-18.500472580433627,-40.58457244895311,-17.68087391683856,0.5230372933160233,0.8773060508819598,0.4961265792943389
ok,,05,transformer.single_transformer_blocks.14,single,14,percussive_to_sustained,negative,positive,1.0,645,2.112292766571045,16.668563842773438,1.8328938484191895,1102.6622314453125,3177.162353515625,1026.790283203125,2403.265306122449,63.85487528344672,2403.265306122449,-37.50711261584407,-17.68087391683856,-40.58457244895311,0.8733176251785698,0.4961265792943389,0.8773060508819598
ok,,05,transformer.single_transformer_blocks.15,single,15,sustained_to_percussive,positive,negative,1.0,645,14.578917503356934,1.8328938484191895,16.668563842773438,3177.73779296875,1026.790283203125,3177.162353515625,69.65986394557822,2403.265306122449,63.85487528344672,-19.195236347462053,-40.58457244895311,-17.68087391683856,0.48703521885271434,0.8773060508819598,0.4961265792943389
ok,,05,transformer.single_transformer_blocks.15,single,15,percussive_to_sustained,negative,positive,1.0,645,1.992772102355957,16.668563842773438,1.8328938484191895,1057.478759765625,3177.162353515625,1026.790283203125,2403.265306122449,63.85487528344672,2403.265306122449,-39.7910507445017,-17.68087391683856,-40.58457244895311,0.8734477367544603,0.4961265792943389,0.8773060508819598
ok,,06,transformer.transformer_blocks.3,dual,3,sustained_to_percussive,positive,negative,1.0,,11.567558288574219,2.0912392139434814,14.67015266418457,1649.13623046875,1226.45654296875,1619.572021484375,104.48979591836735,1625.3968253968253,69.65986394557822,-23.915411900444976,-32.28441045352142,-20.53443915893718,0.6667557476075606,0.8633628260854966,0.6123442470922569
ok,,06,transformer.transformer_blocks.3,dual,3,percussive_to_sustained,negative,positive,1.0,,2.4160959720611572,14.67015266418457,2.0912392139434814,1239.3297119140625,1619.572021484375,1226.45654296875,330.8843537414966,69.65986394557822,1625.3968253968253,-31.369080224186902,-20.53443915893718,-32.28441045352142,0.8025858609860144,0.6123442470922569,0.8633628260854966
ok,,06,transformer.transformer_blocks.4,dual,4,sustained_to_percussive,positive,negative,1.0,,13.38367748260498,2.0912392139434814,14.67015266418457,1666.2071533203125,1226.45654296875,1619.572021484375,104.48979591836735,1625.3968253968253,69.65986394557822,-22.879352590007088,-32.28441045352142,-20.53443915893718,0.6375010171550728,0.8633628260854966,0.6123442470922569
ok,,06,transformer.transformer_blocks.4,dual,4,percussive_to_sustained,negative,positive,1.0,,2.481473922729492,14.67015266418457,2.0912392139434814,1216.46630859375,1619.572021484375,1226.45654296875,330.8843537414966,69.65986394557822,1625.3968253968253,-32.17516367872975,-20.53443915893718,-32.28441045352142,0.8120924905207727,0.6123442470922569,0.8633628260854966
ok,,06,transformer.single_transformer_blocks.8,single,8,sustained_to_percussive,positive,negative,1.0,645,16.65802764892578,2.0912392139434814,14.67015266418457,1688.7850341796875,1226.45654296875,1619.572021484375,110.29478458049887,1625.3968253968253,69.65986394557822,-20.69234384016844,-32.28441045352142,-20.53443915893718,0.6712841681177234,0.8633628260854966,0.6123442470922569
ok,,06,transformer.single_transformer_blocks.8,single,8,percussive_to_sustained,negative,positive,1.0,645,2.081491231918335,14.67015266418457,2.0912392139434814,1251.310791015625,1619.572021484375,1226.45654296875,1619.591836734694,69.65986394557822,1625.3968253968253,-34.004266513254024,-20.53443915893718,-32.28441045352142,0.7619507012589468,0.6123442470922569,0.8633628260854966
ok,,06,transformer.single_transformer_blocks.14,single,14,sustained_to_percussive,positive,negative,1.0,645,16.184417724609375,2.0912392139434814,14.67015266418457,1658.13330078125,1226.45654296875,1619.572021484375,104.48979591836735,1625.3968253968253,69.65986394557822,-19.838207369169353,-32.28441045352142,-20.53443915893718,0.6191437364900176,0.8633628260854966,0.6123442470922569
ok,,06,transformer.single_transformer_blocks.14,single,14,percussive_to_sustained,negative,positive,1.0,645,2.105041027069092,14.67015266418457,2.0912392139434814,1237.74951171875,1619.572021484375,1226.45654296875,1619.591836734694,69.65986394557822,1625.3968253968253,-31.960158854644128,-20.53443915893718,-32.28441045352142,0.8621515697643148,0.6123442470922569,0.8633628260854966
ok,,06,transformer.single_transformer_blocks.15,single,15,sustained_to_percussive,positive,negative,1.0,645,15.415753364562988,2.0912392139434814,14.67015266418457,1661.4019775390625,1226.45654296875,1619.572021484375,104.48979591836735,1625.3968253968253,69.65986394557822,-20.45906797451858,-32.28441045352142,-20.53443915893718,0.6304094420810519,0.8633628260854966,0.6123442470922569
ok,,06,transformer.single_transformer_blocks.15,single,15,percussive_to_sustained,negative,positive,1.0,645,2.069664478302002,14.67015266418457,2.0912392139434814,1241.8265380859375,1619.572021484375,1226.45654296875,1619.591836734694,69.65986394557822,1625.3968253968253,-31.8592786216481,-20.53443915893718,-32.28441045352142,0.861076996103415,0.6123442470922569,0.8633628260854966
ok,,07,transformer.transformer_blocks.3,dual,3,sustained_to_percussive,positive,negative,1.0,,9.997626304626465,1.2655484676361084,12.214615821838379,2155.14453125,855.1370239257812,2513.907958984375,133.51473922902494,3198.548752834467,29.024943310657598,-17.104080348469207,-38.609923401640735,-14.975501265531062,0.025375522820758535,0.7586094359996978,0.21735871641776236
ok,,07,transformer.transformer_blocks.3,dual,3,percussive_to_sustained,negative,positive,1.0,,2.663008451461792,12.214615821838379,1.2655484676361084,892.224853515625,2513.907958984375,855.1370239257812,69.65986394557822,29.024943310657598,3198.548752834467,-33.55147822627941,-14.975501265531062,-38.609923401640735,0.0,0.21735871641776236,0.7586094359996978
ok,,07,transformer.transformer_blocks.4,dual,4,sustained_to_percussive,positive,negative,1.0,,10.616988182067871,1.2655484676361084,12.214615821838379,2140.503173828125,855.1370239257812,2513.907958984375,133.51473922902494,3198.548752834467,29.024943310657598,-16.81159447660024,-38.609923401640735,-14.975501265531062,0.027630097443249988,0.7586094359996978,0.21735871641776236
ok,,07,transformer.transformer_blocks.4,dual,4,percussive_to_sustained,negative,positive,1.0,,2.51132869720459,12.214615821838379,1.2655484676361084,905.5825805664062,2513.907958984375,855.1370239257812,69.65986394557822,29.024943310657598,3198.548752834467,-33.48502932544935,-14.975501265531062,-38.609923401640735,0.0,0.21735871641776236,0.7586094359996978
ok,,07,transformer.single_transformer_blocks.8,single,8,sustained_to_percussive,positive,negative,1.0,645,12.835172653198242,1.2655484676361084,12.214615821838379,2441.04248046875,855.1370239257812,2513.907958984375,52.244897959183675,3198.548752834467,29.024943310657598,-15.977910160094703,-38.609923401640735,-14.975501265531062,0.1766859775590023,0.7586094359996978,0.21735871641776236
ok,,07,transformer.single_transformer_blocks.8,single,8,percussive_to_sustained,negative,positive,1.0,645,1.437745213508606,12.214615821838379,1.2655484676361084,917.0689086914062,2513.907958984375,855.1370239257812,69.65986394557822,29.024943310657598,3198.548752834467,-35.76546433320559,-14.975501265531062,-38.609923401640735,0.0,0.21735871641776236,0.7586094359996978
ok,,07,transformer.single_transformer_blocks.14,single,14,sustained_to_percussive,positive,negative,1.0,645,13.511818885803223,1.2655484676361084,12.214615821838379,2455.94775390625,855.1370239257812,2513.907958984375,34.82993197278911,3198.548752834467,29.024943310657598,-15.169315422339318,-38.609923401640735,-14.975501265531062,0.19952022932293711,0.7586094359996978,0.21735871641776236
ok,,07,transformer.single_transformer_blocks.14,single,14,percussive_to_sustained,negative,positive,1.0,645,1.3642207384109497,12.214615821838379,1.2655484676361084,902.9688720703125,2513.907958984375,855.1370239257812,63.85487528344672,29.024943310657598,3198.548752834467,-35.02465440778979,-14.975501265531062,-38.609923401640735,0.0,0.21735871641776236,0.7586094359996978
ok,,07,transformer.single_transformer_blocks.15,single,15,sustained_to_percussive,positive,negative,1.0,645,12.594278335571289,1.2655484676361084,12.214615821838379,2436.69384765625,855.1370239257812,2513.907958984375,34.82993197278911,3198.548752834467,29.024943310657598,-15.331303535912005,-38.609923401640735,-14.975501265531062,0.20737865656205914,0.7586094359996978,0.21735871641776236
ok,,07,transformer.single_transformer_blocks.15,single,15,percussive_to_sustained,negative,positive,1.0,645,1.332653284072876,12.214615821838379,1.2655484676361084,914.4910278320312,2513.907958984375,855.1370239257812,63.85487528344672,29.024943310657598,3198.548752834467,-34.71884701944831,-14.975501265531062,-38.609923401640735,0.0,0.21735871641776236,0.7586094359996978
ok,,08,transformer.transformer_blocks.3,dual,3,sustained_to_percussive,positive,negative,1.0,,12.843949317932129,4.021300315856934,16.064218521118164,3221.1103515625,1220.273681640625,2931.2958984375,11.609977324263038,17.414965986394556,23.219954648526077,5.625964915661394,-62.54924845270436,3.977437396675069,0.0,0.0,0.0
ok,,08,transformer.transformer_blocks.3,dual,3,percussive_to_sustained,negative,positive,1.0,,3.289808750152588,16.064218521118164,4.021300315856934,1039.858154296875,2931.2958984375,1220.273681640625,58.049886621315196,23.219954648526077,17.414965986394556,-50.66961825023086,3.977437396675069,-62.54924845270436,0.0,0.0,0.0
ok,,08,transformer.transformer_blocks.4,dual,4,sustained_to_percussive,positive,negative,1.0,,13.5823392868042,4.021300315856934,16.064218521118164,3247.57861328125,1220.273681640625,2931.2958984375,11.609977324263038,17.414965986394556,23.219954648526077,5.740464529231516,-62.54924845270436,3.977437396675069,0.0,0.0,0.0
ok,,08,transformer.transformer_blocks.4,dual,4,percussive_to_sustained,negative,positive,1.0,,2.8510565757751465,16.064218521118164,4.021300315856934,1076.410888671875,2931.2958984375,1220.273681640625,23.219954648526077,23.219954648526077,17.414965986394556,-52.208938756631014,3.977437396675069,-62.54924845270436,0.0,0.0,0.0
ok,,08,transformer.single_transformer_blocks.8,single,8,sustained_to_percussive,positive,negative,1.0,645,14.094661712646484,4.021300315856934,16.064218521118164,3179.942138671875,1220.273681640625,2931.2958984375,11.609977324263038,17.414965986394556,23.219954648526077,5.484522140666597,-62.54924845270436,3.977437396675069,0.0,0.0,0.0
ok,,08,transformer.single_transformer_blocks.8,single,8,percussive_to_sustained,negative,positive,1.0,645,2.9242982864379883,16.064218521118164,4.021300315856934,1201.9266357421875,2931.2958984375,1220.273681640625,23.219954648526077,23.219954648526077,17.414965986394556,-59.718291800193555,3.977437396675069,-62.54924845270436,0.0,0.0,0.0
ok,,08,transformer.single_transformer_blocks.14,single,14,sustained_to_percussive,positive,negative,1.0,645,16.250852584838867,4.021300315856934,16.064218521118164,3133.40234375,1220.273681640625,2931.2958984375,17.414965986394556,17.414965986394556,23.219954648526077,4.576735097817743,-62.54924845270436,3.977437396675069,0.0,0.0,0.0
ok,,08,transformer.single_transformer_blocks.14,single,14,percussive_to_sustained,negative,positive,1.0,645,4.013865947723389,16.064218521118164,4.021300315856934,1158.261474609375,2931.2958984375,1220.273681640625,11.609977324263038,23.219954648526077,17.414965986394556,-57.56406932623633,3.977437396675069,-62.54924845270436,0.0,0.0,0.0
ok,,08,transformer.single_transformer_blocks.15,single,15,sustained_to_percussive,positive,negative,1.0,645,16.49965476989746,4.021300315856934,16.064218521118164,3028.8740234375,1220.273681640625,2931.2958984375,17.414965986394556,17.414965986394556,23.219954648526077,4.568340253673695,-62.54924845270436,3.977437396675069,0.0,0.0,0.0
ok,,08,transformer.single_transformer_blocks.15,single,15,percussive_to_sustained,negative,positive,1.0,645,2.9265341758728027,16.064218521118164,4.021300315856934,1201.3626708984375,2931.2958984375,1220.273681640625,116.09977324263039,23.219954648526077,17.414965986394556,-55.6779668574426,3.977437396675069,-62.54924845270436,0.8412910583126151,0.0,0.0
ok,,09,transformer.transformer_blocks.3,dual,3,sustained_to_percussive,positive,negative,1.0,,8.776678085327148,1.7525416612625122,13.83505630493164,2994.211669921875,1676.92333984375,3226.309326171875,179.95464852607708,1160.9977324263039,139.31972789115645,-12.374862731843692,-31.903696099860053,-11.600914379298676,0.6541407512136426,0.7598495699353945,0.6074156804272353
ok,,09,transformer.transformer_blocks.3,dual,3,percussive_to_sustained,negative,positive,1.0,,4.242040157318115,13.83505630493164,1.7525416612625122,1674.554931640625,3226.309326171875,1676.92333984375,1131.9727891156463,139.31972789115645,1160.9977324263039,-30.958047659302967,-11.600914379298676,-31.903696099860053,0.5902718636348835,0.6074156804272353,0.7598495699353945
ok,,09,transformer.transformer_blocks.4,dual,4,sustained_to_percussive,positive,negative,1.0,,9.80903434753418,1.7525416612625122,13.83505630493164,3030.687744140625,1676.92333984375,3226.309326171875,174.14965986394557,1160.9977324263039,139.31972789115645,-12.559570589584796,-31.903696099860053,-11.600914379298676,0.6609432251089076,0.7598495699353945,0.6074156804272353
ok,,09,transformer.transformer_blocks.4,dual,4,percussive_to_sustained,negative,positive,1.0,,3.504042625427246,13.83505630493164,1.7525416612625122,1645.430908203125,3226.309326171875,1676.92333984375,1149.3877551020407,139.31972789115645,1160.9977324263039,-32.508258309471636,-11.600914379298676,-31.903696099860053,0.5999197574568269,0.6074156804272353,0.7598495699353945
ok,,09,transformer.single_transformer_blocks.8,single,8,sustained_to_percussive,positive,negative,1.0,645,9.682010650634766,1.7525416612625122,13.83505630493164,3076.228515625,1676.92333984375,3226.309326171875,174.14965986394557,1160.9977324263039,139.31972789115645,-11.137901146293972,-31.903696099860053,-11.600914379298676,0.6163301337806644,0.7598495699353945,0.6074156804272353
ok,,09,transformer.single_transformer_blocks.8,single,8,percussive_to_sustained,negative,positive,1.0,645,1.6772493124008179,13.83505630493164,1.7525416612625122,1637.2689208984375,3226.309326171875,1676.92333984375,963.6281179138322,139.31972789115645,1160.9977324263039,-34.68222873602697,-11.600914379298676,-31.903696099860053,0.7652838530488337,0.6074156804272353,0.7598495699353945
ok,,09,transformer.single_transformer_blocks.14,single,14,sustained_to_percussive,positive,negative,1.0,645,12.299928665161133,1.7525416612625122,13.83505630493164,3180.649169921875,1676.92333984375,3226.309326171875,150.92970521541952,1160.9977324263039,139.31972789115645,-12.584013564844811,-31.903696099860053,-11.600914379298676,0.6075136190509911,0.7598495699353945,0.6074156804272353
ok,,09,transformer.single_transformer_blocks.14,single,14,percussive_to_sustained,negative,positive,1.0,645,1.7106233835220337,13.83505630493164,1.7525416612625122,1599.2984619140625,3226.309326171875,1676.92333984375,963.6281179138322,139.31972789115645,1160.9977324263039,-33.96954739640694,-11.600914379298676,-31.903696099860053,0.6287678020594542,0.6074156804272353,0.7598495699353945
ok,,09,transformer.single_transformer_blocks.15,single,15,sustained_to_percussive,positive,negative,1.0,645,12.132622718811035,1.7525416612625122,13.83505630493164,3154.79345703125,1676.92333984375,3226.309326171875,168.34467120181407,1160.9977324263039,139.31972789115645,-12.440913849086687,-31.903696099860053,-11.600914379298676,0.6046573181743178,0.7598495699353945,0.6074156804272353
ok,,09,transformer.single_transformer_blocks.15,single,15,percussive_to_sustained,negative,positive,1.0,645,1.6967263221740723,13.83505630493164,1.7525416612625122,1580.8048095703125,3226.309326171875,1676.92333984375,1149.3877551020407,139.31972789115645,1160.9977324263039,-34.49685186653756,-11.600914379298676,-31.903696099860053,0.7755489500159811,0.6074156804272353,0.7598495699353945
ok,,10,transformer.transformer_blocks.3,dual,3,sustained_to_percussive,positive,negative,1.0,,9.30240249633789,1.8576719760894775,10.766661643981934,2744.78564453125,1130.08837890625,2817.874267578125,127.70975056689343,2072.3809523809523,98.68480725623583,3.401134213497947,-40.36097969618028,5.214766991052141,0.9361049989841419,0.7010129470662914,0.02306686820434045
ok,,10,transformer.transformer_blocks.3,dual,3,percussive_to_sustained,negative,positive,1.0,,2.502650260925293,10.766661643981934,1.8576719760894775,997.5535888671875,2817.874267578125,1130.08837890625,1677.641723356009,98.68480725623583,2072.3809523809523,-38.85577382813885,5.214766991052141,-40.36097969618028,0.7262391390690788,0.02306686820434045,0.7010129470662914
ok,,10,transformer.transformer_blocks.4,dual,4,sustained_to_percussive,positive,negative,1.0,,8.923604965209961,1.8576719760894775,10.766661643981934,2801.487060546875,1130.08837890625,2817.874267578125,133.51473922902494,2072.3809523809523,98.68480725623583,4.04760034721341,-40.36097969618028,5.214766991052141,0.9441473783522486,0.7010129470662914,0.02306686820434045
ok,,10,transformer.transformer_blocks.4,dual,4,percussive_to_sustained,negative,positive,1.0,,2.2428483963012695,10.766661643981934,1.8576719760894775,1017.0570068359375,2817.874267578125,1130.08837890625,1677.641723356009,98.68480725623583,2072.3809523809523,-39.28932041784628,5.214766991052141,-40.36097969618028,0.7206446240030568,0.02306686820434045,0.7010129470662914
ok,,10,transformer.single_transformer_blocks.8,single,8,sustained_to_percussive,positive,negative,1.0,645,10.314587593078613,1.8576719760894775,10.766661643981934,2819.589111328125,1130.08837890625,2817.874267578125,110.29478458049887,2072.3809523809523,98.68480725623583,5.293730042867639,-40.36097969618028,5.214766991052141,0.93500390838514,0.7010129470662914,0.02306686820434045
ok,,10,transformer.single_transformer_blocks.8,single,8,percussive_to_sustained,negative,positive,1.0,645,2.202522039413452,10.766661643981934,1.8576719760894775,1118.98388671875,2817.874267578125,1130.08837890625,638.5487528344671,98.68480725623583,2072.3809523809523,-37.18270010892538,5.214766991052141,-40.36097969618028,0.6404087265876681,0.02306686820434045,0.7010129470662914
ok,,10,transformer.single_transformer_blocks.14,single,14,sustained_to_percussive,positive,negative,1.0,645,11.061996459960938,1.8576719760894775,10.766661643981934,2709.028564453125,1130.08837890625,2817.874267578125,98.68480725623583,2072.3809523809523,98.68480725623583,5.0786489876241125,-40.36097969618028,5.214766991052141,0.022092560406094027,0.7010129470662914,0.02306686820434045
ok,,10,transformer.single_transformer_blocks.14,single,14,percussive_to_sustained,negative,positive,1.0,645,1.9527368545532227,10.766661643981934,1.8576719760894775,1214.713623046875,2817.874267578125,1130.08837890625,1666.031746031746,98.68480725623583,2072.3809523809523,-35.35882426386118,5.214766991052141,-40.36097969618028,0.6609862889829573,0.02306686820434045,0.7010129470662914
ok,,10,transformer.single_transformer_blocks.15,single,15,sustained_to_percussive,positive,negative,1.0,645,10.649022102355957,1.8576719760894775,10.766661643981934,2668.962158203125,1130.08837890625,2817.874267578125,98.68480725623583,2072.3809523809523,98.68480725623583,4.595786412350153,-40.36097969618028,5.214766991052141,0.02572857049926163,0.7010129470662914,0.02306686820434045
ok,,10,transformer.single_transformer_blocks.15,single,15,percussive_to_sustained,negative,positive,1.0,645,2.028182029724121,10.766661643981934,1.8576719760894775,1197.3016357421875,2817.874267578125,1130.08837890625,127.70975056689343,98.68480725623583,2072.3809523809523,-36.11124296621805,5.214766991052141,-40.36097969618028,0.0,0.02306686820434045,0.7010129470662914
ok,,11,transformer.transformer_blocks.3,dual,3,sustained_to_percussive,positive,negative,1.0,,16.332515716552734,0.8253535628318787,17.6877498626709,2389.88232421875,1254.5836181640625,3136.85009765625,87.07482993197279,388.93424036281175,81.26984126984127,-12.11940203525911,-29.68241209491357,-10.612044098749537,0.9888593948177778,0.0813248930095722,0.26387783877045545
ok,,11,transformer.transformer_blocks.3,dual,3,percussive_to_sustained,negative,positive,1.0,,1.5165786743164062,17.6877498626709,0.8253535628318787,1241.1640625,3136.85009765625,1254.5836181640625,679.1836734693878,81.26984126984127,388.93424036281175,-26.352401174569017,-10.612044098749537,-29.68241209491357,0.8194370739132547,0.26387783877045545,0.0813248930095722
ok,,11,transformer.transformer_blocks.4,dual,4,sustained_to_percussive,positive,negative,1.0,,16.785388946533203,0.8253535628318787,17.6877498626709,2493.955078125,1254.5836181640625,3136.85009765625,98.68480725623583,388.93424036281175,81.26984126984127,-11.690092946738446,-29.68241209491357,-10.612044098749537,0.9901763595468119,0.0813248930095722,0.26387783877045545
ok,,11,transformer.transformer_blocks.4,dual,4,percussive_to_sustained,negative,positive,1.0,,1.4796839952468872,17.6877498626709,0.8253535628318787,1237.5906982421875,3136.85009765625,1254.5836181640625,534.0589569160998,81.26984126984127,388.93424036281175,-26.396115215448354,-10.612044098749537,-29.68241209491357,0.07556447570958373,0.26387783877045545,0.0813248930095722
ok,,11,transformer.single_transformer_blocks.8,single,8,sustained_to_percussive,positive,negative,1.0,645,19.147165298461914,0.8253535628318787,17.6877498626709,2863.67236328125,1254.5836181640625,3136.85009765625,87.07482993197279,388.93424036281175,81.26984126984127,-10.556142251053068,-29.68241209491357,-10.612044098749537,0.9849701014444217,0.0813248930095722,0.26387783877045545
ok,,11,transformer.single_transformer_blocks.8,single,8,percussive_to_sustained,negative,positive,1.0,645,1.0761746168136597,17.6877498626709,0.8253535628318787,1220.0994873046875,3136.85009765625,1254.5836181640625,539.8639455782312,81.26984126984127,388.93424036281175,-27.085992248759094,-10.612044098749537,-29.68241209491357,0.08578455403765341,0.26387783877045545,0.0813248930095722
ok,,11,transformer.single_transformer_blocks.14,single,14,sustained_to_percussive,positive,negative,1.0,645,17.773345947265625,0.8253535628318787,17.6877498626709,3031.125244140625,1254.5836181640625,3136.85009765625,81.26984126984127,388.93424036281175,81.26984126984127,-10.59379101230097,-29.68241209491357,-10.612044098749537,0.9863371855664952,0.0813248930095722,0.26387783877045545
ok,,11,transformer.single_transformer_blocks.14,single,14,percussive_to_sustained,negative,positive,1.0,645,0.8822100162506104,17.6877498626709,0.8253535628318787,1217.0159912109375,3136.85009765625,1254.5836181640625,423.7641723356009,81.26984126984127,388.93424036281175,-28.476473948801896,-10.612044098749537,-29.68241209491357,0.07712911777705114,0.26387783877045545,0.0813248930095722
ok,,11,transformer.single_transformer_blocks.15,single,15,sustained_to_percussive,positive,negative,1.0,645,18.194042205810547,0.8253535628318787,17.6877498626709,3065.17578125,1254.5836181640625,3136.85009765625,81.26984126984127,388.93424036281175,81.26984126984127,-10.616575340797636,-29.68241209491357,-10.612044098749537,0.9857505451489859,0.0813248930095722,0.26387783877045545
ok,,11,transformer.single_transformer_blocks.15,single,15,percussive_to_sustained,negative,positive,1.0,645,0.8527994155883789,17.6877498626709,0.8253535628318787,1241.924560546875,3136.85009765625,1254.5836181640625,423.7641723356009,81.26984126984127,388.93424036281175,-28.531060995111055,-10.612044098749537,-29.68241209491357,0.07942732075511799,0.26387783877045545,0.0813248930095722
ok,,12,transformer.transformer_blocks.3,dual,3,sustained_to_percussive,positive,negative,1.0,,2.7186291217803955,1.1573861837387085,2.7888190746307373,3102.0830078125,1245.285400390625,3286.4296875,1166.8027210884352,853.3333333333334,1166.8027210884352,-12.306253480758604,-37.35728525704779,-9.465792689781358,0.4840180219329531,0.9935358986617159,0.48592013043315047
ok,,12,transformer.transformer_blocks.3,dual,3,percussive_to_sustained,negative,positive,1.0,,1.5199270248413086,2.7888190746307373,1.1573861837387085,1334.7608642578125,3286.4296875,1245.285400390625,1515.1020408163265,1166.8027210884352,853.3333333333334,-34.864565306351835,-9.465792689781358,-37.35728525704779,0.9941878335311634,0.48592013043315047,0.9935358986617159
ok,,12,transformer.transformer_blocks.4,dual,4,sustained_to_percussive,positive,negative,1.0,,2.7308712005615234,1.1573861837387085,2.7888190746307373,3132.299560546875,1245.285400390625,3286.4296875,1166.8027210884352,853.3333333333334,1166.8027210884352,-11.671059917664763,-37.35728525704779,-9.465792689781358,0.45711502164096535,0.9935358986617159,0.48592013043315047
ok,,12,transformer.transformer_blocks.4,dual,4,percussive_to_sustained,negative,positive,1.0,,1.381345510482788,2.7888190746307373,1.1573861837387085,1377.915771484375,3286.4296875,1245.285400390625,1520.907029478458,1166.8027210884352,853.3333333333334,-33.78139826525401,-9.465792689781358,-37.35728525704779,0.9936609601007592,0.48592013043315047,0.9935358986617159
ok,,12,transformer.single_transformer_blocks.8,single,8,sustained_to_percussive,positive,negative,1.0,645,2.7750086784362793,1.1573861837387085,2.7888190746307373,3241.954345703125,1245.285400390625,3286.4296875,1166.8027210884352,853.3333333333334,1166.8027210884352,-10.148494610662599,-37.35728525704779,-9.465792689781358,0.4853434807648065,0.9935358986617159,0.48592013043315047
ok,,12,transformer.single_transformer_blocks.8,single,8,percussive_to_sustained,negative,positive,1.0,645,1.2300760746002197,2.7888190746307373,1.1573861837387085,1345.6912841796875,3286.4296875,1245.285400390625,853.3333333333334,1166.8027210884352,853.3333333333334,-34.296528473800684,-9.465792689781358,-37.35728525704779,0.9933194851896286,0.48592013043315047,0.9935358986617159
ok,,12,transformer.single_transformer_blocks.14,single,14,sustained_to_percussive,positive,negative,1.0,645,2.768202543258667,1.1573861837387085,2.7888190746307373,3230.045166015625,1245.285400390625,3286.4296875,1166.8027210884352,853.3333333333334,1166.8027210884352,-10.277580427928948,-37.35728525704779,-9.465792689781358,0.48713627449660285,0.9935358986617159,0.48592013043315047
ok,,12,transformer.single_transformer_blocks.14,single,14,percussive_to_sustained,negative,positive,1.0,645,1.2007646560668945,2.7888190746307373,1.1573861837387085,1336.8182373046875,3286.4296875,1245.285400390625,853.3333333333334,1166.8027210884352,853.3333333333334,-35.053975089516555,-9.465792689781358,-37.35728525704779,0.9934427450051755,0.48592013043315047,0.9935358986617159
ok,,12,transformer.single_transformer_blocks.15,single,15,sustained_to_percussive,positive,negative,1.0,645,2.7818257808685303,1.1573861837387085,2.7888190746307373,3208.18896484375,1245.285400390625,3286.4296875,1166.8027210884352,853.3333333333334,1166.8027210884352,-10.39037613175173,-37.35728525704779,-9.465792689781358,0.49268457114696396,0.9935358986617159,0.48592013043315047
ok,,12,transformer.single_transformer_blocks.15,single,15,percussive_to_sustained,negative,positive,1.0,645,1.1984832286834717,2.7888190746307373,1.1573861837387085,1319.6932373046875,3286.4296875,1245.285400390625,853.3333333333334,1166.8027210884352,853.3333333333334,-35.31286726536662,-9.465792689781358,-37.35728525704779,0.9931457781225088,0.48592013043315047,0.9935358986617159
ok,,13,transformer.transformer_blocks.3,dual,3,sustained_to_percussive,positive,negative,1.0,,6.746910095214844,2.3187406063079834,7.524041652679443,3288.9677734375,1171.96044921875,3489.51708984375,29.024943310657598,981.0430839002267,29.024943310657598,9.561781960197623,-37.835442261780855,13.090175909971563,0.0,0.9877091663727159,0.0
ok,,13,transformer.transformer_blocks.3,dual,3,percussive_to_sustained,negative,positive,1.0,,2.7386555671691895,7.524041652679443,2.3187406063079834,1181.32373046875,3489.51708984375,1171.96044921875,981.0430839002267,29.024943310657598,981.0430839002267,-38.317011653558396,13.090175909971563,-37.835442261780855,0.9741823056396631,0.0,0.9877091663727159
ok,,13,transformer.transformer_blocks.4,dual,4,sustained_to_percussive,positive,negative,1.0,,6.725095272064209,2.3187406063079834,7.524041652679443,3343.91748046875,1171.96044921875,3489.51708984375,29.024943310657598,981.0430839002267,29.024943310657598,10.16303287917118,-37.835442261780855,13.090175909971563,0.0,0.9877091663727159,0.0
ok,,13,transformer.transformer_blocks.4,dual,4,percussive_to_sustained,negative,positive,1.0,,2.510829448699951,7.524041652679443,2.3187406063079834,1202.8641357421875,3489.51708984375,1171.96044921875,975.2380952380952,29.024943310657598,981.0430839002267,-37.26992044057864,13.090175909971563,-37.835442261780855,0.9739148802964861,0.0,0.9877091663727159
ok,,13,transformer.single_transformer_blocks.8,single,8,sustained_to_percussive,positive,negative,1.0,645,7.377517223358154,2.3187406063079834,7.524041652679443,3317.015869140625,1171.96044921875,3489.51708984375,29.024943310657598,981.0430839002267,29.024943310657598,11.271538329123313,-37.835442261780855,13.090175909971563,0.0,0.9877091663727159,0.0
ok,,13,transformer.single_transformer_blocks.8,single,8,percussive_to_sustained,negative,positive,1.0,645,2.321737766265869,7.524041652679443,2.3187406063079834,1169.2916259765625,3489.51708984375,1171.96044921875,981.0430839002267,29.024943310657598,981.0430839002267,-38.49961533753002,13.090175909971563,-37.835442261780855,0.9959067508127507,0.0,0.9877091663727159
ok,,13,transformer.single_transformer_blocks.14,single,14,sustained_to_percussive,positive,negative,1.0,645,7.373554706573486,2.3187406063079834,7.524041652679443,3356.5263671875,1171.96044921875,3489.51708984375,29.024943310657598,981.0430839002267,29.024943310657598,12.120302344911947,-37.835442261780855,13.090175909971563,0.0,0.9877091663727159,0.0
ok,,13,transformer.single_transformer_blocks.14,single,14,percussive_to_sustained,negative,positive,1.0,645,2.2859299182891846,7.524041652679443,2.3187406063079834,1174.027587890625,3489.51708984375,1171.96044921875,963.6281179138322,29.024943310657598,981.0430839002267,-36.48213502090005,13.090175909971563,-37.835442261780855,0.44826563199759634,0.0,0.9877091663727159
ok,,13,transformer.single_transformer_blocks.15,single,15,sustained_to_percussive,positive,negative,1.0,645,7.376221179962158,2.3187406063079834,7.524041652679443,3333.803466796875,1171.96044921875,3489.51708984375,29.024943310657598,981.0430839002267,29.024943310657598,11.957800883796747,-37.835442261780855,13.090175909971563,0.0,0.9877091663727159,0.0
ok,,13,transformer.single_transformer_blocks.15,single,15,percussive_to_sustained,negative,positive,1.0,645,2.1933538913726807,7.524041652679443,2.3187406063079834,1176.019287109375,3489.51708984375,1171.96044921875,963.6281179138322,29.024943310657598,981.0430839002267,-36.338733674662144,13.090175909971563,-37.835442261780855,0.44733968233414306,0.0,0.9877091663727159
ok,,14,transformer.transformer_blocks.3,dual,3,sustained_to_percussive,positive,negative,1.0,,8.262475967407227,1.4234178066253662,9.792276382446289,2822.400146484375,3563.82958984375,2121.9697265625,307.6643990929705,3198.548752834467,139.31972789115645,-6.6449145293882115,-1.9529711409485961,-13.31064510054333,0.7948981184377636,0.8458193463040201,0.8390574221727287
ok,,14,transformer.transformer_blocks.3,dual,3,percussive_to_sustained,negative,positive,1.0,,1.5125858783721924,9.792276382446289,1.4234178066253662,2860.53515625,2121.9697265625,3563.82958984375,847.5283446712018,139.31972789115645,3198.548752834467,-7.456955940567776,-13.31064510054333,-1.9529711409485961,0.8390523087599401,0.8390574221727287,0.8458193463040201
ok,,14,transformer.transformer_blocks.4,dual,4,sustained_to_percussive,positive,negative,1.0,,8.123332023620605,1.4234178066253662,9.792276382446289,2840.4658203125,3563.82958984375,2121.9697265625,307.6643990929705,3198.548752834467,139.31972789115645,-6.576045541184845,-1.9529711409485961,-13.31064510054333,0.7734399968882594,0.8458193463040201,0.8390574221727287
ok,,14,transformer.transformer_blocks.4,dual,4,percussive_to_sustained,negative,positive,1.0,,1.5104314088821411,9.792276382446289,1.4234178066253662,2877.0146484375,2121.9697265625,3563.82958984375,3256.5986394557826,139.31972789115645,3198.548752834467,-7.3961856243115935,-13.31064510054333,-1.9529711409485961,0.8349791724272678,0.8390574221727287,0.8458193463040201
ok,,14,transformer.single_transformer_blocks.8,single,8,sustained_to_percussive,positive,negative,1.0,645,10.406501770019531,1.4234178066253662,9.792276382446289,2495.45166015625,3563.82958984375,2121.9697265625,197.36961451247166,3198.548752834467,139.31972789115645,-9.743738390105113,-1.9529711409485961,-13.31064510054333,0.8264863767059242,0.8458193463040201,0.8390574221727287
ok,,14,transformer.single_transformer_blocks.8,single,8,percussive_to_sustained,negative,positive,1.0,645,1.4925060272216797,9.792276382446289,1.4234178066253662,3241.803466796875,2121.9697265625,3563.82958984375,1253.8775510204082,139.31972789115645,3198.548752834467,-3.946838825720207,-13.31064510054333,-1.9529711409485961,0.8534734508939874,0.8390574221727287,0.8458193463040201
ok,,14,transformer.single_transformer_blocks.14,single,14,sustained_to_percussive,positive,negative,1.0,645,10.127270698547363,1.4234178066253662,9.792276382446289,2385.313720703125,3563.82958984375,2121.9697265625,203.17460317460316,3198.548752834467,139.31972789115645,-10.6153917008413,-1.9529711409485961,-13.31064510054333,0.8255124460618116,0.8458193463040201,0.8390574221727287
ok,,14,transformer.single_transformer_blocks.14,single,14,percussive_to_sustained,negative,positive,1.0,645,1.4702298641204834,9.792276382446289,1.4234178066253662,3308.6494140625,2121.9697265625,3563.82958984375,3198.548752834467,139.31972789115645,3198.548752834467,-3.584822515589269,-13.31064510054333,-1.9529711409485961,0.8433953355517275,0.8390574221727287,0.8458193463040201
ok,,14,transformer.single_transformer_blocks.15,single,15,sustained_to_percussive,positive,negative,1.0,645,9.850476264953613,1.4234178066253662,9.792276382446289,2380.781494140625,3563.82958984375,2121.9697265625,203.17460317460316,3198.548752834467,139.31972789115645,-11.07854215333255,-1.9529711409485961,-13.31064510054333,0.8246003643798766,0.8458193463040201,0.8390574221727287
ok,,14,transformer.single_transformer_blocks.15,single,15,percussive_to_sustained,negative,positive,1.0,645,1.4591690301895142,9.792276382446289,1.4234178066253662,3275.655517578125,2121.9697265625,3563.82958984375,1381.5873015873017,139.31972789115645,3198.548752834467,-3.7607756178771807,-13.31064510054333,-1.9529711409485961,0.8440334869131287,0.8390574221727287,0.8458193463040201
ok,,15,transformer.transformer_blocks.3,dual,3,sustained_to_percussive,positive,negative,1.0,,9.003179550170898,4.256111145019531,11.384744644165039,2254.4765625,2202.238525390625,2417.336181640625,615.328798185941,1892.4263038548752,597.9138321995465,-4.7894854690722335,-12.371590068362,-2.5554019334984313,0.04757485062970321,0.3667952373249824,0.03553754429543114
ok,,15,transformer.transformer_blocks.3,dual,3,percussive_to_sustained,negative,positive,1.0,,6.0958733558654785,11.384744644165039,4.256111145019531,2325.04052734375,2417.336181640625,2202.238525390625,888.1632653061224,597.9138321995465,1892.4263038548752,-6.668208113764712,-2.5554019334984313,-12.371590068362,0.12319463100090318,0.03553754429543114,0.3667952373249824
ok,,15,transformer.transformer_blocks.4,dual,4,sustained_to_percussive,positive,negative,1.0,,9.128524780273438,4.256111145019531,11.384744644165039,2237.660888671875,2202.238525390625,2417.336181640625,621.1337868480725,1892.4263038548752,597.9138321995465,-4.526538464924785,-12.371590068362,-2.5554019334984313,0.04629984551155539,0.3667952373249824,0.03553754429543114
ok,,15,transformer.transformer_blocks.4,dual,4,percussive_to_sustained,negative,positive,1.0,,6.198514461517334,11.384744644165039,4.256111145019531,2319.147216796875,2417.336181640625,2202.238525390625,893.968253968254,597.9138321995465,1892.4263038548752,-7.16406005038936,-2.5554019334984313,-12.371590068362,0.12356893587471442,0.03553754429543114,0.3667952373249824
ok,,15,transformer.single_transformer_blocks.8,single,8,sustained_to_percussive,positive,negative,1.0,645,10.253708839416504,4.256111145019531,11.384744644165039,2407.488525390625,2202.238525390625,2417.336181640625,603.7188208616781,1892.4263038548752,597.9138321995465,-2.817686996142233,-12.371590068362,-2.5554019334984313,0.03483090216232655,0.3667952373249824,0.03553754429543114
ok,,15,transformer.single_transformer_blocks.8,single,8,percussive_to_sustained,negative,positive,1.0,645,5.021820068359375,11.384744644165039,4.256111145019531,2145.037353515625,2417.336181640625,2202.238525390625,1892.4263038548752,597.9138321995465,1892.4263038548752,-11.258269183928853,-2.5554019334984313,-12.371590068362,0.2914658920933628,0.03553754429543114,0.3667952373249824
ok,,15,transformer.single_transformer_blocks.14,single,14,sustained_to_percussive,positive,negative,1.0,645,11.325582504272461,4.256111145019531,11.384744644165039,2411.397705078125,2202.238525390625,2417.336181640625,592.1088435374149,1892.4263038548752,597.9138321995465,-2.603071642299943,-12.371590068362,-2.5554019334984313,0.033897362042709905,0.3667952373249824,0.03553754429543114
ok,,15,transformer.single_transformer_blocks.14,single,14,percussive_to_sustained,negative,positive,1.0,645,4.2533745765686035,11.384744644165039,4.256111145019531,2141.978759765625,2417.336181640625,2202.238525390625,1892.4263038548752,597.9138321995465,1892.4263038548752,-12.247631345319581,-2.5554019334984313,-12.371590068362,0.35854520224137254,0.03553754429543114,0.3667952373249824
ok,,15,transformer.single_transformer_blocks.15,single,15,sustained_to_percussive,positive,negative,1.0,645,10.936067581176758,4.256111145019531,11.384744644165039,2428.807861328125,2202.238525390625,2417.336181640625,597.9138321995465,1892.4263038548752,597.9138321995465,-2.543580412159063,-12.371590068362,-2.5554019334984313,0.035652783223010985,0.3667952373249824,0.03553754429543114
ok,,15,transformer.single_transformer_blocks.15,single,15,percussive_to_sustained,negative,positive,1.0,645,4.297371864318848,11.384744644165039,4.256111145019531,2121.665283203125,2417.336181640625,2202.238525390625,1892.4263038548752,597.9138321995465,1892.4263038548752,-12.539783895977724,-2.5554019334984313,-12.371590068362,0.36100579365286783,0.03553754429543114,0.3667952373249824
ok,,16,transformer.transformer_blocks.3,dual,3,sustained_to_percussive,positive,negative,1.0,,8.331127166748047,2.4335200786590576,6.718482971191406,2898.99658203125,1193.5201416015625,3267.494140625,121.9047619047619,232.19954648526078,133.51473922902494,1.9698733999747113,-32.19215745954764,7.684384468075983,0.8107406263814309,0.7637582784698657,0.9929894322379444
ok,,16,transformer.transformer_blocks.3,dual,3,percussive_to_sustained,negative,positive,1.0,,2.3112175464630127,6.718482971191406,2.4335200786590576,1336.1060791015625,3267.494140625,1193.5201416015625,232.19954648526078,133.51473922902494,232.19954648526078,-27.460448092091298,7.684384468075983,-32.19215745954764,0.7413548268369287,0.9929894322379444,0.7637582784698657
ok,,16,transformer.transformer_blocks.4,dual,4,sustained_to_percussive,positive,negative,1.0,,7.9438090324401855,2.4335200786590576,6.718482971191406,2905.37841796875,1193.5201416015625,3267.494140625,127.70975056689343,232.19954648526078,133.51473922902494,1.9756994599561377,-32.19215745954764,7.684384468075983,0.4131759449606666,0.7637582784698657,0.9929894322379444
ok,,16,transformer.transformer_blocks.4,dual,4,percussive_to_sustained,negative,positive,1.0,,2.223635196685791,6.718482971191406,2.4335200786590576,1385.5855712890625,3267.494140625,1193.5201416015625,232.19954648526078,133.51473922902494,232.19954648526078,-26.990497466359578,7.684384468075983,-32.19215745954764,0.7582822760077952,0.9929894322379444,0.7637582784698657
ok,,16,transformer.single_transformer_blocks.8,single,8,sustained_to_percussive,positive,negative,1.0,645,6.925055027008057,2.4335200786590576,6.718482971191406,3189.423828125,1193.5201416015625,3267.494140625,133.51473922902494,232.19954648526078,133.51473922902494,5.512239972167912,-32.19215745954764,7.684384468075983,0.8937565055192058,0.7637582784698657,0.9929894322379444
ok,,16,transformer.single_transformer_blocks.8,single,8,percussive_to_sustained,negative,positive,1.0,645,2.7437901496887207,6.718482971191406,2.4335200786590576,1243.16455078125,3267.494140625,1193.5201416015625,232.19954648526078,133.51473922902494,232.19954648526078,-30.26237162783834,7.684384468075983,-32.19215745954764,0.7613100551702237,0.9929894322379444,0.7637582784698657
ok,,16,transformer.single_transformer_blocks.14,single,14,sustained_to_percussive,positive,negative,1.0,645,6.994126796722412,2.4335200786590576,6.718482971191406,3315.489990234375,1193.5201416015625,3267.494140625,133.51473922902494,232.19954648526078,133.51473922902494,7.154037306394855,-32.19215745954764,7.684384468075983,0.8887052534609274,0.7637582784698657,0.9929894322379444
ok,,16,transformer.single_transformer_blocks.14,single,14,percussive_to_sustained,negative,positive,1.0,645,2.5776312351226807,6.718482971191406,2.4335200786590576,1205.595703125,3267.494140625,1193.5201416015625,145.12471655328798,133.51473922902494,232.19954648526078,-31.569586906046375,7.684384468075983,-32.19215745954764,0.756707421976375,0.9929894322379444,0.7637582784698657
ok,,16,transformer.single_transformer_blocks.15,single,15,sustained_to_percussive,positive,negative,1.0,645,7.027347564697266,2.4335200786590576,6.718482971191406,3258.0546875,1193.5201416015625,3267.494140625,133.51473922902494,232.19954648526078,133.51473922902494,6.8717210284158625,-32.19215745954764,7.684384468075983,0.8830100971130116,0.7637582784698657,0.9929894322379444
ok,,16,transformer.single_transformer_blocks.15,single,15,percussive_to_sustained,negative,positive,1.0,645,2.551170587539673,6.718482971191406,2.4335200786590576,1195.8228759765625,3267.494140625,1193.5201416015625,232.19954648526078,133.51473922902494,232.19954648526078,-31.801918796027234,7.684384468075983,-32.19215745954764,0.7632044810140028,0.9929894322379444,0.7637582784698657
ok,,17,transformer.transformer_blocks.3,dual,3,sustained_to_percussive,positive,negative,1.0,,9.13769817352295,0.9341158866882324,17.332656860351562,3065.549560546875,1522.774169921875,3356.835693359375,371.51927437641723,934.6031746031747,383.1292517006803,-14.162579025657607,-42.52992160654295,-8.518962105723377,0.005109265733615316,0.16044745119994536,0.004640960146430764
ok,,17,transformer.transformer_blocks.3,dual,3,percussive_to_sustained,negative,positive,1.0,,1.1861268281936646,17.332656860351562,0.9341158866882324,1570.1669921875,3356.835693359375,1522.774169921875,534.0589569160998,383.1292517006803,934.6031746031747,-35.75668989004867,-8.518962105723377,-42.52992160654295,0.01606710261338148,0.004640960146430764,0.16044745119994536
ok,,17,transformer.transformer_blocks.4,dual,4,sustained_to_percussive,positive,negative,1.0,,10.160224914550781,0.9341158866882324,17.332656860351562,3061.590087890625,1522.774169921875,3356.835693359375,377.3242630385488,934.6031746031747,383.1292517006803,-15.086106206215039,-42.52992160654295,-8.518962105723377,0.0038286193143642244,0.16044745119994536,0.004640960146430764
ok,,17,transformer.transformer_blocks.4,dual,4,percussive_to_sustained,negative,positive,1.0,,1.1436855792999268,17.332656860351562,0.9341158866882324,1546.113037109375,3356.835693359375,1522.774169921875,661.7687074829932,383.1292517006803,934.6031746031747,-36.63946546385762,-8.518962105723377,-42.52992160654295,0.12698164636615866,0.004640960146430764,0.16044745119994536
ok,,17,transformer.single_transformer_blocks.8,single,8,sustained_to_percussive,positive,negative,1.0,645,16.136316299438477,0.9341158866882324,17.332656860351562,3233.51416015625,1522.774169921875,3356.835693359375,394.7392290249433,934.6031746031747,383.1292517006803,-10.74964591031213,-42.52992160654295,-8.518962105723377,0.004509065038872263,0.16044745119994536,0.004640960146430764
ok,,17,transformer.single_transformer_blocks.8,single,8,percussive_to_sustained,negative,positive,1.0,645,0.9915704727172852,17.332656860351562,0.9341158866882324,1503.60693359375,3356.835693359375,1522.774169921875,714.0136054421769,383.1292517006803,934.6031746031747,-37.96259915574709,-8.518962105723377,-42.52992160654295,0.0936578806102028,0.004640960146430764,0.16044745119994536
ok,,17,transformer.single_transformer_blocks.14,single,14,sustained_to_percussive,positive,negative,1.0,645,17.504844665527344,0.9341158866882324,17.332656860351562,3259.706298828125,1522.774169921875,3356.835693359375,203.17460317460316,934.6031746031747,383.1292517006803,-9.748117535335185,-42.52992160654295,-8.518962105723377,0.004322205236294527,0.16044745119994536,0.004640960146430764
ok,,17,transformer.single_transformer_blocks.14,single,14,percussive_to_sustained,negative,positive,1.0,645,1.0294537544250488,17.332656860351562,0.9341158866882324,1531.0321044921875,3356.835693359375,1522.774169921875,446.984126984127,383.1292517006803,934.6031746031747,-42.30565958904048,-8.518962105723377,-42.52992160654295,6.260318974205023e-06,0.004640960146430764,0.16044745119994536
ok,,17,transformer.single_transformer_blocks.15,single,15,sustained_to_percussive,positive,negative,1.0,645,17.81583595275879,0.9341158866882324,17.332656860351562,3273.597900390625,1522.774169921875,3356.835693359375,203.17460317460316,934.6031746031747,383.1292517006803,-9.516763167789646,-42.52992160654295,-8.518962105723377,0.005146479553529657,0.16044745119994536,0.004640960146430764
ok,,17,transformer.single_transformer_blocks.15,single,15,percussive_to_sustained,negative,positive,1.0,645,0.9458930492401123,17.332656860351562,0.9341158866882324,1470.4786376953125,3356.835693359375,1522.774169921875,934.6031746031747,383.1292517006803,934.6031746031747,-47.604178541422755,-8.518962105723377,-42.52992160654295,0.1415390898143324,0.004640960146430764,0.16044745119994536
ok,,18,transformer.transformer_blocks.3,dual,3,sustained_to_percussive,positive,negative,1.0,,15.110136032104492,4.942470073699951,15.911871910095215,2287.045166015625,962.900146484375,2727.722412109375,46.439909297052154,174.14965986394557,29.024943310657598,1.2696314056949498,-47.60977002609381,4.797583130241769,0.5330157726101672,0.7171828962706637,0.5413270551180849
ok,,18,transformer.transformer_blocks.3,dual,3,percussive_to_sustained,negative,positive,1.0,,6.565408706665039,15.911871910095215,4.942470073699951,993.0306396484375,2727.722412109375,962.900146484375,255.41950113378687,29.024943310657598,174.14965986394557,-42.257927790801446,4.797583130241769,-47.60977002609381,0.6341813316802135,0.5413270551180849,0.7171828962706637
ok,,18,transformer.transformer_blocks.4,dual,4,sustained_to_percussive,positive,negative,1.0,,15.096328735351562,4.942470073699951,15.911871910095215,2302.541015625,962.900146484375,2727.722412109375,46.439909297052154,174.14965986394557,29.024943310657598,1.450371793457943,-47.60977002609381,4.797583130241769,0.5441577990696347,0.7171828962706637,0.5413270551180849
ok,,18,transformer.transformer_blocks.4,dual,4,percussive_to_sustained,negative,positive,1.0,,6.310580253601074,15.911871910095215,4.942470073699951,981.7354125976562,2727.722412109375,962.900146484375,261.2244897959184,29.024943310657598,174.14965986394557,-43.77414961959502,4.797583130241769,-47.60977002609381,0.621805248919457,0.5413270551180849,0.7171828962706637
ok,,18,transformer.single_transformer_blocks.8,single,8,sustained_to_percussive,positive,negative,1.0,645,14.928757667541504,4.942470073699951,15.911871910095215,2694.2275390625,962.900146484375,2727.722412109375,29.024943310657598,174.14965986394557,29.024943310657598,4.925773388318202,-47.60977002609381,4.797583130241769,0.521864778173195,0.7171828962706637,0.5413270551180849
ok,,18,transformer.single_transformer_blocks.8,single,8,percussive_to_sustained,negative,positive,1.0,645,4.906338691711426,15.911871910095215,4.942470073699951,967.5408935546875,2727.722412109375,962.900146484375,261.2244897959184,29.024943310657598,174.14965986394557,-47.96979440184154,4.797583130241769,-47.60977002609381,0.7175413566181994,0.5413270551180849,0.7171828962706637
ok,,18,transformer.single_transformer_blocks.14,single,14,sustained_to_percussive,positive,negative,1.0,645,15.25460433959961,4.942470073699951,15.911871910095215,2778.7470703125,962.900146484375,2727.722412109375,29.024943310657598,174.14965986394557,29.024943310657598,5.183770538348629,-47.60977002609381,4.797583130241769,0.5237171643988178,0.7171828962706637,0.5413270551180849
ok,,18,transformer.single_transformer_blocks.14,single,14,percussive_to_sustained,negative,positive,1.0,645,4.838155269622803,15.911871910095215,4.942470073699951,952.9886474609375,2727.722412109375,962.900146484375,174.14965986394557,29.024943310657598,174.14965986394557,-48.56669159222095,4.797583130241769,-47.60977002609381,0.7253889277536509,0.5413270551180849,0.7171828962706637
ok,,18,transformer.single_transformer_blocks.15,single,15,sustained_to_percussive,positive,negative,1.0,645,15.133917808532715,4.942470073699951,15.911871910095215,2781.1015625,962.900146484375,2727.722412109375,29.024943310657598,174.14965986394557,29.024943310657598,5.188962613970341,-47.60977002609381,4.797583130241769,0.5207952723246798,0.7171828962706637,0.5413270551180849
ok,,18,transformer.single_transformer_blocks.15,single,15,percussive_to_sustained,negative,positive,1.0,645,4.95741081237793,15.911871910095215,4.942470073699951,955.9074096679688,2727.722412109375,962.900146484375,255.41950113378687,29.024943310657598,174.14965986394557,-48.905643968909445,4.797583130241769,-47.60977002609381,0.7262549345356638,0.5413270551180849,0.7171828962706637
ok,,19,transformer.transformer_blocks.3,dual,3,sustained_to_percussive,positive,negative,1.0,,6.221776962280273,4.095256805419922,9.06206226348877,1408.3267822265625,828.646240234375,2122.7744140625,2078.185941043084,580.4988662131519,737.233560090703,-18.98332158958255,-34.76017736781105,-10.47325054454091,0.5383383016696361,0.315604628065685,0.29098528544973007
ok,,19,transformer.transformer_blocks.3,dual,3,percussive_to_sustained,negative,positive,1.0,,2.646660804748535,9.06206226348877,4.095256805419922,813.9649047851562,2122.7744140625,828.646240234375,737.233560090703,737.233560090703,580.4988662131519,-34.7944533960232,-10.47325054454091,-34.76017736781105,0.29020826766390034,0.29098528544973007,0.315604628065685
ok,,19,transformer.transformer_blocks.4,dual,4,sustained_to_percussive,positive,negative,1.0,,5.730201721191406,4.095256805419922,9.06206226348877,1353.2886962890625,828.646240234375,2122.7744140625,2078.185941043084,580.4988662131519,737.233560090703,-17.153124074851497,-34.76017736781105,-10.47325054454091,0.5202555892155915,0.315604628065685,0.29098528544973007
ok,,19,transformer.transformer_blocks.4,dual,4,percussive_to_sustained,negative,positive,1.0,,2.8378615379333496,9.06206226348877,4.095256805419922,830.7984619140625,2122.7744140625,828.646240234375,731.4285714285714,737.233560090703,580.4988662131519,-34.78080530091746,-10.47325054454091,-34.76017736781105,0.2911904331694771,0.29098528544973007,0.315604628065685
ok,,19,transformer.single_transformer_blocks.8,single,8,sustained_to_percussive,positive,negative,1.0,645,6.680973529815674,4.095256805419922,9.06206226348877,1801.15478515625,828.646240234375,2122.7744140625,841.7233560090704,580.4988662131519,737.233560090703,-14.623325289475712,-34.76017736781105,-10.47325054454091,0.30490947699954546,0.315604628065685,0.29098528544973007
ok,,19,transformer.single_transformer_blocks.8,single,8,percussive_to_sustained,negative,positive,1.0,645,3.183340549468994,9.06206226348877,4.095256805419922,829.780029296875,2122.7744140625,828.646240234375,737.233560090703,737.233560090703,580.4988662131519,-34.93155751431936,-10.47325054454091,-34.76017736781105,0.33175714979227017,0.29098528544973007,0.315604628065685
ok,,19,transformer.single_transformer_blocks.14,single,14,sustained_to_percussive,positive,negative,1.0,645,8.167778968811035,4.095256805419922,9.06206226348877,1991.4697265625,828.646240234375,2122.7744140625,719.8185941043083,580.4988662131519,737.233560090703,-12.004245912051182,-34.76017736781105,-10.47325054454091,0.27890439435629677,0.315604628065685,0.29098528544973007
ok,,19,transformer.single_transformer_blocks.14,single,14,percussive_to_sustained,negative,positive,1.0,645,3.636834144592285,9.06206226348877,4.095256805419922,803.1126708984375,2122.7744140625,828.646240234375,580.4988662131519,737.233560090703,580.4988662131519,-35.59824901198438,-10.47325054454091,-34.76017736781105,0.3298104642168743,0.29098528544973007,0.315604628065685
ok,,19,transformer.single_transformer_blocks.15,single,15,sustained_to_percussive,positive,negative,1.0,645,8.286334991455078,4.095256805419922,9.06206226348877,2009.958251953125,828.646240234375,2122.7744140625,737.233560090703,580.4988662131519,737.233560090703,-12.301504500640679,-34.76017736781105,-10.47325054454091,0.28166399766391215,0.315604628065685,0.29098528544973007
ok,,19,transformer.single_transformer_blocks.15,single,15,percussive_to_sustained,negative,positive,1.0,645,3.5654518604278564,9.06206226348877,4.095256805419922,837.4256591796875,2122.7744140625,828.646240234375,580.4988662131519,737.233560090703,580.4988662131519,-34.73142853232996,-10.47325054454091,-34.76017736781105,0.3233958606888808,0.29098528544973007,0.315604628065685
ok,,20,transformer.transformer_blocks.3,dual,3,sustained_to_percussive,positive,negative,1.0,,4.777479648590088,0.9399075508117676,7.511457920074463,1360.0252685546875,1605.4566650390625,1486.1571044921875,69.65986394557822,3465.578231292517,255.41950113378687,-28.187486736667733,-46.405019648182844,-22.472027896699846,0.0,0.8520889690354072,0.43463170872030904
ok,,20,transformer.transformer_blocks.3,dual,3,percussive_to_sustained,negative,positive,1.0,,1.233907699584961,7.511457920074463,0.9399075508117676,1646.251708984375,1486.1571044921875,1605.4566650390625,1114.5578231292516,255.41950113378687,3465.578231292517,-27.140113486429854,-22.472027896699846,-46.405019648182844,0.849751890971363,0.43463170872030904,0.8520889690354072
ok,,20,transformer.transformer_blocks.4,dual,4,sustained_to_percussive,positive,negative,1.0,,5.085856914520264,0.9399075508117676,7.511457920074463,1387.6285400390625,1605.4566650390625,1486.1571044921875,69.65986394557822,3465.578231292517,255.41950113378687,-27.31252712344356,-46.405019648182844,-22.472027896699846,0.0,0.8520889690354072,0.43463170872030904
ok,,20,transformer.transformer_blocks.4,dual,4,percussive_to_sustained,negative,positive,1.0,,1.1356991529464722,7.511457920074463,0.9399075508117676,1638.1180419921875,1486.1571044921875,1605.4566650390625,1114.5578231292516,255.41950113378687,3465.578231292517,-27.68152065464241,-22.472027896699846,-46.405019648182844,0.849773089004836,0.43463170872030904,0.8520889690354072
ok,,20,transformer.single_transformer_blocks.8,single,8,sustained_to_percussive,positive,negative,1.0,645,6.126884460449219,0.9399075508117676,7.511457920074463,1483.4542236328125,1605.4566650390625,1486.1571044921875,261.2244897959184,3465.578231292517,255.41950113378687,-23.420919367748027,-46.405019648182844,-22.472027896699846,0.8997936752473609,0.8520889690354072,0.43463170872030904
ok,,20,transformer.single_transformer_blocks.8,single,8,percussive_to_sustained,negative,positive,1.0,645,0.9832338094711304,7.511457920074463,0.9399075508117676,1589.9515380859375,1486.1571044921875,1605.4566650390625,3465.578231292517,255.41950113378687,3465.578231292517,-30.608457833246632,-22.472027896699846,-46.405019648182844,0.8477521364618668,0.43463170872030904,0.8520889690354072
ok,,20,transformer.single_transformer_blocks.14,single,14,sustained_to_percussive,positive,negative,1.0,645,7.469090938568115,0.9399075508117676,7.511457920074463,1531.9249267578125,1605.4566650390625,1486.1571044921875,261.2244897959184,3465.578231292517,255.41950113378687,-21.670488238657843,-46.405019648182844,-22.472027896699846,0.4329371518291049,0.8520889690354072,0.43463170872030904
ok,,20,transformer.single_transformer_blocks.14,single,14,percussive_to_sustained,negative,positive,1.0,645,0.9550827741622925,7.511457920074463,0.9399075508117676,1548.7015380859375,1486.1571044921875,1605.4566650390625,1114.5578231292516,255.41950113378687,3465.578231292517,-36.047841430003515,-22.472027896699846,-46.405019648182844,0.8497969155557475,0.43463170872030904,0.8520889690354072
ok,,20,transformer.single_transformer_blocks.15,single,15,sustained_to_percussive,positive,negative,1.0,645,7.357448101043701,0.9399075508117676,7.511457920074463,1529.555419921875,1605.4566650390625,1486.1571044921875,267.0294784580499,3465.578231292517,255.41950113378687,-22.590103653805627,-46.405019648182844,-22.472027896699846,0.43827731882277304,0.8520889690354072,0.43463170872030904
ok,,20,transformer.single_transformer_blocks.15,single,15,percussive_to_sustained,negative,positive,1.0,645,0.9077464938163757,7.511457920074463,0.9399075508117676,1533.5013427734375,1486.1571044921875,1605.4566650390625,1114.5578231292516,255.41950113378687,3465.578231292517,-36.379183684821754,-22.472027896699846,-46.405019648182844,0.8516079907135967,0.43463170872030904,0.8520889690354072
