status,pair_id,job_id,axis,factor_metric,site,stack,block,scale,audio_suffix_tokens,spectral_centroid_mean_hz,rms_dbfs,high_to_low_db,crest_factor_db,spectral_flatness_mean,onset_strength_max
ok,corpus-000,corpus-000-single-sample-000-seed-30000,brightness,spectral_centroid_mean_hz,transformer.transformer_blocks.2,dual,2,0.0,,1537.63623046875,-16.2329396000681,-33.820618773073406,8.187919472168844,9.308465814683586e-05,3.505504846572876
ok,corpus-000,corpus-000-single-sample-000-seed-30000,brightness,spectral_centroid_mean_hz,transformer.transformer_blocks.2,dual,2,5.0,,1455.3768310546875,-16.78108760064134,-35.47811714299598,8.264347678810388,7.198522507678717e-05,3.1677849292755127
ok,corpus-000,corpus-000-single-sample-000-seed-30000,brightness,spectral_centroid_mean_hz,transformer.transformer_blocks.2,dual,2,10.0,,1426.57421875,-17.48646682665232,-36.74443667250653,8.635113077965716,6.454609683714807e-05,2.9297189712524414
ok,corpus-000,corpus-000-single-sample-000-seed-30000,brightness,spectral_centroid_mean_hz,transformer.transformer_blocks.2,dual,2,20.0,,1187.6407470703125,-17.655285667948036,-41.16925651794556,9.15296952912507,4.9206068069906905e-05,3.404313325881958
ok,corpus-000,corpus-000-single-sample-000-seed-30000,brightness,spectral_centroid_mean_hz,transformer.transformer_blocks.2,dual,2,40.0,,914.3989868164062,-23.33681285276716,-34.56873848118011,9.421005081083898,7.825876673450693e-05,2.377455949783325
ok,corpus-000,corpus-000-single-sample-000-seed-30000,brightness,spectral_centroid_mean_hz,transformer.transformer_blocks.2,dual,2,80.0,,2418.74560546875,-41.62825730814724,-45.450329169551566,9.811595015228104,0.0007348833023570478,3.0663208961486816
ok,corpus-050,corpus-050-single-sample-000-seed-30050,brightness,spectral_centroid_mean_hz,transformer.transformer_blocks.2,dual,2,0.0,,5274.005859375,-13.837677748823104,14.680389923834936,6.986647574806578,0.000344618660164997,1.295137643814087
ok,corpus-050,corpus-050-single-sample-000-seed-30050,brightness,spectral_centroid_mean_hz,transformer.transformer_blocks.2,dual,2,5.0,,5201.43408203125,-14.085384298345655,13.994494690946587,6.887084415836001,0.000363219907740131,1.1901235580444336
ok,corpus-050,corpus-050-single-sample-000-seed-30050,brightness,spectral_centroid_mean_hz,transformer.transformer_blocks.2,dual,2,10.0,,5198.8701171875,-13.277301006680789,13.804788803184014,6.719618507723699,0.0003834321687463671,1.1216883659362793
ok,corpus-050,corpus-050-single-sample-000-seed-30050,brightness,spectral_centroid_mean_hz,transformer.transformer_blocks.2,dual,2,20.0,,5318.44287109375,-10.787653745438037,14.945306294112672,6.553462376154511,0.0004408496606629342,1.1930021047592163
ok,corpus-050,corpus-050-single-sample-000-seed-30050,brightness,spectral_centroid_mean_hz,transformer.transformer_blocks.2,dual,2,40.0,,4064.151123046875,-17.851252128929108,0.5102902634392249,6.378159514076701,0.00020621258590836078,1.1554211378097534
ok,corpus-050,corpus-050-single-sample-000-seed-30050,brightness,spectral_centroid_mean_hz,transformer.transformer_blocks.2,dual,2,80.0,,2211.7900390625,-26.105545077789486,-13.120287375464192,6.582350471132815,3.923978874809109e-05,1.54804265499115
ok,corpus-100,corpus-100-single-sample-000-seed-30100,brightness,spectral_centroid_mean_hz,transformer.transformer_blocks.2,dual,2,0.0,,3765.694580078125,-13.406891883158112,-3.316011835941251,9.934773178752481,0.0004715817922260612,1.9339953660964966
ok,corpus-100,corpus-100-single-sample-000-seed-30100,brightness,spectral_centroid_mean_hz,transformer.transformer_blocks.2,dual,2,5.0,,3861.05126953125,-12.991100737652506,-3.502454119096573,9.346579788102401,0.0004310426884330809,3.490023136138916
ok,corpus-100,corpus-100-single-sample-000-seed-30100,brightness,spectral_centroid_mean_hz,transformer.transformer_blocks.2,dual,2,10.0,,3868.843017578125,-11.877420001775839,-3.3828177014462293,9.070272957563093,0.0005273613496683538,5.329539775848389
ok,corpus-100,corpus-100-single-sample-000-seed-30100,brightness,spectral_centroid_mean_hz,transformer.transformer_blocks.2,dual,2,20.0,,3022.259033203125,-21.70540798260963,-7.869945981284905,11.460078398227974,0.0001910712890094146,1.0072578191757202
ok,corpus-100,corpus-100-single-sample-000-seed-30100,brightness,spectral_centroid_mean_hz,transformer.transformer_blocks.2,dual,2,40.0,,1827.1324462890625,-24.091412126426516,-16.753665559971708,11.530302165762913,0.0001306318154092878,1.6323734521865845
ok,corpus-100,corpus-100-single-sample-000-seed-30100,brightness,spectral_centroid_mean_hz,transformer.transformer_blocks.2,dual,2,80.0,,908.8697509765625,-30.45892990444477,-27.581653646183256,7.5563851617401205,5.832410170114599e-05,2.660372257232666
ok,corpus-149,corpus-149-single-sample-000-seed-30149,brightness,spectral_centroid_mean_hz,transformer.transformer_blocks.2,dual,2,0.0,,1847.0262451171875,-24.631731293643313,-33.429205879348764,10.897861029687974,0.00042257492896169424,0.7872036695480347
ok,corpus-149,corpus-149-single-sample-000-seed-30149,brightness,spectral_centroid_mean_hz,transformer.transformer_blocks.2,dual,2,5.0,,1854.78955078125,-23.554981848374105,-31.983380625210703,8.974637481129795,0.0003154523146804422,1.0784246921539307
ok,corpus-149,corpus-149-single-sample-000-seed-30149,brightness,spectral_centroid_mean_hz,transformer.transformer_blocks.2,dual,2,10.0,,1921.5267333984375,-22.971407172040344,-30.23592622535005,8.349806273910968,0.00028925397782586515,1.1309752464294434
ok,corpus-149,corpus-149-single-sample-000-seed-30149,brightness,spectral_centroid_mean_hz,transformer.transformer_blocks.2,dual,2,20.0,,1736.2119140625,-20.515972725370716,-26.89352896109034,8.566240632364883,0.0002277675230288878,3.0499656200408936
ok,corpus-149,corpus-149-single-sample-000-seed-30149,brightness,spectral_centroid_mean_hz,transformer.transformer_blocks.2,dual,2,40.0,,2045.487548828125,-33.13316039198103,-14.12939473510638,8.432086124465247,0.00026432977756485343,2.651191234588623
ok,corpus-149,corpus-149-single-sample-000-seed-30149,brightness,spectral_centroid_mean_hz,transformer.transformer_blocks.2,dual,2,80.0,,1401.9072265625,-30.384423399805055,-20.327740146258506,6.386932053153632,8.009469638636801e-06,2.11942982673645
ok,corpus-199,corpus-199-single-sample-000-seed-30199,brightness,spectral_centroid_mean_hz,transformer.transformer_blocks.2,dual,2,0.0,,2941.719482421875,-22.189925233073392,-11.586608219812229,10.858905875347425,8.050050382735208e-05,3.166949987411499
ok,corpus-199,corpus-199-single-sample-000-seed-30199,brightness,spectral_centroid_mean_hz,transformer.transformer_blocks.2,dual,2,5.0,,3572.39990234375,-26.460011445028524,-5.487905468123665,13.054709370573704,0.00013704718730878085,3.6495277881622314
ok,corpus-199,corpus-199-single-sample-000-seed-30199,brightness,spectral_centroid_mean_hz,transformer.transformer_blocks.2,dual,2,10.0,,3883.42138671875,-27.794614109645153,-0.0005219264534966498,13.580588428303182,0.00021578144514933228,3.5982978343963623
ok,corpus-199,corpus-199-single-sample-000-seed-30199,brightness,spectral_centroid_mean_hz,transformer.transformer_blocks.2,dual,2,20.0,,3550.985595703125,-27.781631077451937,-3.3530687844538805,13.758227971339448,0.00015642830112483352,2.99055814743042
ok,corpus-199,corpus-199-single-sample-000-seed-30199,brightness,spectral_centroid_mean_hz,transformer.transformer_blocks.2,dual,2,40.0,,2588.693359375,-24.531201349554024,-10.299482553097821,11.264060148706314,0.00012361562403384596,2.4483535289764404
ok,corpus-199,corpus-199-single-sample-000-seed-30199,brightness,spectral_centroid_mean_hz,transformer.transformer_blocks.2,dual,2,80.0,,1156.852294921875,-29.88719619006739,-23.682923273933,10.167451209941952,8.359354978892952e-05,2.02787709236145
ok,corpus-249,corpus-249-single-sample-000-seed-30249,brightness,spectral_centroid_mean_hz,transformer.transformer_blocks.2,dual,2,0.0,,2760.216796875,-40.3584772363064,-0.714412280905241,13.030262264048364,0.00020916333596687764,4.3997802734375
ok,corpus-249,corpus-249-single-sample-000-seed-30249,brightness,spectral_centroid_mean_hz,transformer.transformer_blocks.2,dual,2,5.0,,2479.628173828125,-39.002372600784675,-5.51470857268068,11.157141766174377,9.380283154314384e-05,3.8814098834991455
ok,corpus-249,corpus-249-single-sample-000-seed-30249,brightness,spectral_centroid_mean_hz,transformer.transformer_blocks.2,dual,2,10.0,,2360.332763671875,-41.70530166482128,-7.762601345671265,12.662637745182803,0.00016862859774846584,3.3080976009368896
ok,corpus-249,corpus-249-single-sample-000-seed-30249,brightness,spectral_centroid_mean_hz,transformer.transformer_blocks.2,dual,2,20.0,,1980.1978759765625,-42.53660377938348,-16.838929921794218,7.598316978600836,0.00023943099949974567,1.1549527645111084
ok,corpus-249,corpus-249-single-sample-000-seed-30249,brightness,spectral_centroid_mean_hz,transformer.transformer_blocks.2,dual,2,40.0,,1557.482421875,-33.80382902636939,-20.242592561133712,9.092439335576458,0.00018508185166865587,2.325774669647217
ok,corpus-249,corpus-249-single-sample-000-seed-30249,brightness,spectral_centroid_mean_hz,transformer.transformer_blocks.2,dual,2,80.0,,920.1096801757812,-32.953328350400675,-28.854819689377933,6.17000554331523,1.4374438251252286e-05,2.2580947875976562
ok,corpus-000,corpus-000-single-sample-000-seed-30000,loudness,rms_dbfs,transformer.transformer_blocks.2,dual,2,0.0,,1537.63623046875,-16.2329396000681,-33.82061922690684,8.187919472168844,9.308465814683586e-05,3.505505084991455
ok,corpus-000,corpus-000-single-sample-000-seed-30000,loudness,rms_dbfs,transformer.transformer_blocks.2,dual,2,5.0,,1638.755859375,-16.12945292292715,-33.05417082164619,8.145171750909846,0.00010413170821266249,3.581578493118286
ok,corpus-000,corpus-000-single-sample-000-seed-30000,loudness,rms_dbfs,transformer.transformer_blocks.2,dual,2,10.0,,1701.2823486328125,-16.65410060495485,-33.46902351206653,8.430676450161936,0.00013631582260131836,2.9627912044525146
ok,corpus-000,corpus-000-single-sample-000-seed-30000,loudness,rms_dbfs,transformer.transformer_blocks.2,dual,2,20.0,,1635.32373046875,-17.66616052979232,-32.51708004523281,10.495818458034865,9.806800517253578e-05,2.60530948638916
ok,corpus-000,corpus-000-single-sample-000-seed-30000,loudness,rms_dbfs,transformer.transformer_blocks.2,dual,2,40.0,,1549.2481689453125,-25.35154815521389,-23.023363750182988,11.591014648682002,0.00010327315249014646,4.0369486808776855
ok,corpus-000,corpus-000-single-sample-000-seed-30000,loudness,rms_dbfs,transformer.transformer_blocks.2,dual,2,80.0,,1567.0145263671875,-25.87611611500293,-17.783237221192753,6.84316203152564,2.3959513782756403e-05,4.319330215454102
ok,corpus-050,corpus-050-single-sample-000-seed-30050,loudness,rms_dbfs,transformer.transformer_blocks.2,dual,2,0.0,,5274.005859375,-13.837678385498878,14.680389882139188,6.986647574806578,0.000344618660164997,1.295137643814087
ok,corpus-050,corpus-050-single-sample-000-seed-30050,loudness,rms_dbfs,transformer.transformer_blocks.2,dual,2,5.0,,5256.14697265625,-13.810520187623307,15.02801653411141,6.845096061439101,0.0003706446150317788,1.2057167291641235
ok,corpus-050,corpus-050-single-sample-000-seed-30050,loudness,rms_dbfs,transformer.transformer_blocks.2,dual,2,10.0,,5213.5625,-13.525284659653396,15.472647305634608,6.951476121418509,0.00040194718167185783,1.1074587106704712
ok,corpus-050,corpus-050-single-sample-000-seed-30050,loudness,rms_dbfs,transformer.transformer_blocks.2,dual,2,20.0,,5218.75,-12.004780177563193,16.935190631721653,7.562978960750415,0.0004427865205798298,1.4294956922531128
ok,corpus-050,corpus-050-single-sample-000-seed-30050,loudness,rms_dbfs,transformer.transformer_blocks.2,dual,2,40.0,,5222.6962890625,-13.424658986076448,15.476418597997256,8.024535738346819,0.00037812202936038375,1.440183162689209
ok,corpus-050,corpus-050-single-sample-000-seed-30050,loudness,rms_dbfs,transformer.transformer_blocks.2,dual,2,80.0,,2842.314208984375,-18.831216516118623,-7.590693299395724,6.011452976420005,5.225982022238895e-05,1.5303254127502441
ok,corpus-100,corpus-100-single-sample-000-seed-30100,loudness,rms_dbfs,transformer.transformer_blocks.2,dual,2,0.0,,3765.694580078125,-13.406891883158112,-3.316011835941251,9.934773178752481,0.0004715817922260612,1.9339953660964966
ok,corpus-100,corpus-100-single-sample-000-seed-30100,loudness,rms_dbfs,transformer.transformer_blocks.2,dual,2,5.0,,3741.8701171875,-13.181749563710817,-3.560361549054284,10.09078411606255,0.0004944861866533756,2.5070443153381348
ok,corpus-100,corpus-100-single-sample-000-seed-30100,loudness,rms_dbfs,transformer.transformer_blocks.2,dual,2,10.0,,3652.16845703125,-12.76062685390993,-3.8802383350897807,9.904903959568072,0.00044496613554656506,3.578418493270874
ok,corpus-100,corpus-100-single-sample-000-seed-30100,loudness,rms_dbfs,transformer.transformer_blocks.2,dual,2,20.0,,3730.922119140625,-15.222450137283424,-1.4163947535716983,11.329877813871134,0.00042269373079761863,1.7750067710876465
ok,corpus-100,corpus-100-single-sample-000-seed-30100,loudness,rms_dbfs,transformer.transformer_blocks.2,dual,2,40.0,,3335.826416015625,-22.42843014355359,-0.7044803513224341,13.148666019032413,0.00025561024085618556,1.919014573097229
ok,corpus-100,corpus-100-single-sample-000-seed-30100,loudness,rms_dbfs,transformer.transformer_blocks.2,dual,2,80.0,,1819.5972900390625,-24.28666697606182,-15.70440484875666,7.442514499619845,4.055406679981388e-05,3.049529790878296
ok,corpus-149,corpus-149-single-sample-000-seed-30149,loudness,rms_dbfs,transformer.transformer_blocks.2,dual,2,0.0,,1847.0262451171875,-24.631730742123676,-33.42920618610686,10.897861029687974,0.00042257492896169424,0.787203311920166
ok,corpus-149,corpus-149-single-sample-000-seed-30149,loudness,rms_dbfs,transformer.transformer_blocks.2,dual,2,5.0,,1831.1640625,-23.026824687633752,-32.831334927409905,11.102427755829487,0.0003886150079779327,0.8019062280654907
ok,corpus-149,corpus-149-single-sample-000-seed-30149,loudness,rms_dbfs,transformer.transformer_blocks.2,dual,2,10.0,,1847.7301025390625,-22.595432575044416,-32.29765113554055,11.6098752613753,0.0004205280274618417,0.737327516078949
ok,corpus-149,corpus-149-single-sample-000-seed-30149,loudness,rms_dbfs,transformer.transformer_blocks.2,dual,2,20.0,,2071.27490234375,-20.376244693555883,-27.48668938377363,11.237174632457666,0.0003991861885879189,1.7367744445800781
ok,corpus-149,corpus-149-single-sample-000-seed-30149,loudness,rms_dbfs,transformer.transformer_blocks.2,dual,2,40.0,,2728.208984375,-32.8250804459785,-6.753533111081351,11.408608791857372,0.00037682297988794744,3.682917594909668
ok,corpus-149,corpus-149-single-sample-000-seed-30149,loudness,rms_dbfs,transformer.transformer_blocks.2,dual,2,80.0,,1994.748291015625,-25.90642432960106,-13.42184494408288,6.521589533289987,1.5183573850663379e-05,3.0556883811950684
ok,corpus-199,corpus-199-single-sample-000-seed-30199,loudness,rms_dbfs,transformer.transformer_blocks.2,dual,2,0.0,,2941.719482421875,-22.189925233073392,-11.586608219812229,10.858905875347425,8.050050382735208e-05,3.166949987411499
ok,corpus-199,corpus-199-single-sample-000-seed-30199,loudness,rms_dbfs,transformer.transformer_blocks.2,dual,2,5.0,,2928.946533203125,-23.190929440206318,-11.22707600134656,10.677897905933747,8.517550304532051e-05,3.031106472015381
ok,corpus-199,corpus-199-single-sample-000-seed-30199,loudness,rms_dbfs,transformer.transformer_blocks.2,dual,2,10.0,,2892.54296875,-24.39466907709274,-10.567593467508786,11.470319709887049,9.183194924844429e-05,3.0355679988861084
ok,corpus-199,corpus-199-single-sample-000-seed-30199,loudness,rms_dbfs,transformer.transformer_blocks.2,dual,2,20.0,,2782.581298828125,-25.689327290204268,-9.675243394494311,11.584629974995462,9.290033631259575e-05,3.017911672592163
ok,corpus-199,corpus-199-single-sample-000-seed-30199,loudness,rms_dbfs,transformer.transformer_blocks.2,dual,2,40.0,,2709.170166015625,-21.998382208954546,-10.292599080646237,12.271915279012049,0.00012080972373951226,1.741625428199768
ok,corpus-199,corpus-199-single-sample-000-seed-30199,loudness,rms_dbfs,transformer.transformer_blocks.2,dual,2,80.0,,3165.650146484375,-17.4306205947634,-5.145438316577446,8.160938904812117,0.00019955181051045656,1.6627349853515625
ok,corpus-249,corpus-249-single-sample-000-seed-30249,loudness,rms_dbfs,transformer.transformer_blocks.2,dual,2,0.0,,2760.216796875,-40.3584772363064,-0.7144126124631672,13.030262264048364,0.00020916333596687764,4.399779319763184
ok,corpus-249,corpus-249-single-sample-000-seed-30249,loudness,rms_dbfs,transformer.transformer_blocks.2,dual,2,5.0,,2433.89208984375,-36.49243261988281,-3.243741972600236,13.294524377932678,0.00012070011143805459,4.906116485595703
ok,corpus-249,corpus-249-single-sample-000-seed-30249,loudness,rms_dbfs,transformer.transformer_blocks.2,dual,2,10.0,,2587.023681640625,-38.96732208699746,0.06247782571811564,13.652893435776637,0.0002455721260048449,4.850614070892334
ok,corpus-249,corpus-249-single-sample-000-seed-30249,loudness,rms_dbfs,transformer.transformer_blocks.2,dual,2,20.0,,2304.80810546875,-42.72070993322967,-7.157043116169235,12.886464441159003,0.0003299361269455403,5.027146339416504
ok,corpus-249,corpus-249-single-sample-000-seed-30249,loudness,rms_dbfs,transformer.transformer_blocks.2,dual,2,40.0,,2104.980224609375,-44.95372275748805,-11.837119338993256,9.515216246467034,0.000391701003536582,2.851503372192383
ok,corpus-249,corpus-249-single-sample-000-seed-30249,loudness,rms_dbfs,transformer.transformer_blocks.2,dual,2,80.0,,1966.319091796875,-32.737189851138,-12.689134312852332,6.560122083596374,2.281182423757855e-05,2.1450915336608887
