status,pair_id,job_id,axis,factor_metric,site,stack,block,scale,audio_suffix_tokens,patched_spectral_centroid_mean_hz,target_baseline_spectral_centroid_mean_hz,source_baseline_spectral_centroid_mean_hz,population_gap_spectral_centroid_mean_hz,patched_rms_dbfs,target_baseline_rms_dbfs,source_baseline_rms_dbfs,population_gap_rms_dbfs,patched_high_to_low_db,target_baseline_high_to_low_db,source_baseline_high_to_low_db,population_gap_high_to_low_db,patched_crest_factor_db,target_baseline_crest_factor_db,source_baseline_crest_factor_db,population_gap_crest_factor_db,patched_spectral_flatness_mean,target_baseline_spectral_flatness_mean,source_baseline_spectral_flatness_mean,population_gap_spectral_flatness_mean,patched_onset_strength_max,target_baseline_onset_strength_max,source_baseline_onset_strength_max,population_gap_onset_strength_max
ok,corpus-000,corpus-000-single-sample-000-seed-30000,brightness,spectral_centroid_mean_hz,transformer.transformer_blocks.2,dual,2,5.0,,1455.3768310546875,1537.63623046875,3765.439483642578,2227.803253173828,-16.78108760064134,-16.2329396000681,-3.333724378663071,12.89921522140503,-35.47811714299598,-33.820618773073406,-6.819681430429668,27.000937342643738,8.264347678810388,8.187919472168844,11.742189262818258,3.554269790649414,7.198522507678717e-05,9.308465814683586e-05,0.0005641023963107727,0.0004710177381639369,3.1677849292755127,3.505504846572876,8.371014267206192,4.865509420633316
ok,corpus-000,corpus-000-single-sample-000-seed-30000,brightness,spectral_centroid_mean_hz,transformer.transformer_blocks.2,dual,2,10.0,,1426.57421875,1537.63623046875,3765.439483642578,2227.803253173828,-17.48646682665232,-16.2329396000681,-3.333724378663071,12.89921522140503,-36.74443667250653,-33.820618773073406,-6.819681430429668,27.000937342643738,8.635113077965716,8.187919472168844,11.742189262818258,3.554269790649414,6.454609683714807e-05,9.308465814683586e-05,0.0005641023963107727,0.0004710177381639369,2.9297189712524414,3.505504846572876,8.371014267206192,4.865509420633316
ok,corpus-000,corpus-000-single-sample-000-seed-30000,brightness,spectral_centroid_mean_hz,transformer.transformer_blocks.2,dual,2,20.0,,1187.6407470703125,1537.63623046875,3765.439483642578,2227.803253173828,-17.655285667948036,-16.2329396000681,-3.333724378663071,12.89921522140503,-41.16925651794556,-33.820618773073406,-6.819681430429668,27.000937342643738,9.15296952912507,8.187919472168844,11.742189262818258,3.554269790649414,4.9206068069906905e-05,9.308465814683586e-05,0.0005641023963107727,0.0004710177381639369,3.404313325881958,3.505504846572876,8.371014267206192,4.865509420633316
ok,corpus-000,corpus-000-single-sample-000-seed-30000,brightness,spectral_centroid_mean_hz,transformer.transformer_blocks.2,dual,2,40.0,,914.3989868164062,1537.63623046875,3765.439483642578,2227.803253173828,-23.33681285276716,-16.2329396000681,-3.333724378663071,12.89921522140503,-34.56873848118011,-33.820618773073406,-6.819681430429668,27.000937342643738,9.421005081083898,8.187919472168844,11.742189262818258,3.554269790649414,7.825876673450693e-05,9.308465814683586e-05,0.0005641023963107727,0.0004710177381639369,2.377455949783325,3.505504846572876,8.371014267206192,4.865509420633316
ok,corpus-000,corpus-000-single-sample-000-seed-30000,brightness,spectral_centroid_mean_hz,transformer.transformer_blocks.2,dual,2,80.0,,2418.74560546875,1537.63623046875,3765.439483642578,2227.803253173828,-41.62825730814724,-16.2329396000681,-3.333724378663071,12.89921522140503,-45.450329169551566,-33.820618773073406,-6.819681430429668,27.000937342643738,9.811595015228104,8.187919472168844,11.742189262818258,3.554269790649414,0.0007348833023570478,9.308465814683586e-05,0.0005641023963107727,0.0004710177381639369,3.0663208961486816,3.505504846572876,8.371014267206192,4.865509420633316
ok,corpus-050,corpus-050-single-sample-000-seed-30050,brightness,spectral_centroid_mean_hz,transformer.transformer_blocks.2,dual,2,5.0,,5201.43408203125,5274.005859375,7501.809112548828,2227.803253173828,-14.085384298345655,-13.837677748823104,-0.9384625274180749,12.89921522140503,13.994494690946587,14.680389923834936,41.681327266478675,27.000937342643738,6.887084415836001,6.986647574806578,10.540917365455993,3.554269790649414,0.000363219907740131,0.000344618660164997,0.0008156363983289339,0.0004710177381639369,1.1901235580444336,1.295137643814087,6.160647064447403,4.865509420633316
ok,corpus-050,corpus-050-single-sample-000-seed-30050,brightness,spectral_centroid_mean_hz,transformer.transformer_blocks.2,dual,2,10.0,,5198.8701171875,5274.005859375,7501.809112548828,2227.803253173828,-13.277301006680789,-13.837677748823104,-0.9384625274180749,12.89921522140503,13.804788803184014,14.680389923834936,41.681327266478675,27.000937342643738,6.719618507723699,6.986647574806578,10.540917365455993,3.554269790649414,0.0003834321687463671,0.000344618660164997,0.0008156363983289339,0.0004710177381639369,1.1216883659362793,1.295137643814087,6.160647064447403,4.865509420633316
ok,corpus-050,corpus-050-single-sample-000-seed-30050,brightness,spectral_centroid_mean_hz,transformer.transformer_blocks.2,dual,2,20.0,,5318.44287109375,5274.005859375,7501.809112548828,2227.803253173828,-10.787653745438037,-13.837677748823104,-0.9384625274180749,12.89921522140503,14.945306294112672,14.680389923834936,41.681327266478675,27.000937342643738,6.553462376154511,6.986647574806578,10.540917365455993,3.554269790649414,0.0004408496606629342,0.000344618660164997,0.0008156363983289339,0.0004710177381639369,1.1930021047592163,1.295137643814087,6.160647064447403,4.865509420633316
ok,corpus-050,corpus-050-single-sample-000-seed-30050,brightness,spectral_centroid_mean_hz,transformer.transformer_blocks.2,dual,2,40.0,,4064.151123046875,5274.005859375,7501.809112548828,2227.803253173828,-17.851252128929108,-13.837677748823104,-0.9384625274180749,12.89921522140503,0.5102902634392249,14.680389923834936,41.681327266478675,27.000937342643738,6.378159514076701,6.986647574806578,10.540917365455993,3.554269790649414,0.00020621258590836078,0.000344618660164997,0.0008156363983289339,0.0004710177381639369,1.1554211378097534,1.295137643814087,6.160647064447403,4.865509420633316
ok,corpus-050,corpus-050-single-sample-000-seed-30050,brightness,spectral_centroid_mean_hz,transformer.transformer_blocks.2,dual,2,80.0,,2211.7900390625,5274.005859375,7501.809112548828,2227.803253173828,-26.105545077789486,-13.837677748823104,-0.9384625274180749,12.89921522140503,-13.120287375464192,14.680389923834936,41.681327266478675,27.000937342643738,6.582350471132815,6.986647574806578,10.540917365455993,3.554269790649414,3.923978874809109e-05,0.000344618660164997,0.0008156363983289339,0.0004710177381639369,1.54804265499115,1.295137643814087,6.160647064447403,4.865509420633316
ok,corpus-100,corpus-100-single-sample-000-seed-30100,brightness,spectral_centroid_mean_hz,transformer.transformer_blocks.2,dual,2,5.0,,3861.05126953125,3765.694580078125,5993.497833251953,2227.803253173828,-12.991100737652506,-13.406891883158112,-0.5076766617530826,12.89921522140503,-3.502454119096573,-3.316011835941251,23.684925506702488,27.000937342643738,9.346579788102401,9.934773178752481,13.489042969401895,3.554269790649414,0.0004310426884330809,0.0004715817922260612,0.0009425995303899981,0.0004710177381639369,3.490023136138916,1.9339953660964966,6.799504786729813,4.865509420633316
ok,corpus-100,corpus-100-single-sample-000-seed-30100,brightness,spectral_centroid_mean_hz,transformer.transformer_blocks.2,dual,2,10.0,,3868.843017578125,3765.694580078125,5993.497833251953,2227.803253173828,-11.877420001775839,-13.406891883158112,-0.5076766617530826,12.89921522140503,-3.3828177014462293,-3.316011835941251,23.684925506702488,27.000937342643738,9.070272957563093,9.934773178752481,13.489042969401895,3.554269790649414,0.0005273613496683538,0.0004715817922260612,0.0009425995303899981,0.0004710177381639369,5.329539775848389,1.9339953660964966,6.799504786729813,4.865509420633316
ok,corpus-100,corpus-100-single-sample-000-seed-30100,brightness,spectral_centroid_mean_hz,transformer.transformer_blocks.2,dual,2,20.0,,3022.259033203125,3765.694580078125,5993.497833251953,2227.803253173828,-21.70540798260963,-13.406891883158112,-0.5076766617530826,12.89921522140503,-7.869945981284905,-3.316011835941251,23.684925506702488,27.000937342643738,11.460078398227974,9.934773178752481,13.489042969401895,3.554269790649414,0.0001910712890094146,0.0004715817922260612,0.0009425995303899981,0.0004710177381639369,1.0072578191757202,1.9339953660964966,6.799504786729813,4.865509420633316
ok,corpus-100,corpus-100-single-sample-000-seed-30100,brightness,spectral_centroid_mean_hz,transformer.transformer_blocks.2,dual,2,40.0,,1827.1324462890625,3765.694580078125,5993.497833251953,2227.803253173828,-24.091412126426516,-13.406891883158112,-0.5076766617530826,12.89921522140503,-16.753665559971708,-3.316011835941251,23.684925506702488,27.000937342643738,11.530302165762913,9.934773178752481,13.489042969401895,3.554269790649414,0.0001306318154092878,0.0004715817922260612,0.0009425995303899981,0.0004710177381639369,1.6323734521865845,1.9339953660964966,6.799504786729813,4.865509420633316
ok,corpus-100,corpus-100-single-sample-000-seed-30100,brightness,spectral_centroid_mean_hz,transformer.transformer_blocks.2,dual,2,80.0,,908.8697509765625,3765.694580078125,5993.497833251953,2227.803253173828,-30.45892990444477,-13.406891883158112,-0.5076766617530826,12.89921522140503,-27.581653646183256,-3.316011835941251,23.684925506702488,27.000937342643738,7.5563851617401205,9.934773178752481,13.489042969401895,3.554269790649414,5.832410170114599e-05,0.0004715817922260612,0.0009425995303899981,0.0004710177381639369,2.660372257232666,1.9339953660964966,6.799504786729813,4.865509420633316
ok,corpus-149,corpus-149-single-sample-000-seed-30149,brightness,spectral_centroid_mean_hz,transformer.transformer_blocks.2,dual,2,5.0,,1854.78955078125,1847.0262451171875,4074.8294982910156,2227.803253173828,-23.554981848374105,-24.631731293643313,-11.732516072238283,12.89921522140503,-31.983380625210703,-33.429205879348764,-6.428268536705026,27.000937342643738,8.974637481129795,10.897861029687974,14.452130820337388,3.554269790649414,0.0003154523146804422,0.00042257492896169424,0.0008935926671256311,0.0004710177381639369,1.0784246921539307,0.7872036695480347,5.652713090181351,4.865509420633316
ok,corpus-149,corpus-149-single-sample-000-seed-30149,brightness,spectral_centroid_mean_hz,transformer.transformer_blocks.2,dual,2,10.0,,1921.5267333984375,1847.0262451171875,4074.8294982910156,2227.803253173828,-22.971407172040344,-24.631731293643313,-11.732516072238283,12.89921522140503,-30.23592622535005,-33.429205879348764,-6.428268536705026,27.000937342643738,8.349806273910968,10.897861029687974,14.452130820337388,3.554269790649414,0.00028925397782586515,0.00042257492896169424,0.0008935926671256311,0.0004710177381639369,1.1309752464294434,0.7872036695480347,5.652713090181351,4.865509420633316
ok,corpus-149,corpus-149-single-sample-000-seed-30149,brightness,spectral_centroid_mean_hz,transformer.transformer_blocks.2,dual,2,20.0,,1736.2119140625,1847.0262451171875,4074.8294982910156,2227.803253173828,-20.515972725370716,-24.631731293643313,-11.732516072238283,12.89921522140503,-26.89352896109034,-33.429205879348764,-6.428268536705026,27.000937342643738,8.566240632364883,10.897861029687974,14.452130820337388,3.554269790649414,0.0002277675230288878,0.00042257492896169424,0.0008935926671256311,0.0004710177381639369,3.0499656200408936,0.7872036695480347,5.652713090181351,4.865509420633316
ok,corpus-149,corpus-149-single-sample-000-seed-30149,brightness,spectral_centroid_mean_hz,transformer.transformer_blocks.2,dual,2,40.0,,2045.487548828125,1847.0262451171875,4074.8294982910156,2227.803253173828,-33.13316039198103,-24.631731293643313,-11.732516072238283,12.89921522140503,-14.12939473510638,-33.429205879348764,-6.428268536705026,27.000937342643738,8.432086124465247,10.897861029687974,14.452130820337388,3.554269790649414,0.00026432977756485343,0.00042257492896169424,0.0008935926671256311,0.0004710177381639369,2.651191234588623,0.7872036695480347,5.652713090181351,4.865509420633316
ok,corpus-149,corpus-149-single-sample-000-seed-30149,brightness,spectral_centroid_mean_hz,transformer.transformer_blocks.2,dual,2,80.0,,1401.9072265625,1847.0262451171875,4074.8294982910156,2227.803253173828,-30.384423399805055,-24.631731293643313,-11.732516072238283,12.89921522140503,-20.327740146258506,-33.429205879348764,-6.428268536705026,27.000937342643738,6.386932053153632,10.897861029687974,14.452130820337388,3.554269790649414,8.009469638636801e-06,0.00042257492896169424,0.0008935926671256311,0.0004710177381639369,2.11942982673645,0.7872036695480347,5.652713090181351,4.865509420633316
ok,corpus-199,corpus-199-single-sample-000-seed-30199,brightness,spectral_centroid_mean_hz,transformer.transformer_blocks.2,dual,2,5.0,,3572.39990234375,2941.719482421875,5169.522735595703,2227.803253173828,-26.460011445028524,-22.189925233073392,-9.290710011668363,12.89921522140503,-5.487905468123665,-11.586608219812229,15.414329122831509,27.000937342643738,13.054709370573704,10.858905875347425,14.413175665996839,3.554269790649414,0.00013704718730878085,8.050050382735208e-05,0.000551518241991289,0.0004710177381639369,3.6495277881622314,3.166949987411499,8.032459408044815,4.865509420633316
ok,corpus-199,corpus-199-single-sample-000-seed-30199,brightness,spectral_centroid_mean_hz,transformer.transformer_blocks.2,dual,2,10.0,,3883.42138671875,2941.719482421875,5169.522735595703,2227.803253173828,-27.794614109645153,-22.189925233073392,-9.290710011668363,12.89921522140503,-0.0005219264534966498,-11.586608219812229,15.414329122831509,27.000937342643738,13.580588428303182,10.858905875347425,14.413175665996839,3.554269790649414,0.00021578144514933228,8.050050382735208e-05,0.000551518241991289,0.0004710177381639369,3.5982978343963623,3.166949987411499,8.032459408044815,4.865509420633316
ok,corpus-199,corpus-199-single-sample-000-seed-30199,brightness,spectral_centroid_mean_hz,transformer.transformer_blocks.2,dual,2,20.0,,3550.985595703125,2941.719482421875,5169.522735595703,2227.803253173828,-27.781631077451937,-22.189925233073392,-9.290710011668363,12.89921522140503,-3.3530687844538805,-11.586608219812229,15.414329122831509,27.000937342643738,13.758227971339448,10.858905875347425,14.413175665996839,3.554269790649414,0.00015642830112483352,8.050050382735208e-05,0.000551518241991289,0.0004710177381639369,2.99055814743042,3.166949987411499,8.032459408044815,4.865509420633316
ok,corpus-199,corpus-199-single-sample-000-seed-30199,brightness,spectral_centroid_mean_hz,transformer.transformer_blocks.2,dual,2,40.0,,2588.693359375,2941.719482421875,5169.522735595703,2227.803253173828,-24.531201349554024,-22.189925233073392,-9.290710011668363,12.89921522140503,-10.299482553097821,-11.586608219812229,15.414329122831509,27.000937342643738,11.264060148706314,10.858905875347425,14.413175665996839,3.554269790649414,0.00012361562403384596,8.050050382735208e-05,0.000551518241991289,0.0004710177381639369,2.4483535289764404,3.166949987411499,8.032459408044815,4.865509420633316
ok,corpus-199,corpus-199-single-sample-000-seed-30199,brightness,spectral_centroid_mean_hz,transformer.transformer_blocks.2,dual,2,80.0,,1156.852294921875,2941.719482421875,5169.522735595703,2227.803253173828,-29.88719619006739,-22.189925233073392,-9.290710011668363,12.89921522140503,-23.682923273933,-11.586608219812229,15.414329122831509,27.000937342643738,10.167451209941952,10.858905875347425,14.413175665996839,3.554269790649414,8.359354978892952e-05,8.050050382735208e-05,0.000551518241991289,0.0004710177381639369,2.02787709236145,3.166949987411499,8.032459408044815,4.865509420633316
ok,corpus-249,corpus-249-single-sample-000-seed-30249,brightness,spectral_centroid_mean_hz,transformer.transformer_blocks.2,dual,2,5.0,,2479.628173828125,2760.216796875,4988.020050048828,2227.803253173828,-39.002372600784675,-40.3584772363064,-27.45926201490137,12.89921522140503,-5.51470857268068,-0.714412280905241,26.286525061738498,27.000937342643738,11.157141766174377,13.030262264048364,16.584532054697778,3.554269790649414,9.380283154314384e-05,0.00020916333596687764,0.0006801810741308145,0.0004710177381639369,3.8814098834991455,4.3997802734375,9.265289694070816,4.865509420633316
ok,corpus-249,corpus-249-single-sample-000-seed-30249,brightness,spectral_centroid_mean_hz,transformer.transformer_blocks.2,dual,2,10.0,,2360.332763671875,2760.216796875,4988.020050048828,2227.803253173828,-41.70530166482128,-40.3584772363064,-27.45926201490137,12.89921522140503,-7.762601345671265,-0.714412280905241,26.286525061738498,27.000937342643738,12.662637745182803,13.030262264048364,16.584532054697778,3.554269790649414,0.00016862859774846584,0.00020916333596687764,0.0006801810741308145,0.0004710177381639369,3.3080976009368896,4.3997802734375,9.265289694070816,4.865509420633316
ok,corpus-249,corpus-249-single-sample-000-seed-30249,brightness,spectral_centroid_mean_hz,transformer.transformer_blocks.2,dual,2,20.0,,1980.1978759765625,2760.216796875,4988.020050048828,2227.803253173828,-42.53660377938348,-40.3584772363064,-27.45926201490137,12.89921522140503,-16.838929921794218,-0.714412280905241,26.286525061738498,27.000937342643738,7.598316978600836,13.030262264048364,16.584532054697778,3.554269790649414,0.00023943099949974567,0.00020916333596687764,0.0006801810741308145,0.0004710177381639369,1.1549527645111084,4.3997802734375,9.265289694070816,4.865509420633316
ok,corpus-249,corpus-249-single-sample-000-seed-30249,brightness,spectral_centroid_mean_hz,transformer.transformer_blocks.2,dual,2,40.0,,1557.482421875,2760.216796875,4988.020050048828,2227.803253173828,-33.80382902636939,-40.3584772363064,-27.45926201490137,12.89921522140503,-20.242592561133712,-0.714412280905241,26.286525061738498,27.000937342643738,9.092439335576458,13.030262264048364,16.584532054697778,3.554269790649414,0.00018508185166865587,0.00020916333596687764,0.0006801810741308145,0.0004710177381639369,2.325774669647217,4.3997802734375,9.265289694070816,4.865509420633316
ok,corpus-249,corpus-249-single-sample-000-seed-30249,brightness,spectral_centroid_mean_hz,transformer.transformer_blocks.2,dual,2,80.0,,920.1096801757812,2760.216796875,4988.020050048828,2227.803253173828,-32.953328350400675,-40.3584772363064,-27.45926201490137,12.89921522140503,-28.854819689377933,-0.714412280905241,26.286525061738498,27.000937342643738,6.17000554331523,13.030262264048364,16.584532054697778,3.554269790649414,1.4374438251252286e-05,0.00020916333596687764,0.0006801810741308145,0.0004710177381639369,2.2580947875976562,4.3997802734375,9.265289694070816,4.865509420633316
ok,corpus-000,corpus-000-single-sample-000-seed-30000,loudness,rms_dbfs,transformer.transformer_blocks.2,dual,2,5.0,,1638.755859375,1537.63623046875,3765.439483642578,2227.803253173828,-16.12945292292715,-16.2329396000681,-3.333724378663071,12.89921522140503,-33.05417082164619,-33.82061922690684,-6.819681884263105,27.000937342643738,8.145171750909846,8.187919472168844,11.742189262818258,3.554269790649414,0.00010413170821266249,9.308465814683586e-05,0.0005641023963107727,0.0004710177381639369,3.581578493118286,3.505505084991455,8.371014505624771,4.865509420633316
ok,corpus-000,corpus-000-single-sample-000-seed-30000,loudness,rms_dbfs,transformer.transformer_blocks.2,dual,2,10.0,,1701.2823486328125,1537.63623046875,3765.439483642578,2227.803253173828,-16.65410060495485,-16.2329396000681,-3.333724378663071,12.89921522140503,-33.46902351206653,-33.82061922690684,-6.819681884263105,27.000937342643738,8.430676450161936,8.187919472168844,11.742189262818258,3.554269790649414,0.00013631582260131836,9.308465814683586e-05,0.0005641023963107727,0.0004710177381639369,2.9627912044525146,3.505505084991455,8.371014505624771,4.865509420633316
ok,corpus-000,corpus-000-single-sample-000-seed-30000,loudness,rms_dbfs,transformer.transformer_blocks.2,dual,2,20.0,,1635.32373046875,1537.63623046875,3765.439483642578,2227.803253173828,-17.66616052979232,-16.2329396000681,-3.333724378663071,12.89921522140503,-32.51708004523281,-33.82061922690684,-6.819681884263105,27.000937342643738,10.495818458034865,8.187919472168844,11.742189262818258,3.554269790649414,9.806800517253578e-05,9.308465814683586e-05,0.0005641023963107727,0.0004710177381639369,2.60530948638916,3.505505084991455,8.371014505624771,4.865509420633316
ok,corpus-000,corpus-000-single-sample-000-seed-30000,loudness,rms_dbfs,transformer.transformer_blocks.2,dual,2,40.0,,1549.2481689453125,1537.63623046875,3765.439483642578,2227.803253173828,-25.35154815521389,-16.2329396000681,-3.333724378663071,12.89921522140503,-23.023363750182988,-33.82061922690684,-6.819681884263105,27.000937342643738,11.591014648682002,8.187919472168844,11.742189262818258,3.554269790649414,0.00010327315249014646,9.308465814683586e-05,0.0005641023963107727,0.0004710177381639369,4.0369486808776855,3.505505084991455,8.371014505624771,4.865509420633316
ok,corpus-000,corpus-000-single-sample-000-seed-30000,loudness,rms_dbfs,transformer.transformer_blocks.2,dual,2,80.0,,1567.0145263671875,1537.63623046875,3765.439483642578,2227.803253173828,-25.87611611500293,-16.2329396000681,-3.333724378663071,12.89921522140503,-17.783237221192753,-33.82061922690684,-6.819681884263105,27.000937342643738,6.84316203152564,8.187919472168844,11.742189262818258,3.554269790649414,2.3959513782756403e-05,9.308465814683586e-05,0.0005641023963107727,0.0004710177381639369,4.319330215454102,3.505505084991455,8.371014505624771,4.865509420633316
ok,corpus-050,corpus-050-single-sample-000-seed-30050,loudness,rms_dbfs,transformer.transformer_blocks.2,dual,2,5.0,,5256.14697265625,5274.005859375,7501.809112548828,2227.803253173828,-13.810520187623307,-13.837678385498878,-0.9384631640938483,12.89921522140503,15.02801653411141,14.680389882139188,41.681327224782926,27.000937342643738,6.845096061439101,6.986647574806578,10.540917365455993,3.554269790649414,0.0003706446150317788,0.000344618660164997,0.0008156363983289339,0.0004710177381639369,1.2057167291641235,1.295137643814087,6.160647064447403,4.865509420633316
ok,corpus-050,corpus-050-single-sample-000-seed-30050,loudness,rms_dbfs,transformer.transformer_blocks.2,dual,2,10.0,,5213.5625,5274.005859375,7501.809112548828,2227.803253173828,-13.525284659653396,-13.837678385498878,-0.9384631640938483,12.89921522140503,15.472647305634608,14.680389882139188,41.681327224782926,27.000937342643738,6.951476121418509,6.986647574806578,10.540917365455993,3.554269790649414,0.00040194718167185783,0.000344618660164997,0.0008156363983289339,0.0004710177381639369,1.1074587106704712,1.295137643814087,6.160647064447403,4.865509420633316
ok,corpus-050,corpus-050-single-sample-000-seed-30050,loudness,rms_dbfs,transformer.transformer_blocks.2,dual,2,20.0,,5218.75,5274.005859375,7501.809112548828,2227.803253173828,-12.004780177563193,-13.837678385498878,-0.9384631640938483,12.89921522140503,16.935190631721653,14.680389882139188,41.681327224782926,27.000937342643738,7.562978960750415,6.986647574806578,10.540917365455993,3.554269790649414,0.0004427865205798298,0.000344618660164997,0.0008156363983289339,0.0004710177381639369,1.4294956922531128,1.295137643814087,6.160647064447403,4.865509420633316
ok,corpus-050,corpus-050-single-sample-000-seed-30050,loudness,rms_dbfs,transformer.transformer_blocks.2,dual,2,40.0,,5222.6962890625,5274.005859375,7501.809112548828,2227.803253173828,-13.424658986076448,-13.837678385498878,-0.9384631640938483,12.89921522140503,15.476418597997256,14.680389882139188,41.681327224782926,27.000937342643738,8.024535738346819,6.986647574806578,10.540917365455993,3.554269790649414,0.00037812202936038375,0.000344618660164997,0.0008156363983289339,0.0004710177381639369,1.440183162689209,1.295137643814087,6.160647064447403,4.865509420633316
ok,corpus-050,corpus-050-single-sample-000-seed-30050,loudness,rms_dbfs,transformer.transformer_blocks.2,dual,2,80.0,,2842.314208984375,5274.005859375,7501.809112548828,2227.803253173828,-18.831216516118623,-13.837678385498878,-0.9384631640938483,12.89921522140503,-7.590693299395724,14.680389882139188,41.681327224782926,27.000937342643738,6.011452976420005,6.986647574806578,10.540917365455993,3.554269790649414,5.225982022238895e-05,0.000344618660164997,0.0008156363983289339,0.0004710177381639369,1.5303254127502441,1.295137643814087,6.160647064447403,4.865509420633316
ok,corpus-100,corpus-100-single-sample-000-seed-30100,loudness,rms_dbfs,transformer.transformer_blocks.2,dual,2,5.0,,3741.8701171875,3765.694580078125,5993.497833251953,2227.803253173828,-13.181749563710817,-13.406891883158112,-0.5076766617530826,12.89921522140503,-3.560361549054284,-3.316011835941251,23.684925506702488,27.000937342643738,10.09078411606255,9.934773178752481,13.489042969401895,3.554269790649414,0.0004944861866533756,0.0004715817922260612,0.0009425995303899981,0.0004710177381639369,2.5070443153381348,1.9339953660964966,6.799504786729813,4.865509420633316
ok,corpus-100,corpus-100-single-sample-000-seed-30100,loudness,rms_dbfs,transformer.transformer_blocks.2,dual,2,10.0,,3652.16845703125,3765.694580078125,5993.497833251953,2227.803253173828,-12.76062685390993,-13.406891883158112,-0.5076766617530826,12.89921522140503,-3.8802383350897807,-3.316011835941251,23.684925506702488,27.000937342643738,9.904903959568072,9.934773178752481,13.489042969401895,3.554269790649414,0.00044496613554656506,0.0004715817922260612,0.0009425995303899981,0.0004710177381639369,3.578418493270874,1.9339953660964966,6.799504786729813,4.865509420633316
ok,corpus-100,corpus-100-single-sample-000-seed-30100,loudness,rms_dbfs,transformer.transformer_blocks.2,dual,2,20.0,,3730.922119140625,3765.694580078125,5993.497833251953,2227.803253173828,-15.222450137283424,-13.406891883158112,-0.5076766617530826,12.89921522140503,-1.4163947535716983,-3.316011835941251,23.684925506702488,27.000937342643738,11.329877813871134,9.934773178752481,13.489042969401895,3.554269790649414,0.00042269373079761863,0.0004715817922260612,0.0009425995303899981,0.0004710177381639369,1.7750067710876465,1.9339953660964966,6.799504786729813,4.865509420633316
ok,corpus-100,corpus-100-single-sample-000-seed-30100,loudness,rms_dbfs,transformer.transformer_blocks.2,dual,2,40.0,,3335.826416015625,3765.694580078125,5993.497833251953,2227.803253173828,-22.42843014355359,-13.406891883158112,-0.5076766617530826,12.89921522140503,-0.7044803513224341,-3.316011835941251,23.684925506702488,27.000937342643738,13.148666019032413,9.934773178752481,13.489042969401895,3.554269790649414,0.00025561024085618556,0.0004715817922260612,0.0009425995303899981,0.0004710177381639369,1.919014573097229,1.9339953660964966,6.799504786729813,4.865509420633316
ok,corpus-100,corpus-100-single-sample-000-seed-30100,loudness,rms_dbfs,transformer.transformer_blocks.2,dual,2,80.0,,1819.5972900390625,3765.694580078125,5993.497833251953,2227.803253173828,-24.28666697606182,-13.406891883158112,-0.5076766617530826,12.89921522140503,-15.70440484875666,-3.316011835941251,23.684925506702488,27.000937342643738,7.442514499619845,9.934773178752481,13.489042969401895,3.554269790649414,4.055406679981388e-05,0.0004715817922260612,0.0009425995303899981,0.0004710177381639369,3.049529790878296,1.9339953660964966,6.799504786729813,4.865509420633316
ok,corpus-149,corpus-149-single-sample-000-seed-30149,loudness,rms_dbfs,transformer.transformer_blocks.2,dual,2,5.0,,1831.1640625,1847.0262451171875,4074.8294982910156,2227.803253173828,-23.026824687633752,-24.631730742123676,-11.732515520718646,12.89921522140503,-32.831334927409905,-33.42920618610686,-6.4282688434631226,27.000937342643738,11.102427755829487,10.897861029687974,14.452130820337388,3.554269790649414,0.0003886150079779327,0.00042257492896169424,0.0008935926671256311,0.0004710177381639369,0.8019062280654907,0.787203311920166,5.652712732553482,4.865509420633316
ok,corpus-149,corpus-149-single-sample-000-seed-30149,loudness,rms_dbfs,transformer.transformer_blocks.2,dual,2,10.0,,1847.7301025390625,1847.0262451171875,4074.8294982910156,2227.803253173828,-22.595432575044416,-24.631730742123676,-11.732515520718646,12.89921522140503,-32.29765113554055,-33.42920618610686,-6.4282688434631226,27.000937342643738,11.6098752613753,10.897861029687974,14.452130820337388,3.554269790649414,0.0004205280274618417,0.00042257492896169424,0.0008935926671256311,0.0004710177381639369,0.737327516078949,0.787203311920166,5.652712732553482,4.865509420633316
ok,corpus-149,corpus-149-single-sample-000-seed-30149,loudness,rms_dbfs,transformer.transformer_blocks.2,dual,2,20.0,,2071.27490234375,1847.0262451171875,4074.8294982910156,2227.803253173828,-20.376244693555883,-24.631730742123676,-11.732515520718646,12.89921522140503,-27.48668938377363,-33.42920618610686,-6.4282688434631226,27.000937342643738,11.237174632457666,10.897861029687974,14.452130820337388,3.554269790649414,0.0003991861885879189,0.00042257492896169424,0.0008935926671256311,0.0004710177381639369,1.7367744445800781,0.787203311920166,5.652712732553482,4.865509420633316
ok,corpus-149,corpus-149-single-sample-000-seed-30149,loudness,rms_dbfs,transformer.transformer_blocks.2,dual,2,40.0,,2728.208984375,1847.0262451171875,4074.8294982910156,2227.803253173828,-32.8250804459785,-24.631730742123676,-11.732515520718646,12.89921522140503,-6.753533111081351,-33.42920618610686,-6.4282688434631226,27.000937342643738,11.408608791857372,10.897861029687974,14.452130820337388,3.554269790649414,0.00037682297988794744,0.00042257492896169424,0.0008935926671256311,0.0004710177381639369,3.682917594909668,0.787203311920166,5.652712732553482,4.865509420633316
ok,corpus-149,corpus-149-single-sample-000-seed-30149,loudness,rms_dbfs,transformer.transformer_blocks.2,dual,2,80.0,,1994.748291015625,1847.0262451171875,4074.8294982910156,2227.803253173828,-25.90642432960106,-24.631730742123676,-11.732515520718646,12.89921522140503,-13.42184494408288,-33.42920618610686,-6.4282688434631226,27.000937342643738,6.521589533289987,10.897861029687974,14.452130820337388,3.554269790649414,1.5183573850663379e-05,0.00042257492896169424,0.0008935926671256311,0.0004710177381639369,3.0556883811950684,0.787203311920166,5.652712732553482,4.865509420633316
ok,corpus-199,corpus-199-single-sample-000-seed-30199,loudness,rms_dbfs,transformer.transformer_blocks.2,dual,2,5.0,,2928.946533203125,2941.719482421875,5169.522735595703,2227.803253173828,-23.190929440206318,-22.189925233073392,-9.290710011668363,12.89921522140503,-11.22707600134656,-11.586608219812229,15.414329122831509,27.000937342643738,10.677897905933747,10.858905875347425,14.413175665996839,3.554269790649414,8.517550304532051e-05,8.050050382735208e-05,0.000551518241991289,0.0004710177381639369,3.031106472015381,3.166949987411499,8.032459408044815,4.865509420633316
ok,corpus-199,corpus-199-single-sample-000-seed-30199,loudness,rms_dbfs,transformer.transformer_blocks.2,dual,2,10.0,,2892.54296875,2941.719482421875,5169.522735595703,2227.803253173828,-24.39466907709274,-22.189925233073392,-9.290710011668363,12.89921522140503,-10.567593467508786,-11.586608219812229,15.414329122831509,27.000937342643738,11.470319709887049,10.858905875347425,14.413175665996839,3.554269790649414,9.183194924844429e-05,8.050050382735208e-05,0.000551518241991289,0.0004710177381639369,3.0355679988861084,3.166949987411499,8.032459408044815,4.865509420633316
ok,corpus-199,corpus-199-single-sample-000-seed-30199,loudness,rms_dbfs,transformer.transformer_blocks.2,dual,2,20.0,,2782.581298828125,2941.719482421875,5169.522735595703,2227.803253173828,-25.689327290204268,-22.189925233073392,-9.290710011668363,12.89921522140503,-9.675243394494311,-11.586608219812229,15.414329122831509,27.000937342643738,11.584629974995462,10.858905875347425,14.413175665996839,3.554269790649414,9.290033631259575e-05,8.050050382735208e-05,0.000551518241991289,0.0004710177381639369,3.017911672592163,3.166949987411499,8.032459408044815,4.865509420633316
ok,corpus-199,corpus-199-single-sample-000-seed-30199,loudness,rms_dbfs,transformer.transformer_blocks.2,dual,2,40.0,,2709.170166015625,2941.719482421875,5169.522735595703,2227.803253173828,-21.998382208954546,-22.189925233073392,-9.290710011668363,12.89921522140503,-10.292599080646237,-11.586608219812229,15.414329122831509,27.000937342643738,12.271915279012049,10.858905875347425,14.413175665996839,3.554269790649414,0.00012080972373951226,8.050050382735208e-05,0.000551518241991289,0.0004710177381639369,1.741625428199768,3.166949987411499,8.032459408044815,4.865509420633316
ok,corpus-199,corpus-199-single-sample-000-seed-30199,loudness,rms_dbfs,transformer.transformer_blocks.2,dual,2,80.0,,3165.650146484375,2941.719482421875,5169.522735595703,2227.803253173828,-17.4306205947634,-22.189925233073392,-9.290710011668363,12.89921522140503,-5.145438316577446,-11.586608219812229,15.414329122831509,27.000937342643738,8.160938904812117,10.858905875347425,14.413175665996839,3.554269790649414,0.00019955181051045656,8.050050382735208e-05,0.000551518241991289,0.0004710177381639369,1.6627349853515625,3.166949987411499,8.032459408044815,4.865509420633316
ok,corpus-249,corpus-249-single-sample-000-seed-30249,loudness,rms_dbfs,transformer.transformer_blocks.2,dual,2,5.0,,2433.89208984375,2760.216796875,4988.020050048828,2227.803253173828,-36.49243261988281,-40.3584772363064,-27.45926201490137,12.89921522140503,-3.243741972600236,-0.7144126124631672,26.28652473018057,27.000937342643738,13.294524377932678,13.030262264048364,16.584532054697778,3.554269790649414,0.00012070011143805459,0.00020916333596687764,0.0006801810741308145,0.0004710177381639369,4.906116485595703,4.399779319763184,9.2652887403965,4.865509420633316
ok,corpus-249,corpus-249-single-sample-000-seed-30249,loudness,rms_dbfs,transformer.transformer_blocks.2,dual,2,10.0,,2587.023681640625,2760.216796875,4988.020050048828,2227.803253173828,-38.96732208699746,-40.3584772363064,-27.45926201490137,12.89921522140503,0.06247782571811564,-0.7144126124631672,26.28652473018057,27.000937342643738,13.652893435776637,13.030262264048364,16.584532054697778,3.554269790649414,0.0002455721260048449,0.00020916333596687764,0.0006801810741308145,0.0004710177381639369,4.850614070892334,4.399779319763184,9.2652887403965,4.865509420633316
ok,corpus-249,corpus-249-single-sample-000-seed-30249,loudness,rms_dbfs,transformer.transformer_blocks.2,dual,2,20.0,,2304.80810546875,2760.216796875,4988.020050048828,2227.803253173828,-42.72070993322967,-40.3584772363064,-27.45926201490137,12.89921522140503,-7.157043116169235,-0.7144126124631672,26.28652473018057,27.000937342643738,12.886464441159003,13.030262264048364,16.584532054697778,3.554269790649414,0.0003299361269455403,0.00020916333596687764,0.0006801810741308145,0.0004710177381639369,5.027146339416504,4.399779319763184,9.2652887403965,4.865509420633316
ok,corpus-249,corpus-249-single-sample-000-seed-30249,loudness,rms_dbfs,transformer.transformer_blocks.2,dual,2,40.0,,2104.980224609375,2760.216796875,4988.020050048828,2227.803253173828,-44.95372275748805,-40.3584772363064,-27.45926201490137,12.89921522140503,-11.837119338993256,-0.7144126124631672,26.28652473018057,27.000937342643738,9.515216246467034,13.030262264048364,16.584532054697778,3.554269790649414,0.000391701003536582,0.00020916333596687764,0.0006801810741308145,0.0004710177381639369,2.851503372192383,4.399779319763184,9.2652887403965,4.865509420633316
ok,corpus-249,corpus-249-single-sample-000-seed-30249,loudness,rms_dbfs,transformer.transformer_blocks.2,dual,2,80.0,,1966.319091796875,2760.216796875,4988.020050048828,2227.803253173828,-32.737189851138,-40.3584772363064,-27.45926201490137,12.89921522140503,-12.689134312852332,-0.7144126124631672,26.28652473018057,27.000937342643738,6.560122083596374,13.030262264048364,16.584532054697778,3.554269790649414,2.281182423757855e-05,0.00020916333596687764,0.0006801810741308145,0.0004710177381639369,2.1450915336608887,4.399779319763184,9.2652887403965,4.865509420633316
