block,cv_pearson_am_rate,cv_pearson_attack,cv_pearson_decay,cv_pearson_density,cv_pearson_f0,cv_pearson_tail,cv_spearman_am_rate,cv_spearman_attack,cv_spearman_decay,cv_spearman_density,cv_spearman_f0,cv_spearman_tail,n_am_rate,n_attack,n_decay,n_density,n_f0,n_tail,r2_am_rate,r2_attack,r2_decay,r2_density,r2_f0,r2_tail,site,stability_cos_am_rate,stability_cos_attack,stability_cos_decay,stability_cos_density,stability_cos_f0,stability_cos_tail,stack
0,0.07078272646796015,0.264245515416935,0.11554953975415781,0.3844421961044182,0.4956132150874039,0.0664944546997803,0.06523457975327604,0.2568137090193443,0.17387222195555127,0.39192166274660395,0.33677519608012874,0.07340930254884076,250,250,250,250,223,250,-0.13745837129960686,-0.04222316123883363,-0.0864233068389995,0.11366383306327214,0.192590453953835,-0.11818416736251561,transformer.transformer_blocks.0,0.13835681974887848,0.390495240688324,0.12864060699939728,0.13523295521736145,0.7165424823760986,0.08203225582838058,dual
1,0.15031070248625084,0.2622637279329655,0.16281474561109643,0.36057747297247317,0.4740412532070872,0.04369417122525879,0.11656468103489653,0.24809139346229536,0.2183793020688331,0.36263889022224355,0.31753835032983013,0.05744463111409782,250,250,250,250,223,250,-0.07480539747051629,-0.030056570908669998,-0.06358570549259643,0.08932060839422377,0.17597974667078933,-0.13250612364013545,transformer.transformer_blocks.1,0.17079704999923706,0.31779250502586365,0.1654222160577774,0.161428302526474,0.6824960112571716,0.045022040605545044,dual
2,0.14599211472715865,0.24395770494021704,0.17094834926346567,0.3514124871720428,0.48593707984347545,0.0428103397466837,0.13441482263716217,0.22733739739835834,0.2141321941151058,0.35747784764556234,0.3270371989542393,0.053411030576489216,250,250,250,250,223,250,-0.08352323559544272,-0.05068757895031506,-0.0562529109581037,0.07614695844640777,0.191112482404948,-0.14501802289738958,transformer.transformer_blocks.2,0.18121498823165894,0.30259400606155396,0.15683475136756897,0.14066791534423828,0.645658552646637,0.13194337487220764,dual
3,0.1549651106512399,0.27613766116534166,0.25909056569959865,0.387728379753817,0.5007687550835641,0.036606425843731076,0.16085210963375413,0.2682409638554216,0.29029750876014015,0.38133614937839005,0.325536298630469,0.025671962751404022,250,250,250,250,223,250,-0.08997765115310996,-0.020007065962948968,0.019090045947540824,0.10392426314370529,0.19696289558304594,-0.1798616471036527,transformer.transformer_blocks.3,0.23197229206562042,0.25143951177597046,0.2774743437767029,0.26628583669662476,0.6515523195266724,0.06612484157085419,dual
4,0.14417351384105775,0.2927712231178855,0.3078164153082449,0.43555796037695654,0.5637786484695037,0.04517913480521478,0.1405727451639226,0.2966051936830989,0.32575202803244846,0.4340671050736811,0.3606359402323528,0.050547880766092256,250,250,250,250,223,250,-0.08926786981739407,0.0037447788066938604,0.05409363666326299,0.15913780600384622,0.276478830447222,-0.16298355555248567,transformer.transformer_blocks.4,0.2965956926345825,0.2239508181810379,0.20132264494895935,0.33305177092552185,0.6643681526184082,0.09195981174707413,dual
5,0.1659436921242573,0.26826679964473393,0.24665514927698753,0.41507385087611887,0.5960613240501746,0.06572303991825089,0.1515699131186099,0.2586761388182211,0.2617804444871118,0.41418557096913544,0.34794700209498414,0.06465242643882302,250,250,250,250,223,250,-0.05738282977990152,-0.02346418933687202,0.013943545919434874,0.13965214671416668,0.3155972999072582,-0.12345546456762375,transformer.transformer_blocks.5,0.20883530378341675,0.2747688293457031,0.12435364723205566,0.4138103425502777,0.6862542033195496,0.1711764633655548,dual
0,0.19244586801607283,0.2993422806984779,0.2673091380764996,0.42909562786951533,0.5702954150534043,0.0763132274342151,0.1772883406134498,0.27737032592521477,0.28040627850045596,0.43350952815245036,0.29157180082067974,0.07790908654538471,250,250,250,250,223,250,-0.022360418258263494,0.005336572942122109,0.03077384815828359,0.15696829904014703,0.2840332171512741,-0.11070031902399295,transformer.single_transformer_blocks.0,0.20736092329025269,0.32492297887802124,0.12587232887744904,0.4360915422439575,0.6139490604400635,0.18132203817367554,single
1,0.21896094314977038,0.28838342258406324,0.27105814180813553,0.449935826395102,0.5672880222738885,0.10186553615025222,0.2048430854893678,0.28051149618393895,0.28420025920414727,0.45135352565641046,0.28576514535034714,0.09709480151682426,250,250,250,250,223,250,-0.0011075488397650046,-0.011590052815939856,0.03432279628998125,0.17869822531189064,0.2796818107800899,-0.09167775686626371,transformer.single_transformer_blocks.1,0.19147740304470062,0.27693313360214233,0.11868160963058472,0.40235835313796997,0.5247155427932739,0.17850959300994873,single
2,0.21976177280343626,0.31306019187369744,0.2760356643914123,0.4659667322490631,0.5567603074079818,0.09345347071136591,0.19710996975951614,0.32237661402582435,0.2915962175394806,0.4650663850621609,0.2741485880499333,0.09084318149090385,250,250,250,250,223,250,-0.001709279761240734,0.01780897353855171,0.033647583607314235,0.194578124588702,0.26577814285523865,-0.08946226809719329,transformer.single_transformer_blocks.2,0.19310662150382996,0.28035521507263184,0.06680544465780258,0.40397727489471436,0.5167123079299927,0.1717969924211502,single
3,0.21925788536466492,0.309896945034982,0.2862122843500414,0.4564079369888474,0.554626091794421,0.09268061631070593,0.2132528200451207,0.31689838237411794,0.3109132626122018,0.449785244563913,0.27746744983292065,0.08327134834157346,250,250,250,250,223,250,0.006069288900954284,0.00981021851875492,0.047094355115702126,0.18419305037919848,0.2636992616154138,-0.08164763920101803,transformer.single_transformer_blocks.3,0.22487537562847137,0.27708831429481506,0.11151741445064545,0.37572363018989563,0.41854041814804077,0.07129741460084915,single
4,0.23039590793598214,0.32483664885228214,0.2837379359692614,0.45477430732670626,0.5548819313453941,0.0728654896807262,0.21250784812557,0.321410454567273,0.3072321797148754,0.45407305716891466,0.26534554253164117,0.07653588057408918,250,250,250,250,223,250,0.02133645057949025,0.028598785198303434,0.047699397555929515,0.1818922177858451,0.26202337621579647,-0.09684273367342944,transformer.single_transformer_blocks.4,0.20233222842216492,0.21246537566184998,0.047167107462882996,0.3187217712402344,0.4940582513809204,0.16773155331611633,single
5,0.24563784204650116,0.3287157995504604,0.2570932694769511,0.46381259967041805,0.5154405284073833,0.09575628308086685,0.22832659722555562,0.3281482263716219,0.2735356405702491,0.46180617289876635,0.2281216995342556,0.08671357941727068,250,250,250,250,223,250,0.02987135883386749,0.035607933325862075,0.029345806500838602,0.19283956826655363,0.21549847184484552,-0.07483321704897414,transformer.single_transformer_blocks.5,0.2610558867454529,0.16147741675376892,0.12115305662155151,0.2595634162425995,0.5369877219200134,0.08406952023506165,single
6,0.2567664930190947,0.3143543699238775,0.31521273283445045,0.4669841093532961,0.5079006681796546,0.09514065844261957,0.2255348725579609,0.31254528872461956,0.3280929294868718,0.46028627658042526,0.21124712156102288,0.08690404646474344,250,250,250,250,223,250,0.037512486885748375,0.017910351734537942,0.07220848297754705,0.19262722420796802,0.1993803223536689,-0.08644582790582775,transformer.single_transformer_blocks.6,0.23419994115829468,0.12154977023601532,0.1529044359922409,0.22379888594150543,0.4875035881996155,0.10786918550729752,single
7,0.21262877381038664,0.29967123845925286,0.32439063136215585,0.4430628246861111,0.518505109865678,0.0819430440088446,0.17789583833341333,0.29748149570393123,0.3402759084145346,0.44052532040512643,0.2323322281281922,0.06019257908126529,250,250,250,250,223,250,0.0020664754736055,-0.0013168220199515136,0.07966125874439522,0.16586647857725167,0.21384868272223184,-0.09992623285391733,transformer.single_transformer_blocks.7,0.28026893734931946,0.19092825055122375,0.17455744743347168,0.24149958789348602,0.4207723140716553,0.13120630383491516,single
8,0.20971165902634192,0.2917797029913138,0.28088304670346886,0.44663494060400716,0.4573453955758675,0.056570599312767,0.17410185762972208,0.28892507080113283,0.31062833005328083,0.43879498871981953,0.19374383191647765,0.049708443335093354,250,250,250,250,223,250,0.0056500203864845,-0.011347572566446385,0.04711818324864081,0.1721966305911179,0.14330689115129674,-0.11164426208914568,transformer.single_transformer_blocks.8,0.20160937309265137,0.14887523651123047,0.16287770867347717,0.3435928225517273,0.2833695411682129,0.08630715310573578,single
9,0.24173763267633006,0.2833558191486959,0.229562444414842,0.43851669418250855,0.3916400281897435,0.05576157459962259,0.19484202947247156,0.2714466471463543,0.2724197187154994,0.4325648730379686,0.15758046643696866,0.042002976047616755,250,250,250,250,223,250,0.029480087867869088,-0.013994465483380037,0.01952771594096938,0.16680486085550486,0.0824077353067572,-0.09947139777752789,transformer.single_transformer_blocks.9,0.20305222272872925,0.28771042823791504,0.04534982144832611,0.40863367915153503,0.32302325963974,0.03976309299468994,single
10,0.22926927451621806,0.2938257242254904,0.2369633108523155,0.4317141971945598,0.38811024967953855,0.05838415315610138,0.18544693515096242,0.29040887054192865,0.2658109729755676,0.4268992463879422,0.15569649566286337,0.05489329429270868,250,250,250,250,223,250,0.007964033323554798,0.0028399357400432867,0.025927626908198165,0.16337159886779395,0.07691102079266224,-0.09166710819350832,transformer.single_transformer_blocks.10,0.1500614881515503,0.1807347983121872,0.04519937187433243,0.253793329000473,0.3351570665836334,0.08494458347558975,single
11,0.24282821198091342,0.2790876303540992,0.23529999045337718,0.4372450176433681,0.3615993199385051,0.012639843448720647,0.20639139826237218,0.2808471175538808,0.2590563049008784,0.43982335717371474,0.15529611129386914,0.03672519560312965,250,250,250,250,223,250,0.017212538958489267,-0.009110540788482502,0.023033149508340078,0.17179803250059444,0.06860774471968838,-0.1207923802769372,transformer.single_transformer_blocks.11,0.14520953595638275,0.23332494497299194,0.13134600222110748,0.36612775921821594,0.24431581795215607,0.16981595754623413,single
12,0.20059550452305655,0.2687110579438542,0.2093683055872973,0.435556822912256,0.37218092422234667,0.03041471833977315,0.18339019824317188,0.2594026784428551,0.23196774348389573,0.44277790044640714,0.19166183319770763,0.04176566025056401,250,250,250,250,223,250,-0.0069097879696510935,-0.025816627442335018,0.004210629245932784,0.16910582975898414,0.09269999713022688,-0.11600064216842335,transformer.single_transformer_blocks.12,0.12342531979084015,0.2652256488800049,0.03344196453690529,0.26358020305633545,0.323411226272583,0.08983971178531647,single
13,0.17493456529871518,0.26485624220422554,0.12092491709107234,0.42100422676245375,0.37420860420231244,-0.03406608112869328,0.18742994287908604,0.2500413766620265,0.1357411798588777,0.4276280900494408,0.20805703204806342,-0.004543176690827052,250,250,250,250,223,250,-0.02672098955951805,-0.023418824681049367,-0.055771141919814714,0.15466961377802568,0.09914700878029119,-0.1626136615227896,transformer.single_transformer_blocks.13,0.09416748583316803,0.10396835952997208,0.006082545965909958,0.0524250790476799,0.2594760060310364,0.09942832589149475,single
14,0.16229516292285562,0.24340418530222738,0.14932813418079793,0.4057072943139413,0.3616372321212212,-0.03316739754239729,0.1683156530504488,0.23624787596601546,0.1629795036720587,0.41456496903950457,0.2158829232820264,-0.011372341957471319,250,250,250,250,223,250,-0.024532933307415218,-0.03745283475213348,-0.0312174512157245,0.1396324160148842,0.08520251907876997,-0.15502463983093978,transformer.single_transformer_blocks.14,0.10795789957046509,0.1718631237745285,0.08905042707920074,0.11180976033210754,0.26454034447669983,0.1227879524230957,single
15,0.1718724543371162,0.2621506708509407,0.170523627413013,0.4211707576509862,0.32781492792569655,-0.026868845127151576,0.19191129458071327,0.2707769404310469,0.1871964671434743,0.43163557816925063,0.1931648977613103,-0.00029530072481159694,250,250,250,250,223,250,-0.016250296471980397,-0.01777339877022881,-0.016610459514806532,0.15878417440007947,0.060440805448441035,-0.1458208017647901,transformer.single_transformer_blocks.15,0.13967053592205048,0.2585902810096741,0.058344677090644836,0.24258092045783997,0.212045818567276,0.11025911569595337,single
16,0.15470300717972793,0.26645940307213206,0.15348892913239962,0.42838109231452526,0.322807509208307,-0.07412734160627511,0.17559948159170544,0.269933662938607,0.18944520712331395,0.4412180674890798,0.19580527035683984,-0.047693179090865456,250,250,250,250,223,250,-0.01872048230064476,-0.013903960486204726,-0.024729652554789382,0.16278858245893876,0.062221239895574154,-0.17190679810164355,transformer.single_transformer_blocks.16,0.09404699504375458,0.3081817030906677,0.006970979273319244,0.28105270862579346,0.2189539670944214,0.1620790660381317,single
17,0.13006509045059209,0.27590347975476626,0.17152140037345986,0.4316820691641007,0.333218872862973,-0.0829018339867767,0.1347965247443959,0.2838500456007296,0.20515105841693465,0.44580847693563097,0.22211918035909067,-0.04410425766812268,250,250,250,250,223,250,-0.03423657283587245,-0.007501453871357966,-0.011665135419545525,0.16674323909556857,0.06957635267654758,-0.17698400334425984,transformer.single_transformer_blocks.17,0.12417639791965485,0.2438284009695053,0.04683680459856987,0.2583446204662323,0.16193494200706482,0.1528657227754593,single
