status,pair_id,site,stack,block,scale,patched_onset_strength_max,target_baseline_onset_strength_max,source_baseline_onset_strength_max,patched_spectral_centroid_mean_hz,target_baseline_spectral_centroid_mean_hz,source_baseline_spectral_centroid_mean_hz,patched_decay_time_to_minus_20db_ms,target_baseline_decay_time_to_minus_20db_ms,source_baseline_decay_time_to_minus_20db_ms,patched_high_to_low_db,target_baseline_high_to_low_db,source_baseline_high_to_low_db,patched_tail_energy_fraction_500ms,target_baseline_tail_energy_fraction_500ms,source_baseline_tail_energy_fraction_500ms,patched_direct_to_late_db,target_baseline_direct_to_late_db,source_baseline_direct_to_late_db,patched_reverb_proxy_score,target_baseline_reverb_proxy_score,source_baseline_reverb_proxy_score,patched_late_energy_fraction_300ms,target_baseline_late_energy_fraction_300ms,source_baseline_late_energy_fraction_300ms,patched_late_energy_fraction_700ms,target_baseline_late_energy_fraction_700ms,source_baseline_late_energy_fraction_700ms
ok,01,transformer.transformer_blocks.3,dual,3,0.5,4.795341491699219,4.260855197906494,6.564885669946671,1874.5457763671875,2407.436279296875,2766.9749603271484,928.7981859410431,928.7981859410431,588.9160997732426,-16.015674781441028,-14.954365220773628,-9.898447334259401,0.9023302755552982,0.8762220613904942,0.6679174128828204,-13.272407666633455,-15.7263380047074,-11.020990460001563,0.8499653769630934,0.90450833785876,0.6766096820651057,0.9410074191399092,0.9214303181601712,0.6417285194905724,0.6538442126300666,0.8181502536921722,0.6394498394602475
ok,01,transformer.transformer_blocks.3,dual,3,1.0,2.3131303787231445,4.260855197906494,6.564885669946671,1643.3145751953125,2407.436279296875,2766.9749603271484,2641.2698412698414,928.7981859410431,588.9160997732426,-18.75680270285651,-14.954365220773628,-9.898447334259401,0.7946285359271269,0.8762220613904942,0.6679174128828204,-10.74458523958327,-15.7263380047074,-11.020990460001563,0.850195907418882,0.90450833785876,0.6766096820651057,0.8864655438771973,0.9214303181601712,0.6417285194905724,0.7418209681884526,0.8181502536921722,0.6394498394602475
ok,01,transformer.transformer_blocks.3,dual,3,2.0,1.3609859943389893,4.260855197906494,6.564885669946671,2952.214111328125,2407.436279296875,2766.9749603271484,1224.8526077097506,928.7981859410431,588.9160997732426,-6.679963759135159,-14.954365220773628,-9.898447334259401,0.8575330621995961,0.8762220613904942,0.6679174128828204,-10.681393777702715,-15.7263380047074,-11.020990460001563,0.8802613362844743,0.90450833785876,0.6766096820651057,0.9196396259744857,0.9214303181601712,0.6417285194905724,0.7998923049211721,0.8181502536921722,0.6394498394602475
ok,01,transformer.transformer_blocks.3,dual,3,4.0,1.2838859558105469,4.260855197906494,6.564885669946671,3496.610595703125,2407.436279296875,2766.9749603271484,348.29931972789115,928.7981859410431,588.9160997732426,-2.5465883067597455,-14.954365220773628,-9.898447334259401,0.857667425847779,0.8762220613904942,0.6679174128828204,-10.637156578361308,-15.7263380047074,-11.020990460001563,0.8782255721458269,0.90450833785876,0.6766096820651057,0.9210939203762855,0.9214303181601712,0.6417285194905724,0.7930728560450555,0.8181502536921722,0.6394498394602475
ok,02,transformer.transformer_blocks.3,dual,3,0.5,0.9343880414962769,1.1804083585739136,3.4844388306140903,1595.97119140625,911.5433349609375,1271.082015991211,342.49433106575964,748.843537414966,408.96145124716554,-24.75102753600307,-38.28922568703989,-33.233307800525665,0.6674312791874912,0.7035852929630447,0.4952806444553709,-8.368007891052635,-10.212825198996123,-5.507477654290286,0.716264310015471,0.7607974214225628,0.5328987656289086,0.7835004976572872,0.8137209106622096,0.534019111992611,0.4923970700698936,0.5556108347883785,0.3769104205564537
ok,02,transformer.transformer_blocks.3,dual,3,1.0,1.0325357913970947,1.1804083585739136,3.4844388306140903,2228.826904296875,911.5433349609375,1271.082015991211,127.70975056689343,748.843537414966,408.96145124716554,-14.334754270064545,-38.28922568703989,-33.233307800525665,0.0,0.7035852929630447,0.4952806444553709,-7.058838757837895,-10.212825198996123,-5.507477654290286,0.2785108986489619,0.7607974214225628,0.5328987656289086,0.0,0.8137209106622096,0.534019111992611,0.0,0.5556108347883785,0.3769104205564537
ok,02,transformer.transformer_blocks.3,dual,3,2.0,1.1216920614242554,1.1804083585739136,3.4844388306140903,2885.950927734375,911.5433349609375,1271.082015991211,121.9047619047619,748.843537414966,408.96145124716554,-8.27173812484202,-38.28922568703989,-33.233307800525665,0.0,0.7035852929630447,0.4952806444553709,-7.100329440592451,-10.212825198996123,-5.507477654290286,0.27894710785214677,0.7607974214225628,0.5328987656289086,0.0,0.8137209106622096,0.534019111992611,0.0,0.5556108347883785,0.3769104205564537
ok,02,transformer.transformer_blocks.3,dual,3,4.0,1.3069677352905273,1.1804083585739136,3.4844388306140903,3181.253173828125,911.5433349609375,1271.082015991211,539.8639455782312,748.843537414966,408.96145124716554,-5.258136451891363,-38.28922568703989,-33.233307800525665,0.6535825382129073,0.7035852929630447,0.4952806444553709,-7.77996928990759,-10.212825198996123,-5.507477654290286,0.7120057526184578,0.7607974214225628,0.5328987656289086,0.7723631827557663,0.8137209106622096,0.534019111992611,0.5065547342712987,0.5556108347883785,0.3769104205564537
ok,03,transformer.transformer_blocks.3,dual,3,0.5,6.827131748199463,3.348205089569092,5.6522355616092685,2204.502685546875,1680.0316162109375,2039.570297241211,1230.657596371882,1230.657596371882,890.7755102040815,-12.965137506443718,-15.992128954412962,-10.936211067898736,0.22353180854456497,0.5123665344246793,0.30406188591700545,-6.722690932888201,-7.974611663510046,-3.269264118804209,0.47031914627976956,0.6433843325126524,0.4154856767189981,0.47755859117295596,0.7048749634813317,0.425173164811733,0.10878041437833501,0.36277673402731087,0.18407631979538608
ok,03,transformer.transformer_blocks.3,dual,3,1.0,9.071558952331543,3.348205089569092,5.6522355616092685,2417.566650390625,1680.0316162109375,2039.570297241211,853.3333333333334,1230.657596371882,890.7755102040815,-9.516247678843836,-15.992128954412962,-10.936211067898736,0.054271912764207654,0.5123665344246793,0.30406188591700545,-5.0732410489760476,-7.974611663510046,-3.269264118804209,0.3259876449133629,0.6433843325126524,0.4154856767189981,0.19715734020331369,0.7048749634813317,0.425173164811733,0.017993885515452827,0.36277673402731087,0.18407631979538608
ok,03,transformer.transformer_blocks.3,dual,3,2.0,1.5484510660171509,3.348205089569092,5.6522355616092685,3978.329833984375,1680.0316162109375,2039.570297241211,824.3083900226758,1230.657596371882,890.7755102040815,7.9119830146871575,-15.992128954412962,-10.936211067898736,0.9901604560318125,0.5123665344246793,0.30406188591700545,-13.946867937579972,-7.974611663510046,-3.269264118804209,0.980518970893145,0.6433843325126524,0.4154856767189981,0.9946169177416764,0.7048749634813317,0.425173164811733,0.9856795199620328,0.36277673402731087,0.18407631979538608
ok,03,transformer.transformer_blocks.3,dual,3,4.0,1.4272804260253906,3.348205089569092,5.6522355616092685,4048.4921875,1680.0316162109375,2039.570297241211,1137.7777777777778,1230.657596371882,890.7755102040815,3.7584954807419875,-15.992128954412962,-10.936211067898736,0.8690892526769176,0.5123665344246793,0.30406188591700545,-14.871996083775167,-7.974611663510046,-3.269264118804209,0.9051111146521124,0.6433843325126524,0.4154856767189981,0.9312217784411231,0.7048749634813317,0.425173164811733,0.8156529996733846,0.36277673402731087,0.18407631979538608
ok,04,transformer.transformer_blocks.3,dual,3,0.5,2.4557297229766846,3.426016330718994,5.730046802759171,1788.0714111328125,1969.89794921875,2329.4366302490234,3244.988662131519,1845.9863945578231,1506.1043083900227,-20.940797090320626,-18.822430775870465,-13.766512889356239,0.5831699857945346,0.32535008376117536,0.11704543525350153,-5.50879447141329,-5.275438548971051,-0.5700910042652136,0.6662367150785758,0.5129606301192668,0.2850619743256126,0.7194640198800323,0.5045253542979016,0.22482355562830286,0.4987693750872575,0.2632244532522444,0.08452403902031963
ok,04,transformer.transformer_blocks.3,dual,3,1.0,6.802801132202148,3.426016330718994,5.730046802759171,2353.1640625,1969.89794921875,2329.4366302490234,609.5238095238096,1845.9863945578231,1506.1043083900227,-8.67053969511595,-18.822430775870465,-13.766512889356239,0.24208489816053205,0.32535008376117536,0.11704543525350153,-3.0525686370747414,-5.275438548971051,-0.5700910042652136,0.39950731083295854,0.5129606301192668,0.2850619743256126,0.3274106989884546,0.5045253542979016,0.22482355562830286,0.20228525913590448,0.2632244532522444,0.08452403902031963
ok,04,transformer.transformer_blocks.3,dual,3,2.0,7.415440559387207,3.426016330718994,5.730046802759171,3451.315673828125,1969.89794921875,2329.4366302490234,319.27437641723355,1845.9863945578231,1506.1043083900227,0.6937265664930559,-18.822430775870465,-13.766512889356239,0.09231522333507354,0.32535008376117536,0.11704543525350153,2.3903841545816276,-5.275438548971051,-0.5700910042652136,0.19011474679397944,0.5129606301192668,0.2850619743256126,0.12711391723841384,0.5045253542979016,0.22482355562830286,0.07746017188568748,0.2632244532522444,0.08452403902031963
ok,04,transformer.transformer_blocks.3,dual,3,4.0,1.2241322994232178,3.426016330718994,5.730046802759171,3356.737548828125,1969.89794921875,2329.4366302490234,1857.5963718820863,1845.9863945578231,1506.1043083900227,-4.511925853161369,-18.822430775870465,-13.766512889356239,0.8019379574399765,0.32535008376117536,0.11704543525350153,-8.286618121119925,-5.275438548971051,-0.5700910042652136,0.8275147205462264,0.5129606301192668,0.2850619743256126,0.8618053980098634,0.5045253542979016,0.22482355562830286,0.7499372337962559,0.2632244532522444,0.08452403902031963
ok,05,transformer.transformer_blocks.3,dual,3,0.5,13.418293952941895,11.389593124389648,13.693623596429825,1381.6544189453125,1183.2869873046875,1542.825668334961,313.46938775510205,406.3492063492063,66.46712018140585,-26.265173245267537,-30.33160532177306,-25.275687435258835,0.0,0.6668565355360423,0.45855188702836847,2.713037063478251,-2.2725553111375945,2.432792233568243,0.1253213659132137,0.6565410976022515,0.4286424418085973,0.02725080225623309,0.6847892699995715,0.40508747132997275,0.0,0.6569207250817959,0.4782203108498711
ok,05,transformer.transformer_blocks.3,dual,3,1.0,15.946961402893066,11.389593124389648,13.693623596429825,1840.505615234375,1183.2869873046875,1542.825668334961,255.41950113378687,406.3492063492063,66.46712018140585,-22.644406757912844,-30.33160532177306,-25.275687435258835,0.0,0.6668565355360423,0.45855188702836847,4.512833972190665,-2.2725553111375945,2.432792233568243,0.09113506768596774,0.6565410976022515,0.4286424418085973,0.012085072480943653,0.6847892699995715,0.40508747132997275,0.0,0.6569207250817959,0.4782203108498711
ok,05,transformer.transformer_blocks.3,dual,3,2.0,15.76993179321289,11.389593124389648,13.693623596429825,2361.42822265625,1183.2869873046875,1542.825668334961,156.73469387755102,406.3492063492063,66.46712018140585,-24.893438604609678,-30.33160532177306,-25.275687435258835,0.0,0.6668565355360423,0.45855188702836847,7.986709158260644,-2.2725553111375945,2.432792233568243,0.04733058586023848,0.6565410976022515,0.4286424418085973,0.004823070487105117,0.6847892699995715,0.40508747132997275,0.0,0.6569207250817959,0.4782203108498711
ok,05,transformer.transformer_blocks.3,dual,3,4.0,1.5694860219955444,11.389593124389648,13.693623596429825,3006.14501953125,1183.2869873046875,1542.825668334961,2101.40589569161,406.3492063492063,66.46712018140585,-6.35041500826071,-30.33160532177306,-25.275687435258835,0.8701267354356187,0.6668565355360423,0.45855188702836847,-11.80467556087179,-2.2725553111375945,2.432792233568243,0.8898912841695498,0.6565410976022515,0.4286424418085973,0.9104614967075603,0.6847892699995715,0.40508747132997275,0.8211245150454605,0.6569207250817959,0.4782203108498711
ok,01,transformer.single_transformer_blocks.3,single,3,0.5,4.843162536621094,4.260855197906494,6.564885669946671,2409.841064453125,2407.4365234375,2766.9752044677734,928.7981859410431,928.7981859410431,588.9160997732426,-14.30088876828702,-14.954365230389023,-9.898447343874796,0.9310281029613281,0.8762220613904942,0.6679174128828204,-11.528527581212142,-15.7263380047074,-11.020990460001563,0.9374798079329679,0.90450833785876,0.6766096820651057,0.9697762645557029,0.9214303181601712,0.6417285194905724,0.9083728023322597,0.8181502536921722,0.6394498394602475
ok,01,transformer.single_transformer_blocks.3,single,3,1.0,4.805403709411621,4.260855197906494,6.564885669946671,2513.32080078125,2407.4365234375,2766.9752044677734,592.1088435374149,928.7981859410431,588.9160997732426,-12.404115303855864,-14.954365230389023,-9.898447343874796,0.9319327649155863,0.8762220613904942,0.6679174128828204,-6.830251741241888,-15.7263380047074,-11.020990460001563,0.8984630660808235,0.90450833785876,0.6766096820651057,0.9489694948694128,0.9214303181601712,0.6417285194905724,0.9182481732191388,0.8181502536921722,0.6394498394602475
ok,01,transformer.single_transformer_blocks.3,single,3,2.0,1.2236030101776123,4.260855197906494,6.564885669946671,3282.3310546875,2407.4365234375,2766.9752044677734,348.29931972789115,928.7981859410431,588.9160997732426,-3.485849231612874,-14.954365230389023,-9.898447343874796,0.8648264922620993,0.8762220613904942,0.6679174128828204,-11.315362150329937,-15.7263380047074,-11.020990460001563,0.8845789652361634,0.90450833785876,0.6766096820651057,0.9159442917180033,0.9214303181601712,0.6417285194905724,0.8065805547602466,0.8181502536921722,0.6394498394602475
ok,01,transformer.single_transformer_blocks.3,single,3,4.0,1.094038724899292,4.260855197906494,6.564885669946671,3759.772705078125,2407.4365234375,2766.9752044677734,905.578231292517,928.7981859410431,588.9160997732426,-0.5908139941611456,-14.954365230389023,-9.898447343874796,0.8697297214112139,0.8762220613904942,0.6679174128828204,-12.90308754058438,-15.7263380047074,-11.020990460001563,0.8949838177512243,0.90450833785876,0.6766096820651057,0.9258099677162298,0.9214303181601712,0.6417285194905724,0.8078926916911973,0.8181502536921722,0.6394498394602475
ok,02,transformer.single_transformer_blocks.3,single,3,0.5,0.9626879096031189,1.1804088354110718,3.4844393074512485,1545.8118896484375,911.5433349609375,1271.082015991211,818.5034013605442,748.843537414966,408.96145124716554,-24.72818741077946,-38.28922513847376,-33.23330725195953,0.6754940601519036,0.7035852929630447,0.4952806444553709,-8.557582172253799,-10.212825198996123,-5.507477654290286,0.719379835442858,0.7607974214225628,0.5328987656289086,0.790745159677395,0.8137209106622096,0.534019111992611,0.4897342507560655,0.5556108347883785,0.3769104205564537
ok,02,transformer.single_transformer_blocks.3,single,3,1.0,0.9587658643722534,1.1804088354110718,3.4844393074512485,2177.807861328125,911.5433349609375,1271.082015991211,818.5034013605442,748.843537414966,408.96145124716554,-14.626803478280223,-38.28922513847376,-33.23330725195953,0.6580906763149921,0.7035852929630447,0.4952806444553709,-8.248144067368226,-10.212825198996123,-5.507477654290286,0.7141950631085466,0.7607974214225628,0.5328987656289086,0.7781415758473434,0.8137209106622096,0.534019111992611,0.4946420521309852,0.5556108347883785,0.3769104205564537
ok,02,transformer.single_transformer_blocks.3,single,3,2.0,0.9645085334777832,1.1804088354110718,3.4844393074512485,3011.3720703125,911.5433349609375,1271.082015991211,539.8639455782312,748.843537414966,408.96145124716554,-7.123182312511675,-38.28922513847376,-33.23330725195953,0.8599760006979266,0.7035852929630447,0.4952806444553709,-13.813036157171293,-10.212825198996123,-5.507477654290286,0.8927760319429637,0.7607974214225628,0.5328987656289086,0.9098272604929968,0.8137209106622096,0.534019111992611,0.8084043601020825,0.5556108347883785,0.3769104205564537
ok,02,transformer.single_transformer_blocks.3,single,3,4.0,1.1335786581039429,1.1804088354110718,3.4844393074512485,3661.283935546875,911.5433349609375,1271.082015991211,1422.2222222222222,748.843537414966,408.96145124716554,-1.8259774723558921,-38.28922513847376,-33.23330725195953,0.8672253925722708,0.7035852929630447,0.4952806444553709,-13.812205067505145,-10.212825198996123,-5.507477654290286,0.8951951013572526,0.7607974214225628,0.5328987656289086,0.9140248264193668,0.8137209106622096,0.534019111992611,0.8114713345112313,0.5556108347883785,0.3769104205564537
ok,03,transformer.single_transformer_blocks.3,single,3,0.5,5.852024078369141,3.348205804824829,5.652236276865006,1787.4222412109375,1680.0316162109375,2039.570297241211,1224.8526077097506,1230.657596371882,890.7755102040815,-15.912070099228364,-15.992129697512926,-10.9362118109987,0.3492213852141805,0.5123665344246793,0.30406188591700545,-7.00795292359381,-7.974611663510046,-3.269264118804209,0.5664921365547895,0.6433843325126524,0.4154856767189981,0.6153591943797869,0.7048749634813317,0.425173164811733,0.2502009659802102,0.36277673402731087,0.18407631979538608
ok,03,transformer.single_transformer_blocks.3,single,3,1.0,8.558551788330078,3.348205804824829,5.652236276865006,2661.796875,1680.0316162109375,2039.570297241211,650.1587301587301,1230.657596371882,890.7755102040815,-8.990765156829873,-15.992129697512926,-10.9362118109987,0.04300310752061312,0.5123665344246793,0.30406188591700545,-4.4644471932715675,-7.974611663510046,-3.269264118804209,0.31250264116508514,0.6433843325126524,0.4154856767189981,0.17997085546907632,0.7048749634813317,0.425173164811733,0.021013569491865836,0.36277673402731087,0.18407631979538608
ok,03,transformer.single_transformer_blocks.3,single,3,2.0,1.861159086227417,3.348205804824829,5.652236276865006,3247.561279296875,1680.0316162109375,2039.570297241211,1056.5079365079366,1230.657596371882,890.7755102040815,-2.6780936769611277,-15.992129697512926,-10.9362118109987,0.9195644236691589,0.5123665344246793,0.30406188591700545,-12.36515885631039,-7.974611663510046,-3.269264118804209,0.9273596945269018,0.6433843325126524,0.4154856767189981,0.9535177072244558,0.7048749634813317,0.425173164811733,0.8833884883244719,0.36277673402731087,0.18407631979538608
ok,03,transformer.single_transformer_blocks.3,single,3,4.0,1.9139872789382935,3.348205804824829,5.652236276865006,3803.001220703125,1680.0316162109375,2039.570297241211,2333.6054421768704,1230.657596371882,890.7755102040815,1.292556626468805,-15.992129697512926,-10.9362118109987,0.8760389497478699,0.5123665344246793,0.30406188591700545,-13.778783900157094,-7.974611663510046,-3.269264118804209,0.9041147305475629,0.6433843325126524,0.4154856767189981,0.9330119951533619,0.7048749634813317,0.425173164811733,0.8195389759682926,0.36277673402731087,0.18407631979538608
ok,04,transformer.single_transformer_blocks.3,single,3,0.5,2.3414742946624756,3.426016330718994,5.730046802759171,1964.6815185546875,1969.89794921875,2329.4366302490234,3256.5986394557826,1845.9863945578231,1506.1043083900227,-19.30151540926098,-18.822430775870465,-13.766512889356239,0.6123826418754736,0.32535008376117536,0.11704543525350153,-4.754782811103099,-5.275438548971051,-0.5700910042652136,0.6688518069833546,0.5129606301192668,0.2850619743256126,0.7282747882218582,0.5045253542979016,0.22482355562830286,0.528990632105152,0.2632244532522444,0.08452403902031963
ok,04,transformer.single_transformer_blocks.3,single,3,1.0,2.806549310684204,3.426016330718994,5.730046802759171,2511.61083984375,1969.89794921875,2329.4366302490234,2977.9591836734694,1845.9863945578231,1506.1043083900227,-14.24423179762173,-18.822430775870465,-13.766512889356239,0.7496579693880359,0.32535008376117536,0.11704543525350153,-8.436877790287305,-5.275438548971051,-0.5700910042652136,0.8052243975183847,0.5129606301192668,0.2850619743256126,0.8676733363882285,0.5045253542979016,0.22482355562830286,0.6733554563977522,0.2632244532522444,0.08452403902031963
ok,04,transformer.single_transformer_blocks.3,single,3,2.0,1.4959149360656738,3.426016330718994,5.730046802759171,3589.455322265625,1969.89794921875,2329.4366302490234,2020.136054421769,1845.9863945578231,1506.1043083900227,-5.0490227985319045,-18.822430775870465,-13.766512889356239,0.8792234977820387,0.32535008376117536,0.11704543525350153,-11.342177953776599,-5.275438548971051,-0.5700910042652136,0.8909112285747588,0.5129606301192668,0.2850619743256126,0.9360332997840233,0.5045253542979016,0.22482355562830286,0.8050938691518319,0.2632244532522444,0.08452403902031963
ok,04,transformer.single_transformer_blocks.3,single,3,4.0,1.1123806238174438,3.426016330718994,5.730046802759171,3683.04638671875,1969.89794921875,2329.4366302490234,1967.891156462585,1845.9863945578231,1506.1043083900227,-2.621444834171667,-18.822430775870465,-13.766512889356239,0.8608878889640185,0.32535008376117536,0.11704543525350153,-12.827960974670267,-5.275438548971051,-0.5700910042652136,0.8895296109402598,0.5129606301192668,0.2850619743256126,0.9250852925805235,0.5045253542979016,0.22482355562830286,0.7930632485331015,0.2632244532522444,0.08452403902031963
ok,05,transformer.single_transformer_blocks.3,single,3,0.5,13.404077529907227,11.389593124389648,13.693623596429825,1481.47998046875,1183.2869873046875,1542.825668334961,307.6643990929705,406.3492063492063,66.46712018140585,-25.18907118408759,-30.33160532177306,-25.275687435258835,0.0,0.6668565355360423,0.45855188702836847,3.0151574846162226,-2.2725553111375945,2.432792233568243,0.12026136311487239,0.6565410976022515,0.4286424418085973,0.027699262360345596,0.6847892699995715,0.40508747132997275,0.0,0.6569207250817959,0.4782203108498711
ok,05,transformer.single_transformer_blocks.3,single,3,1.0,15.445448875427246,11.389593124389648,13.693623596429825,1983.0902099609375,1183.2869873046875,1542.825668334961,220.58956916099774,406.3492063492063,66.46712018140585,-21.740138402013656,-30.33160532177306,-25.275687435258835,0.0,0.6668565355360423,0.45855188702836847,6.214399059134328,-2.2725553111375945,2.432792233568243,0.06762654767027419,0.6565410976022515,0.4286424418085973,0.009923994554182965,0.6847892699995715,0.40508747132997275,0.0,0.6569207250817959,0.4782203108498711
ok,05,transformer.single_transformer_blocks.3,single,3,2.0,15.913724899291992,11.389593124389648,13.693623596429825,2643.10986328125,1183.2869873046875,1542.825668334961,145.12471655328798,406.3492063492063,66.46712018140585,-16.974223401312095,-30.33160532177306,-25.275687435258835,0.0,0.6668565355360423,0.45855188702836847,9.648277403923545,-2.2725553111375945,2.432792233568243,0.03347601289269347,0.6565410976022515,0.4286424418085973,0.002600357969437879,0.6847892699995715,0.40508747132997275,0.0,0.6569207250817959,0.4782203108498711
ok,05,transformer.single_transformer_blocks.3,single,3,4.0,6.182000637054443,11.389593124389648,13.693623596429825,3298.195068359375,1183.2869873046875,1542.825668334961,191.56462585034015,406.3492063492063,66.46712018140585,-8.502007394426267,-30.33160532177306,-25.275687435258835,0.0,0.6668565355360423,0.45855188702836847,7.66941306182365,-2.2725553111375945,2.432792233568243,0.05661241080798365,0.6565410976022515,0.4286424418085973,0.023790226111230786,0.6847892699995715,0.40508747132997275,0.0,0.6569207250817959,0.4782203108498711
ok,01,transformer.single_transformer_blocks.6,single,6,0.5,5.883317947387695,4.260855197906494,6.564885669946671,2374.716796875,2407.436279296875,2766.9749603271484,928.7981859410431,928.7981859410431,588.9160997732426,-14.418939341789013,-14.954365220773628,-9.898447334259401,0.9324683671133293,0.8762220613904942,0.6679174128828204,-10.078056985820648,-15.7263380047074,-11.020990460001563,0.9295758225464583,0.90450833785876,0.6766096820651057,0.9683071088331313,0.9214303181601712,0.6417285194905724,0.9098549356092598,0.8181502536921722,0.6394498394602475
ok,01,transformer.single_transformer_blocks.6,single,6,1.0,4.443844795227051,4.260855197906494,6.564885669946671,2296.222900390625,2407.436279296875,2766.9749603271484,928.7981859410431,928.7981859410431,588.9160997732426,-12.84444151859869,-14.954365220773628,-9.898447334259401,0.9681235799337271,0.8762220613904942,0.6679174128828204,-10.4498357200758,-15.7263380047074,-11.020990460001563,0.9498249383281281,0.90450833785876,0.6766096820651057,0.9768722942726237,0.9214303181601712,0.6417285194905724,0.9553064181512514,0.8181502536921722,0.6394498394602475
ok,01,transformer.single_transformer_blocks.6,single,6,2.0,1.4006054401397705,4.260855197906494,6.564885669946671,2722.917236328125,2407.436279296875,2766.9749603271484,348.29931972789115,928.7981859410431,588.9160997732426,-8.909874673289293,-14.954365220773628,-9.898447334259401,0.8614941990113736,0.8762220613904942,0.6679174128828204,-10.807899553880105,-15.7263380047074,-11.020990460001563,0.8835925090316671,0.90450833785876,0.6766096820651057,0.9243064745072096,0.9214303181601712,0.6417285194905724,0.8031315219398687,0.8181502536921722,0.6394498394602475
ok,01,transformer.single_transformer_blocks.6,single,6,4.0,1.0633609294891357,4.260855197906494,6.564885669946671,3825.779052734375,2407.436279296875,2766.9749603271484,940.408163265306,928.7981859410431,588.9160997732426,-0.021221157565966584,-14.954365220773628,-9.898447334259401,0.8631458898327915,0.8762220613904942,0.6679174128828204,-10.926908909046029,-15.7263380047074,-11.020990460001563,0.8835792427040058,0.90450833785876,0.6766096820651057,0.9219687212157444,0.9214303181601712,0.6417285194905724,0.8035121602656041,0.8181502536921722,0.6394498394602475
ok,02,transformer.single_transformer_blocks.6,single,6,0.5,1.0290923118591309,1.1804088354110718,3.4844393074512485,1610.5927734375,911.5433349609375,1271.082015991211,818.5034013605442,748.843537414966,408.96145124716554,-23.883190770798244,-38.28922513847376,-33.23330725195953,0.6799110978743601,0.7035852929630447,0.4952806444553709,-8.575524424154812,-10.212825198996123,-5.507477654290286,0.7215922264625266,0.7607974214225628,0.5328987656289086,0.7941837751231722,0.8137209106622096,0.534019111992611,0.4924899045440899,0.5556108347883785,0.3769104205564537
ok,02,transformer.single_transformer_blocks.6,single,6,1.0,1.139628529548645,1.1804088354110718,3.4844393074512485,2286.14599609375,911.5433349609375,1271.082015991211,818.5034013605442,748.843537414966,408.96145124716554,-13.53094309102123,-38.28922513847376,-33.23330725195953,0.6870984464185597,0.7035852929630447,0.4952806444553709,-7.9975893601079395,-10.212825198996123,-5.507477654290286,0.7125272193431637,0.7607974214225628,0.5328987656289086,0.7910960857100877,0.8137209106622096,0.534019111992611,0.48335802281943646,0.5556108347883785,0.3769104205564537
ok,02,transformer.single_transformer_blocks.6,single,6,2.0,0.9807716608047485,1.1804088354110718,3.4844393074512485,3079.43310546875,911.5433349609375,1271.082015991211,818.5034013605442,748.843537414966,408.96145124716554,-6.62051718463034,-38.28922513847376,-33.23330725195953,0.3757357956955222,0.7035852929630447,0.4952806444553709,-6.341624836011524,-10.212825198996123,-5.507477654290286,0.5168855421972136,0.7607974214225628,0.5328987656289086,0.5811357450044113,0.8137209106622096,0.534019111992611,0.15795561873884784,0.5556108347883785,0.3769104205564537
ok,02,transformer.single_transformer_blocks.6,single,6,4.0,1.018601417541504,1.1804088354110718,3.4844393074512485,3787.5078125,911.5433349609375,1271.082015991211,208.9795918367347,748.843537414966,408.96145124716554,-0.9555071173748153,-38.28922513847376,-33.23330725195953,0.0,0.7035852929630447,0.4952806444553709,-6.488473755251,-10.212825198996123,-5.507477654290286,0.2722272761433755,0.7607974214225628,0.5328987656289086,0.0,0.8137209106622096,0.534019111992611,0.0,0.5556108347883785,0.3769104205564537
ok,03,transformer.single_transformer_blocks.6,single,6,0.5,5.860720157623291,3.348205089569092,5.6522355616092685,1833.0821533203125,1680.0316162109375,2039.570297241211,1224.8526077097506,1230.657596371882,890.7755102040815,-15.088142185439143,-15.992128954412962,-10.936211067898736,0.3320587737668215,0.5123665344246793,0.30406188591700545,-6.886830601696264,-7.974611663510046,-3.269264118804209,0.5563579083068974,0.6433843325126524,0.4154856767189981,0.6044350036296844,0.7048749634813317,0.425173164811733,0.2346212136985635,0.36277673402731087,0.18407631979538608
ok,03,transformer.single_transformer_blocks.6,single,6,1.0,8.316827774047852,3.348205089569092,5.6522355616092685,2876.643798828125,1680.0316162109375,2039.570297241211,615.328798185941,1230.657596371882,890.7755102040815,-6.770076946131374,-15.992128954412962,-10.936211067898736,0.03869861016676256,0.5123665344246793,0.30406188591700545,-4.216007034151803,-7.974611663510046,-3.269264118804209,0.3123621050597747,0.6433843325126524,0.4154856767189981,0.19769824147656911,0.7048749634813317,0.425173164811733,0.014114827329154018,0.36277673402731087,0.18407631979538608
ok,03,transformer.single_transformer_blocks.6,single,6,2.0,6.292062759399414,3.348205089569092,5.6522355616092685,3671.327392578125,1680.0316162109375,2039.570297241211,621.1337868480725,1230.657596371882,890.7755102040815,4.589075104589569,-15.992128954412962,-10.936211067898736,0.04360085222587413,0.5123665344246793,0.30406188591700545,-1.0945670361752882,-7.974611663510046,-3.269264118804209,0.26193551338938786,0.6433843325126524,0.4154856767189981,0.2063341841754627,0.7048749634813317,0.425173164811733,0.0167954358828187,0.36277673402731087,0.18407631979538608
ok,03,transformer.single_transformer_blocks.6,single,6,4.0,1.7258789539337158,3.348205089569092,5.6522355616092685,4119.279296875,1680.0316162109375,2039.570297241211,818.5034013605442,1230.657596371882,890.7755102040815,4.3710792239091525,-15.992128954412962,-10.936211067898736,0.8740678008085889,0.5123665344246793,0.30406188591700545,-13.779111701805515,-7.974611663510046,-3.269264118804209,0.9045216599071914,0.6433843325126524,0.4154856767189981,0.932732802669862,0.7048749634813317,0.425173164811733,0.8210360438778931,0.36277673402731087,0.18407631979538608
ok,04,transformer.single_transformer_blocks.6,single,6,0.5,2.883323907852173,3.4260165691375732,5.73004704117775,2053.614990234375,1969.89794921875,2329.4366302490234,3256.5986394557826,1845.9863945578231,1506.1043083900227,-18.198301921824193,-18.82243025450175,-13.766512367987524,0.5408352821330533,0.32535008376117536,0.11704543525350153,-4.417673063253672,-5.275438548971051,-0.5700910042652136,0.6246112675253656,0.5129606301192668,0.2850619743256126,0.6767871583491442,0.5045253542979016,0.22482355562830286,0.4626184804813134,0.2632244532522444,0.08452403902031963
ok,04,transformer.single_transformer_blocks.6,single,6,1.0,4.45197868347168,3.4260165691375732,5.73004704117775,2572.782470703125,1969.89794921875,2329.4366302490234,2083.9909297052154,1845.9863945578231,1506.1043083900227,-11.52228537729657,-18.82243025450175,-13.766512367987524,0.36780780667708984,0.32535008376117536,0.11704543525350153,-5.370633617808114,-5.275438548971051,-0.5700910042652136,0.521707374044319,0.5129606301192668,0.2850619743256126,0.48562073453996923,0.5045253542979016,0.22482355562830286,0.3045238019059005,0.2632244532522444,0.08452403902031963
ok,04,transformer.single_transformer_blocks.6,single,6,2.0,7.013551712036133,3.4260165691375732,5.73004704117775,3665.7939453125,1969.89794921875,2329.4366302490234,284.44444444444446,1845.9863945578231,1506.1043083900227,1.0844877124125865,-18.82243025450175,-13.766512367987524,0.0927573270981309,0.32535008376117536,0.11704543525350153,2.495690640656872,-5.275438548971051,-0.5700910042652136,0.1832959890216639,0.5129606301192668,0.2850619743256126,0.10898814723312893,0.5045253542979016,0.22482355562830286,0.080736187703122,0.2632244532522444,0.08452403902031963
ok,04,transformer.single_transformer_blocks.6,single,6,4.0,4.296964168548584,3.4260165691375732,5.73004704117775,3823.94873046875,1969.89794921875,2329.4366302490234,255.41950113378687,1845.9863945578231,1506.1043083900227,1.818293982562242,-18.82243025450175,-13.766512367987524,0.30204519337184527,0.32535008376117536,0.11704543525350153,5.521071338431984,-5.275438548971051,-0.5700910042652136,0.2718337411880034,0.5129606301192668,0.2850619743256126,0.33339181440845594,0.5045253542979016,0.22482355562830286,0.26307010803058206,0.2632244532522444,0.08452403902031963
ok,05,transformer.single_transformer_blocks.6,single,6,0.5,13.740948677062988,11.389593124389648,13.693623596429825,1492.92919921875,1183.2869873046875,1542.825668334961,307.6643990929705,406.3492063492063,66.46712018140585,-25.14318262626999,-30.33160532177306,-25.275687435258835,0.0,0.6668565355360423,0.45855188702836847,2.810199232906686,-2.2725553111375945,2.432792233568243,0.12264610399901364,0.6565410976022515,0.4286424418085973,0.024288718113000263,0.6847892699995715,0.40508747132997275,0.0,0.6569207250817959,0.4782203108498711
ok,05,transformer.single_transformer_blocks.6,single,6,1.0,16.068191528320312,11.389593124389648,13.693623596429825,1989.4979248046875,1183.2869873046875,1542.825668334961,226.39455782312925,406.3492063492063,66.46712018140585,-21.881211987159652,-30.33160532177306,-25.275687435258835,0.0,0.6668565355360423,0.45855188702836847,5.6350522995198835,-2.2725553111375945,2.432792233568243,0.07414033790831051,0.6565410976022515,0.4286424418085973,0.007838108997425116,0.6847892699995715,0.40508747132997275,0.0,0.6569207250817959,0.4782203108498711
ok,05,transformer.single_transformer_blocks.6,single,6,2.0,16.45164680480957,11.389593124389648,13.693623596429825,2702.688232421875,1183.2869873046875,1542.825668334961,116.09977324263039,406.3492063492063,66.46712018140585,-21.224247829490928,-30.33160532177306,-25.275687435258835,0.0,0.6668565355360423,0.45855188702836847,11.502530597509226,-2.2725553111375945,2.432792233568243,0.02230646582511173,0.6565410976022515,0.4286424418085973,0.000841304167179798,0.6847892699995715,0.40508747132997275,0.0,0.6569207250817959,0.4782203108498711
ok,05,transformer.single_transformer_blocks.6,single,6,4.0,10.082300186157227,11.389593124389648,13.693623596429825,3446.089111328125,1183.2869873046875,1542.825668334961,98.68480725623583,406.3492063492063,66.46712018140585,-9.929963355969118,-30.33160532177306,-25.275687435258835,0.0,0.6668565355360423,0.45855188702836847,14.300394969072325,-2.2725553111375945,2.432792233568243,0.014067781076442139,0.6565410976022515,0.4286424418085973,0.006383896694394044,0.6847892699995715,0.40508747132997275,0.0,0.6569207250817959,0.4782203108498711
ok,01,transformer.single_transformer_blocks.9,single,9,0.5,5.767272472381592,4.260855197906494,6.564885669946671,2466.310546875,2407.4365234375,2766.9752044677734,928.7981859410431,928.7981859410431,588.9160997732426,-13.687674413539758,-14.954365230389023,-9.898447343874796,0.9248741817231452,0.8762220613904942,0.6679174128828204,-11.444415341402326,-15.7263380047074,-11.020990460001563,0.9324626142010453,0.90450833785876,0.6766096820651057,0.9670604674445424,0.9214303181601712,0.6417285194905724,0.8972360771938946,0.8181502536921722,0.6394498394602475
ok,01,transformer.single_transformer_blocks.9,single,9,1.0,4.530697345733643,4.260855197906494,6.564885669946671,2309.984375,2407.4365234375,2766.9752044677734,928.7981859410431,928.7981859410431,588.9160997732426,-13.448791227408762,-14.954365230389023,-9.898447343874796,0.8752379001304654,0.8762220613904942,0.6679174128828204,-9.517218423172212,-15.7263380047074,-11.020990460001563,0.8890151542345524,0.90450833785876,0.6766096820651057,0.91259791807636,0.9214303181601712,0.6417285194905724,0.8549711232567907,0.8181502536921722,0.6394498394602475
ok,01,transformer.single_transformer_blocks.9,single,9,2.0,1.669985055923462,4.260855197906494,6.564885669946671,2510.749755859375,2407.4365234375,2766.9752044677734,348.29931972789115,928.7981859410431,588.9160997732426,-11.484318120914896,-14.954365230389023,-9.898447343874796,0.0,0.8762220613904942,0.6679174128828204,-7.372185602116009,-15.7263380047074,-11.020990460001563,0.3586327080865816,0.90450833785876,0.6766096820651057,0.23068907808959543,0.9214303181601712,0.6417285194905724,0.0,0.8181502536921722,0.6394498394602475
ok,01,transformer.single_transformer_blocks.9,single,9,4.0,1.0233676433563232,4.260855197906494,6.564885669946671,4005.734375,2407.4365234375,2766.9752044677734,917.1882086167801,928.7981859410431,588.9160997732426,2.3960295744004796,-14.954365230389023,-9.898447343874796,0.8771961897879833,0.8762220613904942,0.6679174128828204,-10.18354027369988,-15.7263380047074,-11.020990460001563,0.8878077288420454,0.90450833785876,0.6766096820651057,0.9267316639344267,0.9214303181601712,0.6417285194905724,0.8241677711352282,0.8181502536921722,0.6394498394602475
ok,02,transformer.single_transformer_blocks.9,single,9,0.5,0.9647246599197388,1.1804088354110718,3.4844393074512485,1529.854248046875,911.5433349609375,1271.082015991211,818.5034013605442,748.843537414966,408.96145124716554,-27.129288784262073,-38.28922513847376,-33.23330725195953,0.6766946934423529,0.7035852929630447,0.4952806444553709,-8.505334353244871,-10.212825198996123,-5.507477654290286,0.7187344617847433,0.7607974214225628,0.5328987656289086,0.7903510846958977,0.8137209106622096,0.534019111992611,0.48948983444093375,0.5556108347883785,0.3769104205564537
ok,02,transformer.single_transformer_blocks.9,single,9,1.0,1.0655611753463745,1.1804088354110718,3.4844393074512485,2216.836669921875,911.5433349609375,1271.082015991211,127.70975056689343,748.843537414966,408.96145124716554,-15.509060296029071,-38.28922513847376,-33.23330725195953,0.0,0.7035852929630447,0.4952806444553709,-7.435669711088561,-10.212825198996123,-5.507477654290286,0.2823706206112793,0.7607974214225628,0.5328987656289086,0.0,0.8137209106622096,0.534019111992611,0.0,0.5556108347883785,0.3769104205564537
ok,02,transformer.single_transformer_blocks.9,single,9,2.0,1.1221091747283936,1.1804088354110718,3.4844393074512485,3084.343017578125,911.5433349609375,1271.082015991211,818.5034013605442,748.843537414966,408.96145124716554,-6.431563137749682,-38.28922513847376,-33.23330725195953,0.8227739943507729,0.7035852929630447,0.4952806444553709,-11.145404638570234,-10.212825198996123,-5.507477654290286,0.8616261755732766,0.7607974214225628,0.5328987656289086,0.8764395112414631,0.8137209106622096,0.534019111992611,0.7797764482669199,0.5556108347883785,0.3769104205564537
ok,02,transformer.single_transformer_blocks.9,single,9,4.0,1.0530261993408203,1.1804088354110718,3.4844393074512485,3913.242431640625,911.5433349609375,1271.082015991211,830.1133786848072,748.843537414966,408.96145124716554,0.5241719932967008,-38.28922513847376,-33.23330725195953,0.8661780681859599,0.7035852929630447,0.4952806444553709,-13.33991380068859,-10.212825198996123,-5.507477654290286,0.8937413726139706,0.7607974214225628,0.5328987656289086,0.9110639506865934,0.8137209106622096,0.534019111992611,0.8144530005305015,0.5556108347883785,0.3769104205564537
ok,03,transformer.single_transformer_blocks.9,single,9,0.5,6.159472465515137,3.348205804824829,5.652236276865006,2174.752197265625,1680.0316162109375,2039.570297241211,1224.8526077097506,1230.657596371882,890.7755102040815,-12.38405452412042,-15.992129697512926,-10.9362118109987,0.26987083986531146,0.5123665344246793,0.30406188591700545,-6.974216934663243,-7.974611663510046,-3.269264118804209,0.5076176472764752,0.6433843325126524,0.4154856767189981,0.5292300398320893,0.7048749634813317,0.425173164811733,0.16078531247945238,0.36277673402731087,0.18407631979538608
ok,03,transformer.single_transformer_blocks.9,single,9,1.0,8.368993759155273,3.348205804824829,5.652236276865006,2807.20166015625,1680.0316162109375,2039.570297241211,661.7687074829932,1230.657596371882,890.7755102040815,-7.259570422592537,-15.992129697512926,-10.9362118109987,0.04133358989888949,0.5123665344246793,0.30406188591700545,-4.735285861381592,-7.974611663510046,-3.269264118804209,0.31272656457141135,0.6433843325126524,0.4154856767189981,0.17143263401165923,0.7048749634813317,0.425173164811733,0.018301344975986646,0.36277673402731087,0.18407631979538608
ok,03,transformer.single_transformer_blocks.9,single,9,2.0,8.38206958770752,3.348205804824829,5.652236276865006,3455.396728515625,1680.0316162109375,2039.570297241211,458.59410430839006,1230.657596371882,890.7755102040815,0.3348251435479915,-15.992129697512926,-10.9362118109987,0.020869649862483696,0.5123665344246793,0.30406188591700545,0.4038799499689467,-7.974611663510046,-3.269264118804209,0.1814396666286764,0.6433843325126524,0.4154856767189981,0.05517474258648694,0.7048749634813317,0.425173164811733,0.012376714876650808,0.36277673402731087,0.18407631979538608
ok,03,transformer.single_transformer_blocks.9,single,9,4.0,1.7308926582336426,3.348205804824829,5.652236276865006,4258.48681640625,1680.0316162109375,2039.570297241211,1236.4625850340137,1230.657596371882,890.7755102040815,6.0265131704367505,-15.992129697512926,-10.9362118109987,0.8849477278584584,0.5123665344246793,0.30406188591700545,-13.047399855013055,-7.974611663510046,-3.269264118804209,0.9085435143720426,0.6433843325126524,0.4154856767189981,0.9376445746425766,0.7048749634813317,0.425173164811733,0.83521909182392,0.36277673402731087,0.18407631979538608
ok,04,transformer.single_transformer_blocks.9,single,9,0.5,2.3720107078552246,3.426016330718994,5.730046802759171,2052.29443359375,1969.89794921875,2329.4366302490234,3244.988662131519,1845.9863945578231,1506.1043083900227,-18.012665590166762,-18.822430775870465,-13.766512889356239,0.6136615028873759,0.32535008376117536,0.11704543525350153,-5.347985566451753,-5.275438548971051,-0.5700910042652136,0.678451695598024,0.5129606301192668,0.2850619743256126,0.7338933840685659,0.5045253542979016,0.22482355562830286,0.527394834542034,0.2632244532522444,0.08452403902031963
ok,04,transformer.single_transformer_blocks.9,single,9,1.0,2.7288198471069336,3.426016330718994,5.730046802759171,2536.18017578125,1969.89794921875,2329.4366302490234,2025.9410430839005,1845.9863945578231,1506.1043083900227,-13.396634371711132,-18.822430775870465,-13.766512889356239,0.7391456608554045,0.32535008376117536,0.11704543525350153,-7.982139923733612,-5.275438548971051,-0.5700910042652136,0.7909902608264753,0.5129606301192668,0.2850619743256126,0.857453836207667,0.5045253542979016,0.22482355562830286,0.6528102011657433,0.2632244532522444,0.08452403902031963
ok,04,transformer.single_transformer_blocks.9,single,9,2.0,5.430725574493408,3.426016330718994,5.730046802759171,3429.555908203125,1969.89794921875,2329.4366302490234,499.22902494331066,1845.9863945578231,1506.1043083900227,-4.420254635467728,-18.822430775870465,-13.766512889356239,0.14124056013952813,0.32535008376117536,0.11704543525350153,-2.6149152892111,-5.275438548971051,-0.5700910042652136,0.3206267665651667,0.5129606301192668,0.2850619743256126,0.19664494707832425,0.5045253542979016,0.22482355562830286,0.11909726120544206,0.2632244532522444,0.08452403902031963
ok,04,transformer.single_transformer_blocks.9,single,9,4.0,3.0167829990386963,3.426016330718994,5.730046802759171,3884.349365234375,1969.89794921875,2329.4366302490234,2089.795918367347,1845.9863945578231,1506.1043083900227,-0.4172592753709621,-18.822430775870465,-13.766512889356239,0.30217067019699884,0.32535008376117536,0.11704543525350153,-0.4396644170774118,-5.275438548971051,-0.5700910042652136,0.37545376247404755,0.5129606301192668,0.2850619743256126,0.33810057205864497,0.5045253542979016,0.22482355562830286,0.2629731906397387,0.2632244532522444,0.08452403902031963
ok,05,transformer.single_transformer_blocks.9,single,9,0.5,13.040288925170898,11.389593124389648,13.693623596429825,1513.536376953125,1183.2869873046875,1542.825668334961,313.46938775510205,406.3492063492063,66.46712018140585,-24.434330617690758,-30.33160532177306,-25.275687435258835,0.0,0.6668565355360423,0.45855188702836847,2.7589363382248266,-2.2725553111375945,2.432792233568243,0.12446372702664849,0.6565410976022515,0.4286424418085973,0.027074313425224854,0.6847892699995715,0.40508747132997275,0.0,0.6569207250817959,0.4782203108498711
ok,05,transformer.single_transformer_blocks.9,single,9,1.0,14.481352806091309,11.389593124389648,13.693623596429825,2019.0152587890625,1183.2869873046875,1542.825668334961,238.0045351473923,406.3492063492063,66.46712018140585,-22.06415120675034,-30.33160532177306,-25.275687435258835,0.0,0.6668565355360423,0.45855188702836847,5.169275044534764,-2.2725553111375945,2.432792233568243,0.08106943264898074,0.6565410976022515,0.4286424418085973,0.009997570357993138,0.6847892699995715,0.40508747132997275,0.0,0.6569207250817959,0.4782203108498711
ok,05,transformer.single_transformer_blocks.9,single,9,2.0,15.537131309509277,11.389593124389648,13.693623596429825,2758.832275390625,1183.2869873046875,1542.825668334961,139.31972789115645,406.3492063492063,66.46712018140585,-17.695030511325914,-30.33160532177306,-25.275687435258835,0.0,0.6668565355360423,0.45855188702836847,10.141899084675536,-2.2725553111375945,2.432792233568243,0.030428973181603484,0.6565410976022515,0.4286424418085973,0.0030422645516573143,0.6847892699995715,0.40508747132997275,0.0,0.6569207250817959,0.4782203108498711
ok,05,transformer.single_transformer_blocks.9,single,9,4.0,3.926612615585327,11.389593124389648,13.693623596429825,3659.429931640625,1183.2869873046875,1542.825668334961,435.3741496598639,406.3492063492063,66.46712018140585,-3.3474675650621917,-30.33160532177306,-25.275687435258835,0.9098138332169257,0.6668565355360423,0.45855188702836847,-9.036182936876962,-2.2725553111375945,2.432792233568243,0.9016366074949431,0.6565410976022515,0.4286424418085973,0.935610192308042,0.6847892699995715,0.40508747132997275,0.8802906528171959,0.6569207250817959,0.4782203108498711
