job_id,pair_id,concept,label,side,sample_index,seed,duration,steps,guidance_scale,prompt,wav_path,status,error,sample_rate,duration_seconds,rms_dbfs,peak_dbfs,clip_fraction,silence_fraction,spectral_centroid_mean_hz,spectral_centroid_median_hz,spectral_centroid_std_hz,rolloff_85_mean_hz,rolloff_85_median_hz,rolloff_95_mean_hz,rolloff_95_median_hz,low_band_energy,high_band_energy,total_energy,high_to_low_ratio,high_to_low_db,high_to_total_ratio,onset_strength_mean,onset_strength_median,onset_strength_max,onset_strength_p95,onset_count,onset_rate_per_second,mean_inter_onset_interval_ms,median_inter_onset_interval_ms,attack_time_ms_first,attack_time_ms_median,attack_time_ms_min,attack_time_ms_valid_count,transient_energy_total,non_transient_energy_total,transient_energy_fraction,transient_energy_per_onset_mean
01-positive-sample-000-seed-301,01,clear_muffled,positive,positive,0,301,3.0,50,4.0,a clear small bell rings once in a quiet room,/outputs/clear-muffled-v1/01/positive/01-positive-sample-000-seed-301.wav,ok,,44100,3.0,-39.81177795038889,-27.132705764709826,0.0,0.008072562515735626,1804.883056640625,1818.8348388671875,170.85499572753906,4162.89208984375,4198.974609375,6547.59033203125,6589.16015625,20620.201171875,196.85902404785156,21268.673828125,0.009546901235685235,-20.20137570262035,0.00925582035056326,0.5032234191894531,0.4991351366043091,1.2768691778182983,0.6730935573577881,40,13.333333333333334,75.46485260770974,81.26984126984127,217.68707482993196,82.72108843537416,0.0,40,13.61701774597168,0.19897079467773438,0.9855985118913263,0.6378597643226385
01-negative-sample-000-seed-301,01,clear_muffled,negative,negative,0,301,3.0,50,4.0,a muffled small bell rings once under a thick blanket,/outputs/clear-muffled-v1/01/negative/01-negative-sample-000-seed-301.wav,ok,,44100,3.0,-35.30448437896117,-23.5319037741479,0.0,0.004353741649538279,2076.946044921875,2075.098876953125,140.34750366210938,4635.95751953125,4672.705078125,7049.171875,7105.95703125,55655.9921875,1086.194580078125,60235.625,0.019516219860367123,-17.09604297978997,0.018032428153241957,0.4881880581378937,0.4823632538318634,0.8741714954376221,0.6858919858932495,49,16.333333333333332,61.19425547996976,52.244897959183675,110.29478458049887,66.75736961451247,0.0,49,38.93513870239258,0.06907272338867188,0.9982290957600795,1.8136819406431548
02-positive-sample-000-seed-302,02,clear_muffled,positive,positive,0,302,3.0,50,4.0,a clear metal spoon taps a wine glass once,/outputs/clear-muffled-v1/02/positive/02-positive-sample-000-seed-302.wav,ok,,44100,3.0,-48.72807904156921,-36.03918783731551,0.0,0.023340892046689987,2356.905029296875,2349.78173828125,120.54750061035156,5145.6875,5146.435546875,6823.697265625,6826.025390625,2396.681640625,140.3522491455078,2747.213623046875,0.05856107326332551,-12.323909724539577,0.05108894625742507,0.550489068031311,0.5441064238548279,1.5173776149749756,0.7283056974411011,40,13.333333333333334,75.1671608814466,69.65986394557822,113.19727891156462,68.20861678004536,0.0,40,1.7489025592803955,0.024273991584777832,0.986310448571557,0.08305663075298071
02-negative-sample-000-seed-302,02,clear_muffled,negative,negative,0,302,3.0,50,4.0,a muffled metal spoon taps a wine glass wrapped in cloth once,/outputs/clear-muffled-v1/02/negative/02-negative-sample-000-seed-302.wav,ok,,44100,3.0,-41.254071137923994,-9.372074620277932,0.0,0.01588057354092598,2407.72265625,2461.409423828125,289.56494140625,5238.22216796875,5383.30078125,6846.0625,6933.69140625,14198.9453125,376.9949951171875,15410.03515625,0.026550915354628564,-15.759205018287826,0.024464252760921568,0.4996013939380646,0.46575868129730225,5.6781415939331055,0.6576338410377502,3,1.0,1088.4353741496598,1088.4353741496598,0.0,0.0,0.0,3,6.998973369598389,2.912832736968994,0.7061249276215155,2.3329911828041077
03-positive-sample-000-seed-303,03,clear_muffled,positive,positive,0,303,3.0,50,4.0,clear house keys jingle briefly close to the microphone,/outputs/clear-muffled-v1/03/positive/03-positive-sample-000-seed-303.wav,ok,,44100,3.0,-31.725572523606736,-7.742305964120035,0.0,0.005124716553837061,1991.815673828125,1765.799560546875,606.388427734375,4370.40869140625,3962.109375,6629.64892578125,6416.89453125,129878.75,3278.444580078125,137064.765625,0.025242347805765956,-15.978702535614751,0.023918944924531,0.5654922723770142,0.4739849269390106,4.2932658195495605,1.277103066444397,17,5.666666666666667,181.7687074829932,127.70975056689343,116.09977324263039,52.244897959183675,0.0,17,77.80307006835938,11.117576599121094,0.8749719326637899,8.750098214429968
03-negative-sample-000-seed-303,03,clear_muffled,negative,negative,0,303,3.0,50,4.0,muffled house keys jingle briefly inside a coat pocket,/outputs/clear-muffled-v1/03/negative/03-negative-sample-000-seed-303.wav,ok,,44100,3.0,-36.487077875910224,-11.96992354894524,0.0,0.006704459432512522,3176.483642578125,3169.676025390625,1079.575927734375,6279.21533203125,6890.625,7727.0947265625,7924.21875,21704.798828125,22252.568359375,46162.15625,1.025237254470205,0.10824378937171059,0.4820521866193155,0.6500580310821533,0.5155534148216248,3.2910983562469482,1.517773151397705,31,10.333333333333334,98.10430839002265,92.87981859410431,246.71201814058958,69.65986394557822,0.0,31,28.312808990478516,1.3937301635742188,0.953083388261871,1.5223711310855803
04-positive-sample-000-seed-304,04,clear_muffled,positive,positive,0,304,3.0,50,4.0,a clear camera shutter clicks once in a quiet room,/outputs/clear-muffled-v1/04/positive/04-positive-sample-000-seed-304.wav,ok,,44100,3.0,-43.36506084171876,-26.798762431925404,0.0,0.01408163271844387,1994.06982421875,2024.197998046875,296.2886657714844,4743.95556640625,4844.970703125,6564.966796875,6610.693359375,8354.498046875,106.65132904052734,10146.6591796875,0.01276573750357393,-18.939540900269584,0.010510979737452068,0.512719988822937,0.5107710957527161,1.555341124534607,0.7139414548873901,40,13.333333333333334,75.7625443339729,63.85487528344672,293.15192743764175,91.42857142857142,0.0,40,6.028632164001465,0.06749153137207031,0.9889287792137008,0.2786244979128242
04-negative-sample-000-seed-304,04,clear_muffled,negative,negative,0,304,3.0,50,4.0,a muffled camera shutter clicks once under heavy fabric,/outputs/clear-muffled-v1/04/negative/04-negative-sample-000-seed-304.wav,ok,,44100,3.0,-31.978449584841265,0.0,0.0001889644772745669,0.010370370000600815,2462.782958984375,2446.653076171875,254.41079711914062,5310.470703125,5340.234375,6838.57958984375,6826.025390625,55683.55078125,12487.2099609375,130330.5546875,0.2242531193815723,-6.49261507165558,0.09581183776036785,0.5775589346885681,0.4907374083995819,17.228517532348633,0.7256041169166565,4,1.3333333333333333,874.618291761149,423.7641723356009,223.4920634920635,42.08616780045352,0.0,4,76.42902374267578,7.461875915527344,0.9110526177937145,19.202193945646286
05-positive-sample-000-seed-305,05,clear_muffled,positive,positive,0,305,3.0,50,4.0,clear bird chirps sound nearby in a quiet garden,/outputs/clear-muffled-v1/05/positive/05-positive-sample-000-seed-305.wav,ok,,44100,3.0,-36.38691943230863,-17.388770507369575,0.0,0.007437641732394695,2581.911865234375,2501.98779296875,490.6077575683594,4386.7041015625,4306.640625,5826.103515625,5813.96484375,11164.2314453125,6232.7841796875,46930.46875,0.5582815270552676,-2.531467422564873,0.13280890529540043,0.5757952928543091,0.5515896677970886,1.1508729457855225,0.9109442830085754,45,15.0,64.91032776747062,58.049886621315196,75.46485260770976,66.75736961451247,0.0,45,29.219079971313477,1.1805229187011719,0.9611665019779275,1.2677272571457756
05-negative-sample-000-seed-305,05,clear_muffled,negative,negative,0,305,3.0,50,4.0,muffled bird chirps sound through a closed window,/outputs/clear-muffled-v1/05/negative/05-negative-sample-000-seed-305.wav,ok,,44100,3.0,-25.646279266284612,-2.959457514337954,0.0,0.0045049129985272884,1960.5360107421875,2003.086669921875,520.6897583007812,3777.7880859375,3854.443359375,5795.25927734375,5921.630859375,476740.625,4134.86083984375,554947.75,0.008673187521713196,-20.61821263690981,0.007450901170143946,0.5904061794281006,0.49678000807762146,6.317356109619141,1.1421771049499512,12,4.0,226.39455782312925,133.51473922902494,26.122448979591837,104.48979591836735,0.0,12,336.7407531738281,23.78143310546875,0.9340361453177107,56.54911128679911
06-positive-sample-000-seed-306,06,clear_muffled,positive,positive,0,306,3.0,50,4.0,a clear alarm beep sounds three times nearby,/outputs/clear-muffled-v1/06/positive/06-positive-sample-000-seed-306.wav,ok,,44100,3.0,-12.777510422597027,0.0,7.558579000033205e-06,0.019108086824417114,2144.7900390625,2639.24462890625,829.9190673828125,3792.00537109375,5275.634765625,5131.63671875,6869.091796875,10816990.0,644.1612548828125,10824657.0,5.955087828340532e-05,-42.25111828961662,5.950869897150667e-05,0.4915325939655304,0.4454761743545532,10.005295753479004,0.6990638971328735,3,1.0,914.2857142857143,914.2857142857143,0.0,0.0,0.0,3,889.5570068359375,6089.6929931640625,0.12745739253299962,296.5190179931621
06-negative-sample-000-seed-306,06,clear_muffled,negative,negative,0,306,3.0,50,4.0,a muffled alarm beep sounds three times from inside a drawer,/outputs/clear-muffled-v1/06/negative/06-negative-sample-000-seed-306.wav,ok,,44100,3.0,-19.05369399838027,0.0,7.558579000033205e-06,0.007044595666229725,1781.454833984375,1697.637451171875,582.167236328125,3436.998291015625,3832.91015625,5238.88720703125,6180.029296875,2556187.0,834.6995849609375,2562590.75,0.00032654089272848093,-34.86062424268625,0.00032572488797165037,0.5107067823410034,0.4536837339401245,11.482837677001953,0.7933154702186584,6,2.0,500.39002267573704,261.2244897959184,0.0,0.0,0.0,6,460.42779541015625,1184.6652221679688,0.2798794903937951,76.73796797295411
07-positive-sample-000-seed-307,07,clear_muffled,positive,positive,0,307,3.0,50,4.0,clear coins clink on a ceramic plate,/outputs/clear-muffled-v1/07/positive/07-positive-sample-000-seed-307.wav,ok,,44100,3.0,-20.89314839543334,-1.1839561035858779,0.0,0.027226001024246216,3602.36962890625,3848.388427734375,1427.6727294921875,5578.51318359375,5706.298828125,6773.81298828125,6739.892578125,56076.83203125,1418140.125,1654403.75,25.289233960465374,14.029356742719854,0.8571910726145295,0.8169286251068115,0.38676077127456665,12.365460395812988,3.6649088859558105,19,6.333333333333333,144.15721844293273,110.29478458049887,107.3922902494331,63.85487528344672,0.0,19,1034.8834228515625,42.189453125,0.9608295278193246,65.72029193177035
07-negative-sample-000-seed-307,07,clear_muffled,negative,negative,0,307,3.0,50,4.0,muffled coins clink on a plate covered by thick cloth,/outputs/clear-muffled-v1/07/negative/07-negative-sample-000-seed-307.wav,ok,,44100,3.0,-17.054249594996126,0.0,0.0008692365954630077,0.0060468632727861404,4959.76318359375,5137.28369140625,816.8213500976562,6687.84765625,6696.826171875,7898.02978515625,7751.953125,28687.7890625,3805100.5,4004386.5,132.63833234795837,21.226690528877995,0.9502330756534115,0.8871657252311707,0.3852745592594147,14.24316692352295,3.6977288722991943,19,6.333333333333333,158.99218946837993,142.22222222222223,200.2721088435374,40.63492063492063,0.0,19,2561.26513671875,45.6982421875,0.9824707003722191,157.92080547464522
08-positive-sample-000-seed-308,08,clear_muffled,positive,positive,0,308,3.0,50,4.0,a clear bicycle bell rings once on a quiet street,/outputs/clear-muffled-v1/08/positive/08-positive-sample-000-seed-308.wav,ok,,44100,3.0,-27.470309101416277,-13.81086927315211,0.0,0.08608465641736984,1832.1126708984375,1498.33837890625,1420.4649658203125,3665.882568359375,2885.44921875,6406.501953125,5512.5,308280.375,1696.8443603515625,366150.375,0.0055042243942760305,-22.593038692475893,0.0046342827324744994,0.4686445891857147,0.47428545355796814,1.6185600757598877,0.830203115940094,38,12.666666666666666,71.07188821474534,63.85487528344672,150.92970521541952,72.56235827664399,0.0,38,235.52072143554688,1.359588623046875,0.9942604405460691,11.677496583838211
08-negative-sample-000-seed-308,08,clear_muffled,negative,negative,0,308,3.0,50,4.0,a muffled bicycle bell rings once from inside a bag,/outputs/clear-muffled-v1/08/negative/08-negative-sample-000-seed-308.wav,ok,,44100,3.0,-27.533500574138266,-8.092828984415753,0.0,0.13803477585315704,1770.0015869140625,1519.36572265625,1799.8983154296875,3273.462646484375,2842.3828125,6398.4375,6352.294921875,342058.6875,1959.8974609375,364761.8125,0.005729711106774623,-22.418672746986772,0.005373088392956431,0.47229599952697754,0.4303714632987976,3.768256902694702,1.1712149381637573,20,6.666666666666667,133.20921350996537,110.29478458049887,0.0,53.69614512471655,0.0,20,196.69956970214844,36.75901794433594,0.8425458737033121,12.068403193727136
09-positive-sample-000-seed-309,09,clear_muffled,positive,positive,0,309,3.0,50,4.0,a clear typewriter carriage bell dings once,/outputs/clear-muffled-v1/09/positive/09-positive-sample-000-seed-309.wav,ok,,44100,3.0,-19.624891556141897,-0.0033140360876004428,7.558579000033205e-06,0.001179138314910233,3843.59228515625,3910.00732421875,446.62744140625,6888.54638671875,6933.69140625,8113.19482421875,8182.6171875,933250.125,807535.1875,2219004.0,0.8652934147745225,-0.6283660142534585,0.36391786022017086,0.7815712094306946,0.48735976219177246,3.419344663619995,2.340106725692749,34,11.333333333333334,87.42664742664742,92.87981859410431,258.32199546485265,105.94104308390023,0.0,34,1438.971923828125,3.378173828125,0.9976578683402771,75.98165781357709
09-negative-sample-000-seed-309,09,clear_muffled,negative,negative,0,309,3.0,50,4.0,a muffled typewriter carriage bell dings behind a closed door,/outputs/clear-muffled-v1/09/negative/09-negative-sample-000-seed-309.wav,ok,,44100,3.0,-15.470377726135231,0.0,0.0009297052165493369,0.0027815571520477533,3275.096435546875,3502.11083984375,1062.2947998046875,6356.70166015625,6869.091796875,7874.75,8053.41796875,2246871.5,2487897.5,5791871.0,1.1072718221758566,0.4425424814141404,0.4295498812041912,0.7635900378227234,0.4920797348022461,8.224651336669922,2.545539140701294,22,7.333333333333333,137.66115970197603,87.07482993197279,258.32199546485265,31.92743764172336,0.0,22,3720.23828125,34.001953125,0.9909430534536209,313.0049018534747
10-positive-sample-000-seed-310,10,clear_muffled,positive,positive,0,310,3.0,50,4.0,clear ice cubes clink sharply in a glass,/outputs/clear-muffled-v1/10/positive/10-positive-sample-000-seed-310.wav,ok,,44100,3.0,-36.83388457777448,-8.282995089840664,0.0,0.01057445164769888,2119.06103515625,1972.1890869140625,491.22967529296875,4437.751953125,4435.83984375,6366.01318359375,6352.294921875,22906.296875,12250.365234375,42209.24609375,0.5348033905796918,-2.7180584803424384,0.2902294252582951,0.6463608741760254,0.4599737226963043,10.190475463867188,1.6626403331756592,16,5.333333333333333,176.47165532879816,168.34467120181407,0.0,2.9024943310657596,0.0,16,24.84186553955078,2.584697723388672,0.9057593290632486,2.399235799908638
10-negative-sample-000-seed-310,10,clear_muffled,negative,negative,0,310,3.0,50,4.0,muffled ice cubes clink softly inside a covered cup,/outputs/clear-muffled-v1/10/negative/10-negative-sample-000-seed-310.wav,ok,,44100,3.0,-41.80799043832988,-15.920715505142491,0.0,0.013900226913392544,2374.876953125,2332.763916015625,265.8267822265625,4925.86572265625,4952.63671875,6637.630859375,6632.2265625,10081.4697265625,547.0648803710938,13475.7626953125,0.05426439747467531,-12.654850148206332,0.04059620911559896,0.5616544485092163,0.4935324192047119,5.265983581542969,0.9910771250724792,11,3.6666666666666665,263.54648526077096,185.75963718820861,17.414965986394556,0.0,0.0,11,6.380925178527832,2.3439817428588867,0.7313459313688198,0.6735173463821411
11-positive-sample-000-seed-311,11,clear_muffled,positive,positive,0,311,3.0,50,4.0,a clear phone notification chime rings once nearby,/outputs/clear-muffled-v1/11/positive/11-positive-sample-000-seed-311.wav,ok,,44100,3.0,-20.78375596490622,-4.136430047213304,0.0,0.0050642481073737144,2256.811767578125,2263.866455078125,530.9306640625,3504.17578125,3402.24609375,3976.159912109375,4026.708984375,115227.578125,206064.53125,1699811.0,1.7883264979019102,2.5244681160328315,0.12122790783798905,0.5856672525405884,0.419752299785614,5.290519714355469,1.5764714479446411,19,6.333333333333333,108.35978835978837,78.36734693877551,66.75736961451247,5.804988662131519,0.0,19,1088.3201904296875,16.2269287109375,0.9853089755704015,92.68250374731265
11-negative-sample-000-seed-311,11,clear_muffled,negative,negative,0,311,3.0,50,4.0,a muffled phone notification chime rings once inside a backpack,/outputs/clear-muffled-v1/11/negative/11-negative-sample-000-seed-311.wav,ok,,44100,3.0,-37.428464285315094,-18.990862257841194,0.0,0.00971277430653572,1424.109375,1427.5589599609375,161.60446166992188,2627.134033203125,2691.650390625,3506.836181640625,3402.24609375,35309.13671875,19.81682014465332,37311.265625,0.000561237741452062,-32.5085313173983,0.0005311216280847701,0.43628159165382385,0.4119831621646881,2.2527215480804443,0.6860021352767944,24,8.0,124.4286700187321,116.09977324263039,116.09977324263039,30.476190476190474,0.0,24,21.203453063964844,2.713916778564453,0.8865294638819929,1.3027719526241224
12-positive-sample-000-seed-312,12,clear_muffled,positive,positive,0,312,3.0,50,4.0,clear scissors snip once close to the microphone,/outputs/clear-muffled-v1/12/positive/12-positive-sample-000-seed-312.wav,ok,,44100,3.0,-36.47424986143576,-8.835364709668692,0.0,0.019274376332759857,3707.2275390625,3678.141845703125,1108.703125,6440.00732421875,6718.359375,7664.7392578125,7838.0859375,2788.908203125,37602.3515625,45802.7421875,13.48282152864199,11.297807858265067,0.8209628892647837,0.7832067608833313,0.46989500522613525,4.553638458251953,2.6835997104644775,28,9.333333333333334,107.71478961955152,98.68480725623583,14.512471655328799,30.476190476190474,0.0,28,29.632123947143555,0.16228675842285156,0.9945531140042809,1.7892519890197687
12-negative-sample-000-seed-312,12,clear_muffled,negative,negative,0,312,3.0,50,4.0,muffled scissors snip once under a folded towel,/outputs/clear-muffled-v1/12/negative/12-negative-sample-000-seed-312.wav,ok,,44100,3.0,-42.124852039623875,-12.434872837900087,0.0,0.014361300505697727,2903.155517578125,2549.834716796875,983.9014892578125,5906.0830078125,5835.498046875,7417.814453125,7299.755859375,5805.52001953125,5856.302734375,12534.931640625,1.0087473154296092,0.03782391947565827,0.4671986176131233,0.682682991027832,0.4890412390232086,3.934523344039917,1.9328138828277588,29,9.666666666666666,103.86783284742468,107.3922902494331,171.24716553287982,37.73242630385488,0.0,29,7.933338165283203,0.17766761779785156,0.9780954887039468,0.407827228307724
13-positive-sample-000-seed-313,13,clear_muffled,positive,positive,0,313,3.0,50,4.0,a clear zipper zips closed quickly,/outputs/clear-muffled-v1/13/positive/13-positive-sample-000-seed-313.wav,ok,,44100,3.0,-38.51980283496359,0.0,2.2675736545352265e-05,0.026235828176140785,2576.02880859375,2569.408935546875,255.80630493164062,4949.22802734375,4931.103515625,6700.650390625,6696.826171875,17066.103515625,3103.5087890625,28619.546875,0.18185221871067753,-7.402813959129477,0.10844017910617251,0.6711705327033997,0.4924249053001404,16.799060821533203,1.3989819288253784,6,2.0,528.2539682539682,626.9387755102041,101.58730158730158,0.0,0.0,6,16.923187255859375,1.6796684265136719,0.9097091083652696,4.898816739519437
13-negative-sample-000-seed-313,13,clear_muffled,negative,negative,0,313,3.0,50,4.0,a muffled zipper zips closed under thick fabric,/outputs/clear-muffled-v1/13/negative/13-negative-sample-000-seed-313.wav,ok,,44100,3.0,-32.9925022753714,-2.5201835947651436,0.0,0.051723357290029526,3291.25927734375,3064.858642578125,1478.207275390625,5961.28857421875,5447.900390625,7535.3740234375,6890.625,40252.76171875,23706.78515625,102120.0078125,0.5889480409292569,-2.29923018511854,0.2321463312045318,0.6792771220207214,0.4687911570072174,6.340677738189697,1.8632395267486572,36,12.0,79.61127308066085,69.65986394557822,0.0,89.97732426303854,0.0,36,66.19050598144531,0.23114013671875,0.9965201082745292,3.924739350875219
14-positive-sample-000-seed-314,14,clear_muffled,positive,positive,0,314,3.0,50,4.0,clear finger snaps sound twice in a dry room,/outputs/clear-muffled-v1/14/positive/14-positive-sample-000-seed-314.wav,ok,,44100,3.0,-31.956455440216924,0.0,3.779289545491338e-05,0.2640891969203949,3162.0908203125,2515.934326171875,2163.396728515625,6122.49658203125,5167.96875,8229.1748046875,6761.42578125,22168.439453125,51371.34375,129548.765625,2.317318900981926,3.649858039266027,0.39654058841982887,0.4396708309650421,0.3424329459667206,30.504545211791992,0.7886759042739868,2,0.6666666666666666,63.85487528344672,63.85487528344672,0.0,0.0,0.0,2,81.26221466064453,3.0546112060546875,0.963772222511271,52.759432792663574
14-negative-sample-000-seed-314,14,clear_muffled,negative,negative,0,314,3.0,50,4.0,muffled finger snaps sound twice behind a pillow,/outputs/clear-muffled-v1/14/negative/14-negative-sample-000-seed-314.wav,ok,,44100,3.0,-47.19709575673099,-25.029180045568108,0.0,0.020665155723690987,2222.6875,2233.74365234375,126.82920837402344,4522.22216796875,4543.505859375,6360.6083984375,6373.828125,3139.21875,135.39785766601562,3970.402099609375,0.04313106809330048,-13.652097868973376,0.0341017998351695,0.5275963544845581,0.5109590291976929,1.855181336402893,0.7522623538970947,35,11.666666666666666,86.39189008936908,75.46485260770976,182.85714285714286,66.75736961451247,0.0,35,2.3644325733184814,0.15817832946777344,0.9372957877518632,0.12105188497475215
15-positive-sample-000-seed-315,15,clear_muffled,positive,positive,0,315,3.0,50,4.0,a clear triangle instrument is struck once,/outputs/clear-muffled-v1/15/positive/15-positive-sample-000-seed-315.wav,ok,,44100,3.0,-41.60339632934763,-17.663903165500084,0.0,0.029984882101416588,2247.7529296875,2219.45947265625,222.29002380371094,4399.25830078125,4478.90625,6475.0087890625,6610.693359375,9253.5908203125,980.7479248046875,14838.30859375,0.10598565938876979,-9.74752893882918,0.0660956684252938,0.4623083770275116,0.4280780851840973,1.4331557750701904,0.7949845790863037,37,12.333333333333334,82.23733938019652,75.46485260770976,0.0,5.804988662131519,0.0,37,8.258962631225586,0.8868064880371094,0.903036423019981,0.2735593491989012
15-negative-sample-000-seed-315,15,clear_muffled,negative,negative,0,315,3.0,50,4.0,a muffled triangle instrument is struck once with a cloth cover,/outputs/clear-muffled-v1/15/negative/15-negative-sample-000-seed-315.wav,ok,,44100,3.0,-41.25999748245633,-21.028154590418143,0.0,0.017528343945741653,1731.558349609375,1737.22119140625,248.52137756347656,2983.055419921875,2928.515625,5390.201171875,5512.5,14731.4755859375,48.19377899169922,15568.751953125,0.003271483478389935,-24.852552686293205,0.0030955454320810627,0.47411102056503296,0.46449875831604004,1.3686269521713257,0.6653508543968201,35,11.666666666666666,87.2455648926237,72.56235827664399,29.024943310657598,5.804988662131519,0.0,35,9.275630950927734,0.6226577758789062,0.9370944015612902,0.47064659134484826
16-positive-sample-000-seed-316,16,clear_muffled,positive,positive,0,316,3.0,50,4.0,clear glass marbles click across a tile floor,/outputs/clear-muffled-v1/16/positive/16-positive-sample-000-seed-316.wav,ok,,44100,3.0,-35.567357004407356,-3.3460180115111067,0.0,0.01274376455694437,2759.83251953125,2642.035400390625,812.7743530273438,5170.5458984375,5318.701171875,6707.71826171875,6718.359375,8562.43359375,29178.505859375,56522.97265625,3.4077351421064854,5.324658329281143,0.5162238376390241,0.778579592704773,0.41454049944877625,10.080192565917969,2.86859130859375,27,9.0,112.7507413221699,98.68480725623583,119.00226757369614,63.85487528344672,0.0,27,35.503936767578125,1.2094230651855469,0.9670576849764038,2.06571454472012
16-negative-sample-000-seed-316,16,clear_muffled,negative,negative,0,316,3.0,50,4.0,muffled glass marbles click under a thick rug,/outputs/clear-muffled-v1/16/negative/16-negative-sample-000-seed-316.wav,ok,,44100,3.0,-42.18190949577688,-11.169311344339155,0.0,0.015812547877430916,2333.412353515625,2250.0302734375,543.755126953125,4883.630859375,4758.837890625,6622.58203125,6503.02734375,7856.74755859375,2009.422119140625,12370.2587890625,0.25575750069030906,-5.921716207217878,0.16243978023461483,0.8799734711647034,0.397011399269104,8.153008460998535,3.625676155090332,38,12.666666666666666,79.23025065882209,69.65986394557822,98.68480725623583,100.1360544217687,0.0,38,7.9290571212768555,0.07608222961425781,0.9904958269582417,0.44363774849396004
17-positive-sample-000-seed-317,17,clear_muffled,positive,positive,0,317,3.0,50,4.0,a clear microwave beep sounds once nearby,/outputs/clear-muffled-v1/17/positive/17-positive-sample-000-seed-317.wav,ok,,44100,3.0,-18.86008035636567,-1.4221684091417623,0.0,0.010332577861845493,2380.169921875,2254.5458984375,413.92694091796875,4609.9345703125,4651.171875,6316.12890625,6524.560546875,9032.0029296875,559382.5625,2642094.25,61.93339028504436,17.919248542996794,0.2117193822665486,0.5109723210334778,0.4890460669994354,2.822584867477417,0.7306725382804871,18,6.0,158.10057356275843,145.12471655328798,81.26984126984127,75.46485260770976,0.0,18,1645.34423828125,74.7481689453125,0.9565440969152147,108.81397361142768
17-negative-sample-000-seed-317,17,clear_muffled,negative,negative,0,317,3.0,50,4.0,a muffled microwave beep sounds once from another room,/outputs/clear-muffled-v1/17/negative/17-negative-sample-000-seed-317.wav,ok,,44100,3.0,-18.527778280726174,-0.46007719666450664,0.0,0.006923658307641745,2072.278564453125,1993.9219970703125,277.656005859375,4341.22705078125,4414.306640625,6304.40625,6503.02734375,55231.82421875,2152.015625,2852214.5,0.03896332694855003,-14.093439672526483,0.0007545069366276624,0.5019460916519165,0.47246068716049194,4.0596699714660645,0.6900056600570679,4,1.3333333333333333,845.5933484504914,121.9047619047619,89.97732426303854,30.476190476190474,0.0,4,1843.036865234375,13.835205078125,0.9925491877984913,526.374499052763
18-positive-sample-000-seed-318,18,clear_muffled,positive,positive,0,318,3.0,50,4.0,clear metal wind chimes ring briefly,/outputs/clear-muffled-v1/18/positive/18-positive-sample-000-seed-318.wav,ok,,44100,3.0,-12.452327918173163,0.0,6.046863200026564e-05,0.0003552531998138875,2464.807373046875,2436.695556640625,421.2533874511719,4433.51220703125,4371.240234375,6660.24462890625,6416.89453125,8345044.0,422325.125,11576920.0,0.050607896734876416,-12.957817116028526,0.03647992082522813,0.5354681611061096,0.4352990984916687,2.8949294090270996,1.416846752166748,20,6.666666666666667,155.51259100131279,139.31972789115645,296.05442176870747,17.414965986394556,0.0,20,6274.92578125,1246.96484375,0.8342218857044336,365.17574043273925
18-negative-sample-000-seed-318,18,clear_muffled,negative,negative,0,318,3.0,50,4.0,muffled metal wind chimes ring behind a heavy curtain,/outputs/clear-muffled-v1/18/negative/18-negative-sample-000-seed-318.wav,ok,,44100,3.0,-15.895573648582875,-0.00026507636037961915,7.558579000033205e-06,0.0005668934318237007,1114.412353515625,1074.094482421875,284.3012390136719,1786.9232177734375,1722.65625,3364.0849609375,3057.71484375,5180013.0,3813.31103515625,5265883.0,0.0007361585839951077,-31.330286194461863,0.000724154151384725,0.47330421209335327,0.44041576981544495,1.8618477582931519,0.786404013633728,22,7.333333333333333,134.06759529208506,116.09977324263039,281.5419501133787,33.378684807256235,0.0,22,2574.7412109375,829.35986328125,0.7563645011711086,147.24669179049405
19-positive-sample-000-seed-319,19,clear_muffled,positive,positive,0,319,3.0,50,4.0,a clear doorbell chime rings once,/outputs/clear-muffled-v1/19/positive/19-positive-sample-000-seed-319.wav,ok,,44100,3.0,-25.35180041047823,-6.814141598113265,0.0,0.0051095993258059025,2009.2027587890625,1973.751953125,266.069580078125,3068.7724609375,2971.58203125,5301.408203125,5124.90234375,393463.1875,2079.7421875,600431.125,0.0052857351172147455,-22.768946043549615,0.0034637481318111215,0.4458831250667572,0.3821459114551544,3.9822468757629395,0.8990503549575806,17,5.666666666666667,160.72562358276642,162.53968253968253,0.0,8.707482993197278,0.0,17,194.74176025390625,191.07379150390625,0.5047535263071802,13.867041043498936
19-negative-sample-000-seed-319,19,clear_muffled,negative,negative,0,319,3.0,50,4.0,a muffled doorbell chime rings through a closed door,/outputs/clear-muffled-v1/19/negative/19-negative-sample-000-seed-319.wav,ok,,44100,3.0,-26.638614683464986,-6.094337049287143,0.0,0.0029251701198518276,1088.8563232421875,1051.3720703125,165.9720001220703,1848.2803955078125,1959.521484375,3411.80712890625,2928.515625,438223.5625,70.72392272949219,445455.46875,0.00016138776821132748,-37.92129384109787,0.0001587676607225224,0.38751721382141113,0.35864296555519104,3.9154107570648193,0.5654234886169434,7,2.3333333333333335,487.61904761904754,325.07936507936506,0.0,46.439909297052154,0.0,7,94.4306411743164,192.44811248779297,0.32916568400021146,13.566406071186066
20-positive-sample-000-seed-320,20,clear_muffled,positive,positive,0,320,3.0,50,4.0,clear ceramic plates clink together once,/outputs/clear-muffled-v1/20/positive/20-positive-sample-000-seed-320.wav,ok,,44100,3.0,-24.3642930257269,0.0,0.00019652304763440043,0.015268329530954361,2718.54541015625,2601.05517578125,615.6837768554688,4893.19189453125,4952.63671875,6401.09814453125,6416.89453125,450525.46875,26034.65234375,743996.9375,0.05778730426935492,-12.381675645446999,0.03499295633021339,0.6599123477935791,0.40005138516426086,12.87142562866211,1.9885777235031128,13,4.333333333333333,231.71579743008314,179.95464852607708,0.0,2.9024943310657596,0.0,13,452.4953918457031,31.822540283203125,0.9342941110123232,34.80956538537374
20-negative-sample-000-seed-320,20,clear_muffled,negative,negative,0,320,3.0,50,4.0,muffled ceramic plates clink together under a towel,/outputs/clear-muffled-v1/20/negative/20-negative-sample-000-seed-320.wav,ok,,44100,3.0,-26.68140314487345,0.0,4.535147309070453e-05,0.01359032467007637,2246.685546875,2150.99853515625,655.2192993164062,4605.27880859375,4737.3046875,6390.4560546875,6567.626953125,306111.40625,34381.87109375,436475.875,0.11231816388334925,-9.495500047677544,0.07877152681978128,0.600333034992218,0.43502092361450195,11.66247272491455,1.373608112335205,10,3.3333333333333335,308.3093978332074,255.41950113378687,0.0,81.26984126984127,0.0,10,261.0454406738281,23.020782470703125,0.9189598037532597,26.104548025131226
