status,error,job_id,steered_job_id,pair_id,side,site,stack,block,scale,token_window_label,token_start,token_end,audio_tokens,token_start_fraction,token_end_fraction,segment_label,segment_start_fraction,segment_end_fraction,segment_overlap_fraction,segment_inside_token_window,clip_spectral_centroid_mean_hz,rms_dbfs,duration,steps,guidance_scale,seed,prompt,wav_path,elapsed_seconds,spectral_centroid_mean_hz,spectral_centroid_median_hz,segment_start_sample,segment_end_sample
ok,,bright-s00-l3-single-sample-000-seed-7003,bright-s00-l3-single-sample-000-seed-7003_transformer_blocks-3_first_half_s0p0,bright-s00-l3,single,transformer.transformer_blocks.3,dual,3,0.0,first_half,0,322,645,0.0,0.5,q1,0.0,0.25,1.0,True,2443.33447265625,-44.0575470482859,3.5,10,4.0,7003,a neutral and balanced synth pad,/outputs/time-localized-brightness-steer-v1-pilot/bright-s00-l3/single/bright-s00-l3-single-sample-000-seed-7003-transformer-blocks-3-first-half-s0p0.wav,27.957,2520.017578125,2651.025634765625,0,38588
ok,,bright-s00-l3-single-sample-000-seed-7003,bright-s00-l3-single-sample-000-seed-7003_transformer_blocks-3_first_half_s0p0,bright-s00-l3,single,transformer.transformer_blocks.3,dual,3,0.0,first_half,0,322,645,0.0,0.5,q2,0.25,0.5,1.0,True,2443.33447265625,-44.0575470482859,3.5,10,4.0,7003,a neutral and balanced synth pad,/outputs/time-localized-brightness-steer-v1-pilot/bright-s00-l3/single/bright-s00-l3-single-sample-000-seed-7003-transformer-blocks-3-first-half-s0p0.wav,27.959,2298.886962890625,2210.748291015625,38588,77175
ok,,bright-s00-l3-single-sample-000-seed-7003,bright-s00-l3-single-sample-000-seed-7003_transformer_blocks-3_first_half_s0p0,bright-s00-l3,single,transformer.transformer_blocks.3,dual,3,0.0,first_half,0,322,645,0.0,0.5,q3,0.5,0.75,0.0,False,2443.33447265625,-44.0575470482859,3.5,10,4.0,7003,a neutral and balanced synth pad,/outputs/time-localized-brightness-steer-v1-pilot/bright-s00-l3/single/bright-s00-l3-single-sample-000-seed-7003-transformer-blocks-3-first-half-s0p0.wav,27.96,2377.542236328125,2338.3173828125,77175,115762
ok,,bright-s00-l3-single-sample-000-seed-7003,bright-s00-l3-single-sample-000-seed-7003_transformer_blocks-3_first_half_s0p0,bright-s00-l3,single,transformer.transformer_blocks.3,dual,3,0.0,first_half,0,322,645,0.0,0.5,q4,0.75,1.0,0.0,False,2443.33447265625,-44.0575470482859,3.5,10,4.0,7003,a neutral and balanced synth pad,/outputs/time-localized-brightness-steer-v1-pilot/bright-s00-l3/single/bright-s00-l3-single-sample-000-seed-7003-transformer-blocks-3-first-half-s0p0.wav,27.961,2568.3408203125,2486.11376953125,115762,154350
ok,,bright-s00-l3-single-sample-000-seed-7003,bright-s00-l3-single-sample-000-seed-7003_transformer_blocks-3_first_half_s1p0,bright-s00-l3,single,transformer.transformer_blocks.3,dual,3,1.0,first_half,0,322,645,0.0,0.5,q1,0.0,0.25,1.0,True,2726.986083984375,-46.11647993821986,3.5,10,4.0,7003,a neutral and balanced synth pad,/outputs/time-localized-brightness-steer-v1-pilot/bright-s00-l3/single/bright-s00-l3-single-sample-000-seed-7003-transformer-blocks-3-first-half-s1p0.wav,2.889,2727.802734375,2742.371826171875,0,38588
ok,,bright-s00-l3-single-sample-000-seed-7003,bright-s00-l3-single-sample-000-seed-7003_transformer_blocks-3_first_half_s1p0,bright-s00-l3,single,transformer.transformer_blocks.3,dual,3,1.0,first_half,0,322,645,0.0,0.5,q2,0.25,0.5,1.0,True,2726.986083984375,-46.11647993821986,3.5,10,4.0,7003,a neutral and balanced synth pad,/outputs/time-localized-brightness-steer-v1-pilot/bright-s00-l3/single/bright-s00-l3-single-sample-000-seed-7003-transformer-blocks-3-first-half-s1p0.wav,2.891,2621.857421875,2613.512451171875,38588,77175
ok,,bright-s00-l3-single-sample-000-seed-7003,bright-s00-l3-single-sample-000-seed-7003_transformer_blocks-3_first_half_s1p0,bright-s00-l3,single,transformer.transformer_blocks.3,dual,3,1.0,first_half,0,322,645,0.0,0.5,q3,0.5,0.75,0.0,False,2726.986083984375,-46.11647993821986,3.5,10,4.0,7003,a neutral and balanced synth pad,/outputs/time-localized-brightness-steer-v1-pilot/bright-s00-l3/single/bright-s00-l3-single-sample-000-seed-7003-transformer-blocks-3-first-half-s1p0.wav,2.892,2680.299072265625,2558.111572265625,77175,115762
ok,,bright-s00-l3-single-sample-000-seed-7003,bright-s00-l3-single-sample-000-seed-7003_transformer_blocks-3_first_half_s1p0,bright-s00-l3,single,transformer.transformer_blocks.3,dual,3,1.0,first_half,0,322,645,0.0,0.5,q4,0.75,1.0,0.0,False,2726.986083984375,-46.11647993821986,3.5,10,4.0,7003,a neutral and balanced synth pad,/outputs/time-localized-brightness-steer-v1-pilot/bright-s00-l3/single/bright-s00-l3-single-sample-000-seed-7003-transformer-blocks-3-first-half-s1p0.wav,2.893,2870.9892578125,2778.584228515625,115762,154350
ok,,bright-s00-l3-single-sample-000-seed-7003,bright-s00-l3-single-sample-000-seed-7003_transformer_blocks-3_first_half_s2p0,bright-s00-l3,single,transformer.transformer_blocks.3,dual,3,2.0,first_half,0,322,645,0.0,0.5,q1,0.0,0.25,1.0,True,2932.837158203125,-48.04889251220448,3.5,10,4.0,7003,a neutral and balanced synth pad,/outputs/time-localized-brightness-steer-v1-pilot/bright-s00-l3/single/bright-s00-l3-single-sample-000-seed-7003-transformer-blocks-3-first-half-s2p0.wav,2.801,2880.037841796875,2921.213623046875,0,38588
ok,,bright-s00-l3-single-sample-000-seed-7003,bright-s00-l3-single-sample-000-seed-7003_transformer_blocks-3_first_half_s2p0,bright-s00-l3,single,transformer.transformer_blocks.3,dual,3,2.0,first_half,0,322,645,0.0,0.5,q2,0.25,0.5,1.0,True,2932.837158203125,-48.04889251220448,3.5,10,4.0,7003,a neutral and balanced synth pad,/outputs/time-localized-brightness-steer-v1-pilot/bright-s00-l3/single/bright-s00-l3-single-sample-000-seed-7003-transformer-blocks-3-first-half-s2p0.wav,2.803,2847.621826171875,2820.20556640625,38588,77175
ok,,bright-s00-l3-single-sample-000-seed-7003,bright-s00-l3-single-sample-000-seed-7003_transformer_blocks-3_first_half_s2p0,bright-s00-l3,single,transformer.transformer_blocks.3,dual,3,2.0,first_half,0,322,645,0.0,0.5,q3,0.5,0.75,0.0,False,2932.837158203125,-48.04889251220448,3.5,10,4.0,7003,a neutral and balanced synth pad,/outputs/time-localized-brightness-steer-v1-pilot/bright-s00-l3/single/bright-s00-l3-single-sample-000-seed-7003-transformer-blocks-3-first-half-s2p0.wav,2.804,2853.083251953125,2730.0576171875,77175,115762
ok,,bright-s00-l3-single-sample-000-seed-7003,bright-s00-l3-single-sample-000-seed-7003_transformer_blocks-3_first_half_s2p0,bright-s00-l3,single,transformer.transformer_blocks.3,dual,3,2.0,first_half,0,322,645,0.0,0.5,q4,0.75,1.0,0.0,False,2932.837158203125,-48.04889251220448,3.5,10,4.0,7003,a neutral and balanced synth pad,/outputs/time-localized-brightness-steer-v1-pilot/bright-s00-l3/single/bright-s00-l3-single-sample-000-seed-7003-transformer-blocks-3-first-half-s2p0.wav,2.805,3117.07177734375,2980.553466796875,115762,154350
ok,,bright-s00-l3-single-sample-000-seed-7003,bright-s00-l3-single-sample-000-seed-7003_transformer_blocks-3_first_half_s4p0,bright-s00-l3,single,transformer.transformer_blocks.3,dual,3,4.0,first_half,0,322,645,0.0,0.5,q1,0.0,0.25,1.0,True,3208.301513671875,-51.763389479051895,3.5,10,4.0,7003,a neutral and balanced synth pad,/outputs/time-localized-brightness-steer-v1-pilot/bright-s00-l3/single/bright-s00-l3-single-sample-000-seed-7003-transformer-blocks-3-first-half-s4p0.wav,2.858,3203.21728515625,3208.372314453125,0,38588
ok,,bright-s00-l3-single-sample-000-seed-7003,bright-s00-l3-single-sample-000-seed-7003_transformer_blocks-3_first_half_s4p0,bright-s00-l3,single,transformer.transformer_blocks.3,dual,3,4.0,first_half,0,322,645,0.0,0.5,q2,0.25,0.5,1.0,True,3208.301513671875,-51.763389479051895,3.5,10,4.0,7003,a neutral and balanced synth pad,/outputs/time-localized-brightness-steer-v1-pilot/bright-s00-l3/single/bright-s00-l3-single-sample-000-seed-7003-transformer-blocks-3-first-half-s4p0.wav,2.859,3141.174560546875,3115.117919921875,38588,77175
ok,,bright-s00-l3-single-sample-000-seed-7003,bright-s00-l3-single-sample-000-seed-7003_transformer_blocks-3_first_half_s4p0,bright-s00-l3,single,transformer.transformer_blocks.3,dual,3,4.0,first_half,0,322,645,0.0,0.5,q3,0.5,0.75,0.0,False,3208.301513671875,-51.763389479051895,3.5,10,4.0,7003,a neutral and balanced synth pad,/outputs/time-localized-brightness-steer-v1-pilot/bright-s00-l3/single/bright-s00-l3-single-sample-000-seed-7003-transformer-blocks-3-first-half-s4p0.wav,2.861,3138.236083984375,3077.897216796875,77175,115762
ok,,bright-s00-l3-single-sample-000-seed-7003,bright-s00-l3-single-sample-000-seed-7003_transformer_blocks-3_first_half_s4p0,bright-s00-l3,single,transformer.transformer_blocks.3,dual,3,4.0,first_half,0,322,645,0.0,0.5,q4,0.75,1.0,0.0,False,3208.301513671875,-51.763389479051895,3.5,10,4.0,7003,a neutral and balanced synth pad,/outputs/time-localized-brightness-steer-v1-pilot/bright-s00-l3/single/bright-s00-l3-single-sample-000-seed-7003-transformer-blocks-3-first-half-s4p0.wav,2.862,3321.038330078125,3169.364501953125,115762,154350
ok,,bright-s00-l3-single-sample-000-seed-7003,bright-s00-l3-single-sample-000-seed-7003_transformer_blocks-3_middle_half_s0p0,bright-s00-l3,single,transformer.transformer_blocks.3,dual,3,0.0,middle_half,161,484,645,0.25,0.75,q1,0.0,0.25,0.0,False,2443.33447265625,-44.0575470482859,3.5,10,4.0,7003,a neutral and balanced synth pad,/outputs/time-localized-brightness-steer-v1-pilot/bright-s00-l3/single/bright-s00-l3-single-sample-000-seed-7003-transformer-blocks-3-middle-half-s0p0.wav,2.491,2520.017578125,2651.025634765625,0,38588
ok,,bright-s00-l3-single-sample-000-seed-7003,bright-s00-l3-single-sample-000-seed-7003_transformer_blocks-3_middle_half_s0p0,bright-s00-l3,single,transformer.transformer_blocks.3,dual,3,0.0,middle_half,161,484,645,0.25,0.75,q2,0.25,0.5,1.0,True,2443.33447265625,-44.0575470482859,3.5,10,4.0,7003,a neutral and balanced synth pad,/outputs/time-localized-brightness-steer-v1-pilot/bright-s00-l3/single/bright-s00-l3-single-sample-000-seed-7003-transformer-blocks-3-middle-half-s0p0.wav,2.493,2298.886962890625,2210.748291015625,38588,77175
ok,,bright-s00-l3-single-sample-000-seed-7003,bright-s00-l3-single-sample-000-seed-7003_transformer_blocks-3_middle_half_s0p0,bright-s00-l3,single,transformer.transformer_blocks.3,dual,3,0.0,middle_half,161,484,645,0.25,0.75,q3,0.5,0.75,1.0,True,2443.33447265625,-44.0575470482859,3.5,10,4.0,7003,a neutral and balanced synth pad,/outputs/time-localized-brightness-steer-v1-pilot/bright-s00-l3/single/bright-s00-l3-single-sample-000-seed-7003-transformer-blocks-3-middle-half-s0p0.wav,2.495,2377.542236328125,2338.3173828125,77175,115762
ok,,bright-s00-l3-single-sample-000-seed-7003,bright-s00-l3-single-sample-000-seed-7003_transformer_blocks-3_middle_half_s0p0,bright-s00-l3,single,transformer.transformer_blocks.3,dual,3,0.0,middle_half,161,484,645,0.25,0.75,q4,0.75,1.0,0.0,False,2443.33447265625,-44.0575470482859,3.5,10,4.0,7003,a neutral and balanced synth pad,/outputs/time-localized-brightness-steer-v1-pilot/bright-s00-l3/single/bright-s00-l3-single-sample-000-seed-7003-transformer-blocks-3-middle-half-s0p0.wav,2.496,2568.3408203125,2486.11376953125,115762,154350
ok,,bright-s00-l3-single-sample-000-seed-7003,bright-s00-l3-single-sample-000-seed-7003_transformer_blocks-3_middle_half_s1p0,bright-s00-l3,single,transformer.transformer_blocks.3,dual,3,1.0,middle_half,161,484,645,0.25,0.75,q1,0.0,0.25,0.0,False,2808.077880859375,-46.88404964061799,3.5,10,4.0,7003,a neutral and balanced synth pad,/outputs/time-localized-brightness-steer-v1-pilot/bright-s00-l3/single/bright-s00-l3-single-sample-000-seed-7003-transformer-blocks-3-middle-half-s1p0.wav,2.838,2833.065673828125,2854.253173828125,0,38588
ok,,bright-s00-l3-single-sample-000-seed-7003,bright-s00-l3-single-sample-000-seed-7003_transformer_blocks-3_middle_half_s1p0,bright-s00-l3,single,transformer.transformer_blocks.3,dual,3,1.0,middle_half,161,484,645,0.25,0.75,q2,0.25,0.5,1.0,True,2808.077880859375,-46.88404964061799,3.5,10,4.0,7003,a neutral and balanced synth pad,/outputs/time-localized-brightness-steer-v1-pilot/bright-s00-l3/single/bright-s00-l3-single-sample-000-seed-7003-transformer-blocks-3-middle-half-s1p0.wav,2.84,2689.834716796875,2644.87939453125,38588,77175
ok,,bright-s00-l3-single-sample-000-seed-7003,bright-s00-l3-single-sample-000-seed-7003_transformer_blocks-3_middle_half_s1p0,bright-s00-l3,single,transformer.transformer_blocks.3,dual,3,1.0,middle_half,161,484,645,0.25,0.75,q3,0.5,0.75,1.0,True,2808.077880859375,-46.88404964061799,3.5,10,4.0,7003,a neutral and balanced synth pad,/outputs/time-localized-brightness-steer-v1-pilot/bright-s00-l3/single/bright-s00-l3-single-sample-000-seed-7003-transformer-blocks-3-middle-half-s1p0.wav,2.841,2758.90185546875,2712.473876953125,77175,115762
ok,,bright-s00-l3-single-sample-000-seed-7003,bright-s00-l3-single-sample-000-seed-7003_transformer_blocks-3_middle_half_s1p0,bright-s00-l3,single,transformer.transformer_blocks.3,dual,3,1.0,middle_half,161,484,645,0.25,0.75,q4,0.75,1.0,0.0,False,2808.077880859375,-46.88404964061799,3.5,10,4.0,7003,a neutral and balanced synth pad,/outputs/time-localized-brightness-steer-v1-pilot/bright-s00-l3/single/bright-s00-l3-single-sample-000-seed-7003-transformer-blocks-3-middle-half-s1p0.wav,2.842,2947.21533203125,2826.119873046875,115762,154350
ok,,bright-s00-l3-single-sample-000-seed-7003,bright-s00-l3-single-sample-000-seed-7003_transformer_blocks-3_middle_half_s2p0,bright-s00-l3,single,transformer.transformer_blocks.3,dual,3,2.0,middle_half,161,484,645,0.25,0.75,q1,0.0,0.25,0.0,False,3129.95849609375,-51.316908581632816,3.5,10,4.0,7003,a neutral and balanced synth pad,/outputs/time-localized-brightness-steer-v1-pilot/bright-s00-l3/single/bright-s00-l3-single-sample-000-seed-7003-transformer-blocks-3-middle-half-s2p0.wav,3.034,3116.85302734375,3104.294189453125,0,38588
ok,,bright-s00-l3-single-sample-000-seed-7003,bright-s00-l3-single-sample-000-seed-7003_transformer_blocks-3_middle_half_s2p0,bright-s00-l3,single,transformer.transformer_blocks.3,dual,3,2.0,middle_half,161,484,645,0.25,0.75,q2,0.25,0.5,1.0,True,3129.95849609375,-51.316908581632816,3.5,10,4.0,7003,a neutral and balanced synth pad,/outputs/time-localized-brightness-steer-v1-pilot/bright-s00-l3/single/bright-s00-l3-single-sample-000-seed-7003-transformer-blocks-3-middle-half-s2p0.wav,3.035,3050.660888671875,3024.366455078125,38588,77175
ok,,bright-s00-l3-single-sample-000-seed-7003,bright-s00-l3-single-sample-000-seed-7003_transformer_blocks-3_middle_half_s2p0,bright-s00-l3,single,transformer.transformer_blocks.3,dual,3,2.0,middle_half,161,484,645,0.25,0.75,q3,0.5,0.75,1.0,True,3129.95849609375,-51.316908581632816,3.5,10,4.0,7003,a neutral and balanced synth pad,/outputs/time-localized-brightness-steer-v1-pilot/bright-s00-l3/single/bright-s00-l3-single-sample-000-seed-7003-transformer-blocks-3-middle-half-s2p0.wav,3.037,3112.056640625,3012.470703125,77175,115762
ok,,bright-s00-l3-single-sample-000-seed-7003,bright-s00-l3-single-sample-000-seed-7003_transformer_blocks-3_middle_half_s2p0,bright-s00-l3,single,transformer.transformer_blocks.3,dual,3,2.0,middle_half,161,484,645,0.25,0.75,q4,0.75,1.0,0.0,False,3129.95849609375,-51.316908581632816,3.5,10,4.0,7003,a neutral and balanced synth pad,/outputs/time-localized-brightness-steer-v1-pilot/bright-s00-l3/single/bright-s00-l3-single-sample-000-seed-7003-transformer-blocks-3-middle-half-s2p0.wav,3.037,3227.97998046875,3150.484375,115762,154350
ok,,bright-s00-l3-single-sample-000-seed-7003,bright-s00-l3-single-sample-000-seed-7003_transformer_blocks-3_middle_half_s4p0,bright-s00-l3,single,transformer.transformer_blocks.3,dual,3,4.0,middle_half,161,484,645,0.25,0.75,q1,0.0,0.25,0.0,False,3534.864990234375,-57.42797621751161,3.5,10,4.0,7003,a neutral and balanced synth pad,/outputs/time-localized-brightness-steer-v1-pilot/bright-s00-l3/single/bright-s00-l3-single-sample-000-seed-7003-transformer-blocks-3-middle-half-s4p0.wav,2.973,3561.46923828125,3567.684326171875,0,38588
ok,,bright-s00-l3-single-sample-000-seed-7003,bright-s00-l3-single-sample-000-seed-7003_transformer_blocks-3_middle_half_s4p0,bright-s00-l3,single,transformer.transformer_blocks.3,dual,3,4.0,middle_half,161,484,645,0.25,0.75,q2,0.25,0.5,1.0,True,3534.864990234375,-57.42797621751161,3.5,10,4.0,7003,a neutral and balanced synth pad,/outputs/time-localized-brightness-steer-v1-pilot/bright-s00-l3/single/bright-s00-l3-single-sample-000-seed-7003-transformer-blocks-3-middle-half-s4p0.wav,2.974,3453.901611328125,3521.570068359375,38588,77175
ok,,bright-s00-l3-single-sample-000-seed-7003,bright-s00-l3-single-sample-000-seed-7003_transformer_blocks-3_middle_half_s4p0,bright-s00-l3,single,transformer.transformer_blocks.3,dual,3,4.0,middle_half,161,484,645,0.25,0.75,q3,0.5,0.75,1.0,True,3534.864990234375,-57.42797621751161,3.5,10,4.0,7003,a neutral and balanced synth pad,/outputs/time-localized-brightness-steer-v1-pilot/bright-s00-l3/single/bright-s00-l3-single-sample-000-seed-7003-transformer-blocks-3-middle-half-s4p0.wav,2.975,3522.96923828125,3495.037109375,77175,115762
ok,,bright-s00-l3-single-sample-000-seed-7003,bright-s00-l3-single-sample-000-seed-7003_transformer_blocks-3_middle_half_s4p0,bright-s00-l3,single,transformer.transformer_blocks.3,dual,3,4.0,middle_half,161,484,645,0.25,0.75,q4,0.75,1.0,0.0,False,3534.864990234375,-57.42797621751161,3.5,10,4.0,7003,a neutral and balanced synth pad,/outputs/time-localized-brightness-steer-v1-pilot/bright-s00-l3/single/bright-s00-l3-single-sample-000-seed-7003-transformer-blocks-3-middle-half-s4p0.wav,2.976,3575.798583984375,3517.91015625,115762,154350
ok,,bright-s00-l3-single-sample-000-seed-7003,bright-s00-l3-single-sample-000-seed-7003_transformer_blocks-3_second_half_s0p0,bright-s00-l3,single,transformer.transformer_blocks.3,dual,3,0.0,second_half,322,645,645,0.5,1.0,q1,0.0,0.25,0.0,False,2443.33447265625,-44.0575470482859,3.5,10,4.0,7003,a neutral and balanced synth pad,/outputs/time-localized-brightness-steer-v1-pilot/bright-s00-l3/single/bright-s00-l3-single-sample-000-seed-7003-transformer-blocks-3-second-half-s0p0.wav,2.492,2520.017578125,2651.025634765625,0,38588
ok,,bright-s00-l3-single-sample-000-seed-7003,bright-s00-l3-single-sample-000-seed-7003_transformer_blocks-3_second_half_s0p0,bright-s00-l3,single,transformer.transformer_blocks.3,dual,3,0.0,second_half,322,645,645,0.5,1.0,q2,0.25,0.5,0.0,False,2443.33447265625,-44.0575470482859,3.5,10,4.0,7003,a neutral and balanced synth pad,/outputs/time-localized-brightness-steer-v1-pilot/bright-s00-l3/single/bright-s00-l3-single-sample-000-seed-7003-transformer-blocks-3-second-half-s0p0.wav,2.494,2298.886962890625,2210.748291015625,38588,77175
ok,,bright-s00-l3-single-sample-000-seed-7003,bright-s00-l3-single-sample-000-seed-7003_transformer_blocks-3_second_half_s0p0,bright-s00-l3,single,transformer.transformer_blocks.3,dual,3,0.0,second_half,322,645,645,0.5,1.0,q3,0.5,0.75,1.0,True,2443.33447265625,-44.0575470482859,3.5,10,4.0,7003,a neutral and balanced synth pad,/outputs/time-localized-brightness-steer-v1-pilot/bright-s00-l3/single/bright-s00-l3-single-sample-000-seed-7003-transformer-blocks-3-second-half-s0p0.wav,2.495,2377.542236328125,2338.3173828125,77175,115762
ok,,bright-s00-l3-single-sample-000-seed-7003,bright-s00-l3-single-sample-000-seed-7003_transformer_blocks-3_second_half_s0p0,bright-s00-l3,single,transformer.transformer_blocks.3,dual,3,0.0,second_half,322,645,645,0.5,1.0,q4,0.75,1.0,1.0,True,2443.33447265625,-44.0575470482859,3.5,10,4.0,7003,a neutral and balanced synth pad,/outputs/time-localized-brightness-steer-v1-pilot/bright-s00-l3/single/bright-s00-l3-single-sample-000-seed-7003-transformer-blocks-3-second-half-s0p0.wav,2.496,2568.3408203125,2486.11376953125,115762,154350
ok,,bright-s00-l3-single-sample-000-seed-7003,bright-s00-l3-single-sample-000-seed-7003_transformer_blocks-3_second_half_s1p0,bright-s00-l3,single,transformer.transformer_blocks.3,dual,3,1.0,second_half,322,645,645,0.5,1.0,q1,0.0,0.25,0.0,False,2759.756103515625,-46.471796749476056,3.5,10,4.0,7003,a neutral and balanced synth pad,/outputs/time-localized-brightness-steer-v1-pilot/bright-s00-l3/single/bright-s00-l3-single-sample-000-seed-7003-transformer-blocks-3-second-half-s1p0.wav,2.916,2840.070068359375,2915.3203125,0,38588
ok,,bright-s00-l3-single-sample-000-seed-7003,bright-s00-l3-single-sample-000-seed-7003_transformer_blocks-3_second_half_s1p0,bright-s00-l3,single,transformer.transformer_blocks.3,dual,3,1.0,second_half,322,645,645,0.5,1.0,q2,0.25,0.5,0.0,False,2759.756103515625,-46.471796749476056,3.5,10,4.0,7003,a neutral and balanced synth pad,/outputs/time-localized-brightness-steer-v1-pilot/bright-s00-l3/single/bright-s00-l3-single-sample-000-seed-7003-transformer-blocks-3-second-half-s1p0.wav,2.918,2609.2421875,2505.3671875,38588,77175
ok,,bright-s00-l3-single-sample-000-seed-7003,bright-s00-l3-single-sample-000-seed-7003_transformer_blocks-3_second_half_s1p0,bright-s00-l3,single,transformer.transformer_blocks.3,dual,3,1.0,second_half,322,645,645,0.5,1.0,q3,0.5,0.75,1.0,True,2759.756103515625,-46.471796749476056,3.5,10,4.0,7003,a neutral and balanced synth pad,/outputs/time-localized-brightness-steer-v1-pilot/bright-s00-l3/single/bright-s00-l3-single-sample-000-seed-7003-transformer-blocks-3-second-half-s1p0.wav,2.919,2721.849365234375,2693.390869140625,77175,115762
ok,,bright-s00-l3-single-sample-000-seed-7003,bright-s00-l3-single-sample-000-seed-7003_transformer_blocks-3_second_half_s1p0,bright-s00-l3,single,transformer.transformer_blocks.3,dual,3,1.0,second_half,322,645,645,0.5,1.0,q4,0.75,1.0,1.0,True,2759.756103515625,-46.471796749476056,3.5,10,4.0,7003,a neutral and balanced synth pad,/outputs/time-localized-brightness-steer-v1-pilot/bright-s00-l3/single/bright-s00-l3-single-sample-000-seed-7003-transformer-blocks-3-second-half-s1p0.wav,2.92,2869.038330078125,2790.760498046875,115762,154350
ok,,bright-s00-l3-single-sample-000-seed-7003,bright-s00-l3-single-sample-000-seed-7003_transformer_blocks-3_second_half_s2p0,bright-s00-l3,single,transformer.transformer_blocks.3,dual,3,2.0,second_half,322,645,645,0.5,1.0,q1,0.0,0.25,0.0,False,3046.887939453125,-50.02829886822825,3.5,10,4.0,7003,a neutral and balanced synth pad,/outputs/time-localized-brightness-steer-v1-pilot/bright-s00-l3/single/bright-s00-l3-single-sample-000-seed-7003-transformer-blocks-3-second-half-s2p0.wav,2.895,3135.378173828125,3193.00537109375,0,38588
ok,,bright-s00-l3-single-sample-000-seed-7003,bright-s00-l3-single-sample-000-seed-7003_transformer_blocks-3_second_half_s2p0,bright-s00-l3,single,transformer.transformer_blocks.3,dual,3,2.0,second_half,322,645,645,0.5,1.0,q2,0.25,0.5,0.0,False,3046.887939453125,-50.02829886822825,3.5,10,4.0,7003,a neutral and balanced synth pad,/outputs/time-localized-brightness-steer-v1-pilot/bright-s00-l3/single/bright-s00-l3-single-sample-000-seed-7003-transformer-blocks-3-second-half-s2p0.wav,2.897,2904.04541015625,2843.68017578125,38588,77175
ok,,bright-s00-l3-single-sample-000-seed-7003,bright-s00-l3-single-sample-000-seed-7003_transformer_blocks-3_second_half_s2p0,bright-s00-l3,single,transformer.transformer_blocks.3,dual,3,2.0,second_half,322,645,645,0.5,1.0,q3,0.5,0.75,1.0,True,3046.887939453125,-50.02829886822825,3.5,10,4.0,7003,a neutral and balanced synth pad,/outputs/time-localized-brightness-steer-v1-pilot/bright-s00-l3/single/bright-s00-l3-single-sample-000-seed-7003-transformer-blocks-3-second-half-s2p0.wav,2.898,3050.7275390625,3040.46630859375,77175,115762
ok,,bright-s00-l3-single-sample-000-seed-7003,bright-s00-l3-single-sample-000-seed-7003_transformer_blocks-3_second_half_s2p0,bright-s00-l3,single,transformer.transformer_blocks.3,dual,3,2.0,second_half,322,645,645,0.5,1.0,q4,0.75,1.0,1.0,True,3046.887939453125,-50.02829886822825,3.5,10,4.0,7003,a neutral and balanced synth pad,/outputs/time-localized-brightness-steer-v1-pilot/bright-s00-l3/single/bright-s00-l3-single-sample-000-seed-7003-transformer-blocks-3-second-half-s2p0.wav,2.899,3093.310791015625,3062.635986328125,115762,154350
ok,,bright-s00-l3-single-sample-000-seed-7003,bright-s00-l3-single-sample-000-seed-7003_transformer_blocks-3_second_half_s4p0,bright-s00-l3,single,transformer.transformer_blocks.3,dual,3,4.0,second_half,322,645,645,0.5,1.0,q1,0.0,0.25,0.0,False,3351.407958984375,-55.37907941810866,3.5,10,4.0,7003,a neutral and balanced synth pad,/outputs/time-localized-brightness-steer-v1-pilot/bright-s00-l3/single/bright-s00-l3-single-sample-000-seed-7003-transformer-blocks-3-second-half-s4p0.wav,2.799,3358.69970703125,3319.3369140625,0,38588
ok,,bright-s00-l3-single-sample-000-seed-7003,bright-s00-l3-single-sample-000-seed-7003_transformer_blocks-3_second_half_s4p0,bright-s00-l3,single,transformer.transformer_blocks.3,dual,3,4.0,second_half,322,645,645,0.5,1.0,q2,0.25,0.5,0.0,False,3351.407958984375,-55.37907941810866,3.5,10,4.0,7003,a neutral and balanced synth pad,/outputs/time-localized-brightness-steer-v1-pilot/bright-s00-l3/single/bright-s00-l3-single-sample-000-seed-7003-transformer-blocks-3-second-half-s4p0.wav,2.801,3268.107666015625,3279.162109375,38588,77175
ok,,bright-s00-l3-single-sample-000-seed-7003,bright-s00-l3-single-sample-000-seed-7003_transformer_blocks-3_second_half_s4p0,bright-s00-l3,single,transformer.transformer_blocks.3,dual,3,4.0,second_half,322,645,645,0.5,1.0,q3,0.5,0.75,1.0,True,3351.407958984375,-55.37907941810866,3.5,10,4.0,7003,a neutral and balanced synth pad,/outputs/time-localized-brightness-steer-v1-pilot/bright-s00-l3/single/bright-s00-l3-single-sample-000-seed-7003-transformer-blocks-3-second-half-s4p0.wav,2.802,3402.50341796875,3435.787841796875,77175,115762
ok,,bright-s00-l3-single-sample-000-seed-7003,bright-s00-l3-single-sample-000-seed-7003_transformer_blocks-3_second_half_s4p0,bright-s00-l3,single,transformer.transformer_blocks.3,dual,3,4.0,second_half,322,645,645,0.5,1.0,q4,0.75,1.0,1.0,True,3351.407958984375,-55.37907941810866,3.5,10,4.0,7003,a neutral and balanced synth pad,/outputs/time-localized-brightness-steer-v1-pilot/bright-s00-l3/single/bright-s00-l3-single-sample-000-seed-7003-transformer-blocks-3-second-half-s4p0.wav,2.803,3355.021728515625,3385.439697265625,115762,154350
ok,,bright-s01-l3-single-sample-000-seed-7009,bright-s01-l3-single-sample-000-seed-7009_transformer_blocks-3_first_half_s0p0,bright-s01-l3,single,transformer.transformer_blocks.3,dual,3,0.0,first_half,0,322,645,0.0,0.5,q1,0.0,0.25,1.0,True,3356.78466796875,-28.21295287384606,3.5,10,4.0,7009,a neutral and balanced rushing noise texture,/outputs/time-localized-brightness-steer-v1-pilot/bright-s01-l3/single/bright-s01-l3-single-sample-000-seed-7009-transformer-blocks-3-first-half-s0p0.wav,2.8,3390.605712890625,3402.17626953125,0,38588
ok,,bright-s01-l3-single-sample-000-seed-7009,bright-s01-l3-single-sample-000-seed-7009_transformer_blocks-3_first_half_s0p0,bright-s01-l3,single,transformer.transformer_blocks.3,dual,3,0.0,first_half,0,322,645,0.0,0.5,q2,0.25,0.5,1.0,True,3356.78466796875,-28.21295287384606,3.5,10,4.0,7009,a neutral and balanced rushing noise texture,/outputs/time-localized-brightness-steer-v1-pilot/bright-s01-l3/single/bright-s01-l3-single-sample-000-seed-7009-transformer-blocks-3-first-half-s0p0.wav,2.801,3363.090087890625,3359.53662109375,38588,77175
ok,,bright-s01-l3-single-sample-000-seed-7009,bright-s01-l3-single-sample-000-seed-7009_transformer_blocks-3_first_half_s0p0,bright-s01-l3,single,transformer.transformer_blocks.3,dual,3,0.0,first_half,0,322,645,0.0,0.5,q3,0.5,0.75,0.0,False,3356.78466796875,-28.21295287384606,3.5,10,4.0,7009,a neutral and balanced rushing noise texture,/outputs/time-localized-brightness-steer-v1-pilot/bright-s01-l3/single/bright-s01-l3-single-sample-000-seed-7009-transformer-blocks-3-first-half-s0p0.wav,2.802,3362.368896484375,3346.357666015625,77175,115762
ok,,bright-s01-l3-single-sample-000-seed-7009,bright-s01-l3-single-sample-000-seed-7009_transformer_blocks-3_first_half_s0p0,bright-s01-l3,single,transformer.transformer_blocks.3,dual,3,0.0,first_half,0,322,645,0.0,0.5,q4,0.75,1.0,0.0,False,3356.78466796875,-28.21295287384606,3.5,10,4.0,7009,a neutral and balanced rushing noise texture,/outputs/time-localized-brightness-steer-v1-pilot/bright-s01-l3/single/bright-s01-l3-single-sample-000-seed-7009-transformer-blocks-3-first-half-s0p0.wav,2.803,3344.072998046875,3346.242431640625,115762,154350
ok,,bright-s01-l3-single-sample-000-seed-7009,bright-s01-l3-single-sample-000-seed-7009_transformer_blocks-3_first_half_s1p0,bright-s01-l3,single,transformer.transformer_blocks.3,dual,3,1.0,first_half,0,322,645,0.0,0.5,q1,0.0,0.25,1.0,True,3398.526123046875,-28.828412660761238,3.5,10,4.0,7009,a neutral and balanced rushing noise texture,/outputs/time-localized-brightness-steer-v1-pilot/bright-s01-l3/single/bright-s01-l3-single-sample-000-seed-7009-transformer-blocks-3-first-half-s1p0.wav,2.889,3432.40673828125,3442.483154296875,0,38588
ok,,bright-s01-l3-single-sample-000-seed-7009,bright-s01-l3-single-sample-000-seed-7009_transformer_blocks-3_first_half_s1p0,bright-s01-l3,single,transformer.transformer_blocks.3,dual,3,1.0,first_half,0,322,645,0.0,0.5,q2,0.25,0.5,1.0,True,3398.526123046875,-28.828412660761238,3.5,10,4.0,7009,a neutral and balanced rushing noise texture,/outputs/time-localized-brightness-steer-v1-pilot/bright-s01-l3/single/bright-s01-l3-single-sample-000-seed-7009-transformer-blocks-3-first-half-s1p0.wav,2.89,3405.44970703125,3400.723388671875,38588,77175
ok,,bright-s01-l3-single-sample-000-seed-7009,bright-s01-l3-single-sample-000-seed-7009_transformer_blocks-3_first_half_s1p0,bright-s01-l3,single,transformer.transformer_blocks.3,dual,3,1.0,first_half,0,322,645,0.0,0.5,q3,0.5,0.75,0.0,False,3398.526123046875,-28.828412660761238,3.5,10,4.0,7009,a neutral and balanced rushing noise texture,/outputs/time-localized-brightness-steer-v1-pilot/bright-s01-l3/single/bright-s01-l3-single-sample-000-seed-7009-transformer-blocks-3-first-half-s1p0.wav,2.892,3403.44189453125,3384.49072265625,77175,115762
ok,,bright-s01-l3-single-sample-000-seed-7009,bright-s01-l3-single-sample-000-seed-7009_transformer_blocks-3_first_half_s1p0,bright-s01-l3,single,transformer.transformer_blocks.3,dual,3,1.0,first_half,0,322,645,0.0,0.5,q4,0.75,1.0,0.0,False,3398.526123046875,-28.828412660761238,3.5,10,4.0,7009,a neutral and balanced rushing noise texture,/outputs/time-localized-brightness-steer-v1-pilot/bright-s01-l3/single/bright-s01-l3-single-sample-000-seed-7009-transformer-blocks-3-first-half-s1p0.wav,2.893,3385.96875,3384.234375,115762,154350
ok,,bright-s01-l3-single-sample-000-seed-7009,bright-s01-l3-single-sample-000-seed-7009_transformer_blocks-3_first_half_s2p0,bright-s01-l3,single,transformer.transformer_blocks.3,dual,3,2.0,first_half,0,322,645,0.0,0.5,q1,0.0,0.25,1.0,True,3459.174072265625,-29.544777994566267,3.5,10,4.0,7009,a neutral and balanced rushing noise texture,/outputs/time-localized-brightness-steer-v1-pilot/bright-s01-l3/single/bright-s01-l3-single-sample-000-seed-7009-transformer-blocks-3-first-half-s2p0.wav,2.962,3494.3330078125,3502.08837890625,0,38588
ok,,bright-s01-l3-single-sample-000-seed-7009,bright-s01-l3-single-sample-000-seed-7009_transformer_blocks-3_first_half_s2p0,bright-s01-l3,single,transformer.transformer_blocks.3,dual,3,2.0,first_half,0,322,645,0.0,0.5,q2,0.25,0.5,1.0,True,3459.174072265625,-29.544777994566267,3.5,10,4.0,7009,a neutral and balanced rushing noise texture,/outputs/time-localized-brightness-steer-v1-pilot/bright-s01-l3/single/bright-s01-l3-single-sample-000-seed-7009-transformer-blocks-3-first-half-s2p0.wav,2.964,3469.225341796875,3465.802490234375,38588,77175
ok,,bright-s01-l3-single-sample-000-seed-7009,bright-s01-l3-single-sample-000-seed-7009_transformer_blocks-3_first_half_s2p0,bright-s01-l3,single,transformer.transformer_blocks.3,dual,3,2.0,first_half,0,322,645,0.0,0.5,q3,0.5,0.75,0.0,False,3459.174072265625,-29.544777994566267,3.5,10,4.0,7009,a neutral and balanced rushing noise texture,/outputs/time-localized-brightness-steer-v1-pilot/bright-s01-l3/single/bright-s01-l3-single-sample-000-seed-7009-transformer-blocks-3-first-half-s2p0.wav,2.965,3463.08642578125,3444.55810546875,77175,115762
ok,,bright-s01-l3-single-sample-000-seed-7009,bright-s01-l3-single-sample-000-seed-7009_transformer_blocks-3_first_half_s2p0,bright-s01-l3,single,transformer.transformer_blocks.3,dual,3,2.0,first_half,0,322,645,0.0,0.5,q4,0.75,1.0,0.0,False,3459.174072265625,-29.544777994566267,3.5,10,4.0,7009,a neutral and balanced rushing noise texture,/outputs/time-localized-brightness-steer-v1-pilot/bright-s01-l3/single/bright-s01-l3-single-sample-000-seed-7009-transformer-blocks-3-first-half-s2p0.wav,2.966,3443.07568359375,3441.549560546875,115762,154350
ok,,bright-s01-l3-single-sample-000-seed-7009,bright-s01-l3-single-sample-000-seed-7009_transformer_blocks-3_first_half_s4p0,bright-s01-l3,single,transformer.transformer_blocks.3,dual,3,4.0,first_half,0,322,645,0.0,0.5,q1,0.0,0.25,1.0,True,3559.7578125,-30.655162067043186,3.5,10,4.0,7009,a neutral and balanced rushing noise texture,/outputs/time-localized-brightness-steer-v1-pilot/bright-s01-l3/single/bright-s01-l3-single-sample-000-seed-7009-transformer-blocks-3-first-half-s4p0.wav,2.866,3598.34375,3608.74658203125,0,38588
ok,,bright-s01-l3-single-sample-000-seed-7009,bright-s01-l3-single-sample-000-seed-7009_transformer_blocks-3_first_half_s4p0,bright-s01-l3,single,transformer.transformer_blocks.3,dual,3,4.0,first_half,0,322,645,0.0,0.5,q2,0.25,0.5,1.0,True,3559.7578125,-30.655162067043186,3.5,10,4.0,7009,a neutral and balanced rushing noise texture,/outputs/time-localized-brightness-steer-v1-pilot/bright-s01-l3/single/bright-s01-l3-single-sample-000-seed-7009-transformer-blocks-3-first-half-s4p0.wav,2.868,3570.112548828125,3561.233642578125,38588,77175
ok,,bright-s01-l3-single-sample-000-seed-7009,bright-s01-l3-single-sample-000-seed-7009_transformer_blocks-3_first_half_s4p0,bright-s01-l3,single,transformer.transformer_blocks.3,dual,3,4.0,first_half,0,322,645,0.0,0.5,q3,0.5,0.75,0.0,False,3559.7578125,-30.655162067043186,3.5,10,4.0,7009,a neutral and balanced rushing noise texture,/outputs/time-localized-brightness-steer-v1-pilot/bright-s01-l3/single/bright-s01-l3-single-sample-000-seed-7009-transformer-blocks-3-first-half-s4p0.wav,2.869,3562.31494140625,3543.679443359375,77175,115762
ok,,bright-s01-l3-single-sample-000-seed-7009,bright-s01-l3-single-sample-000-seed-7009_transformer_blocks-3_first_half_s4p0,bright-s01-l3,single,transformer.transformer_blocks.3,dual,3,4.0,first_half,0,322,645,0.0,0.5,q4,0.75,1.0,0.0,False,3559.7578125,-30.655162067043186,3.5,10,4.0,7009,a neutral and balanced rushing noise texture,/outputs/time-localized-brightness-steer-v1-pilot/bright-s01-l3/single/bright-s01-l3-single-sample-000-seed-7009-transformer-blocks-3-first-half-s4p0.wav,2.87,3542.017333984375,3536.875732421875,115762,154350
ok,,bright-s01-l3-single-sample-000-seed-7009,bright-s01-l3-single-sample-000-seed-7009_transformer_blocks-3_middle_half_s0p0,bright-s01-l3,single,transformer.transformer_blocks.3,dual,3,0.0,middle_half,161,484,645,0.25,0.75,q1,0.0,0.25,0.0,False,3356.78466796875,-28.21295287384606,3.5,10,4.0,7009,a neutral and balanced rushing noise texture,/outputs/time-localized-brightness-steer-v1-pilot/bright-s01-l3/single/bright-s01-l3-single-sample-000-seed-7009-transformer-blocks-3-middle-half-s0p0.wav,2.594,3390.605712890625,3402.17626953125,0,38588
ok,,bright-s01-l3-single-sample-000-seed-7009,bright-s01-l3-single-sample-000-seed-7009_transformer_blocks-3_middle_half_s0p0,bright-s01-l3,single,transformer.transformer_blocks.3,dual,3,0.0,middle_half,161,484,645,0.25,0.75,q2,0.25,0.5,1.0,True,3356.78466796875,-28.21295287384606,3.5,10,4.0,7009,a neutral and balanced rushing noise texture,/outputs/time-localized-brightness-steer-v1-pilot/bright-s01-l3/single/bright-s01-l3-single-sample-000-seed-7009-transformer-blocks-3-middle-half-s0p0.wav,2.595,3363.090087890625,3359.53662109375,38588,77175
ok,,bright-s01-l3-single-sample-000-seed-7009,bright-s01-l3-single-sample-000-seed-7009_transformer_blocks-3_middle_half_s0p0,bright-s01-l3,single,transformer.transformer_blocks.3,dual,3,0.0,middle_half,161,484,645,0.25,0.75,q3,0.5,0.75,1.0,True,3356.78466796875,-28.21295287384606,3.5,10,4.0,7009,a neutral and balanced rushing noise texture,/outputs/time-localized-brightness-steer-v1-pilot/bright-s01-l3/single/bright-s01-l3-single-sample-000-seed-7009-transformer-blocks-3-middle-half-s0p0.wav,2.597,3362.368896484375,3346.357666015625,77175,115762
ok,,bright-s01-l3-single-sample-000-seed-7009,bright-s01-l3-single-sample-000-seed-7009_transformer_blocks-3_middle_half_s0p0,bright-s01-l3,single,transformer.transformer_blocks.3,dual,3,0.0,middle_half,161,484,645,0.25,0.75,q4,0.75,1.0,0.0,False,3356.78466796875,-28.21295287384606,3.5,10,4.0,7009,a neutral and balanced rushing noise texture,/outputs/time-localized-brightness-steer-v1-pilot/bright-s01-l3/single/bright-s01-l3-single-sample-000-seed-7009-transformer-blocks-3-middle-half-s0p0.wav,2.597,3344.072998046875,3346.242431640625,115762,154350
ok,,bright-s01-l3-single-sample-000-seed-7009,bright-s01-l3-single-sample-000-seed-7009_transformer_blocks-3_middle_half_s1p0,bright-s01-l3,single,transformer.transformer_blocks.3,dual,3,1.0,middle_half,161,484,645,0.25,0.75,q1,0.0,0.25,0.0,False,3403.13916015625,-28.815066577752233,3.5,10,4.0,7009,a neutral and balanced rushing noise texture,/outputs/time-localized-brightness-steer-v1-pilot/bright-s01-l3/single/bright-s01-l3-single-sample-000-seed-7009-transformer-blocks-3-middle-half-s1p0.wav,2.998,3436.702392578125,3446.889892578125,0,38588
ok,,bright-s01-l3-single-sample-000-seed-7009,bright-s01-l3-single-sample-000-seed-7009_transformer_blocks-3_middle_half_s1p0,bright-s01-l3,single,transformer.transformer_blocks.3,dual,3,1.0,middle_half,161,484,645,0.25,0.75,q2,0.25,0.5,1.0,True,3403.13916015625,-28.815066577752233,3.5,10,4.0,7009,a neutral and balanced rushing noise texture,/outputs/time-localized-brightness-steer-v1-pilot/bright-s01-l3/single/bright-s01-l3-single-sample-000-seed-7009-transformer-blocks-3-middle-half-s1p0.wav,2.999,3409.920166015625,3403.136474609375,38588,77175
ok,,bright-s01-l3-single-sample-000-seed-7009,bright-s01-l3-single-sample-000-seed-7009_transformer_blocks-3_middle_half_s1p0,bright-s01-l3,single,transformer.transformer_blocks.3,dual,3,1.0,middle_half,161,484,645,0.25,0.75,q3,0.5,0.75,1.0,True,3403.13916015625,-28.815066577752233,3.5,10,4.0,7009,a neutral and balanced rushing noise texture,/outputs/time-localized-brightness-steer-v1-pilot/bright-s01-l3/single/bright-s01-l3-single-sample-000-seed-7009-transformer-blocks-3-middle-half-s1p0.wav,3.0,3408.471923828125,3390.369140625,77175,115762
ok,,bright-s01-l3-single-sample-000-seed-7009,bright-s01-l3-single-sample-000-seed-7009_transformer_blocks-3_middle_half_s1p0,bright-s01-l3,single,transformer.transformer_blocks.3,dual,3,1.0,middle_half,161,484,645,0.25,0.75,q4,0.75,1.0,0.0,False,3403.13916015625,-28.815066577752233,3.5,10,4.0,7009,a neutral and balanced rushing noise texture,/outputs/time-localized-brightness-steer-v1-pilot/bright-s01-l3/single/bright-s01-l3-single-sample-000-seed-7009-transformer-blocks-3-middle-half-s1p0.wav,3.001,3390.39404296875,3388.673095703125,115762,154350
ok,,bright-s01-l3-single-sample-000-seed-7009,bright-s01-l3-single-sample-000-seed-7009_transformer_blocks-3_middle_half_s2p0,bright-s01-l3,single,transformer.transformer_blocks.3,dual,3,2.0,middle_half,161,484,645,0.25,0.75,q1,0.0,0.25,0.0,False,3473.207763671875,-29.504508536987974,3.5,10,4.0,7009,a neutral and balanced rushing noise texture,/outputs/time-localized-brightness-steer-v1-pilot/bright-s01-l3/single/bright-s01-l3-single-sample-000-seed-7009-transformer-blocks-3-middle-half-s2p0.wav,2.877,3507.042724609375,3517.460205078125,0,38588
ok,,bright-s01-l3-single-sample-000-seed-7009,bright-s01-l3-single-sample-000-seed-7009_transformer_blocks-3_middle_half_s2p0,bright-s01-l3,single,transformer.transformer_blocks.3,dual,3,2.0,middle_half,161,484,645,0.25,0.75,q2,0.25,0.5,1.0,True,3473.207763671875,-29.504508536987974,3.5,10,4.0,7009,a neutral and balanced rushing noise texture,/outputs/time-localized-brightness-steer-v1-pilot/bright-s01-l3/single/bright-s01-l3-single-sample-000-seed-7009-transformer-blocks-3-middle-half-s2p0.wav,2.878,3482.771484375,3476.19970703125,38588,77175
ok,,bright-s01-l3-single-sample-000-seed-7009,bright-s01-l3-single-sample-000-seed-7009_transformer_blocks-3_middle_half_s2p0,bright-s01-l3,single,transformer.transformer_blocks.3,dual,3,2.0,middle_half,161,484,645,0.25,0.75,q3,0.5,0.75,1.0,True,3473.207763671875,-29.504508536987974,3.5,10,4.0,7009,a neutral and balanced rushing noise texture,/outputs/time-localized-brightness-steer-v1-pilot/bright-s01-l3/single/bright-s01-l3-single-sample-000-seed-7009-transformer-blocks-3-middle-half-s2p0.wav,2.88,3479.0966796875,3462.36376953125,77175,115762
ok,,bright-s01-l3-single-sample-000-seed-7009,bright-s01-l3-single-sample-000-seed-7009_transformer_blocks-3_middle_half_s2p0,bright-s01-l3,single,transformer.transformer_blocks.3,dual,3,2.0,middle_half,161,484,645,0.25,0.75,q4,0.75,1.0,0.0,False,3473.207763671875,-29.504508536987974,3.5,10,4.0,7009,a neutral and balanced rushing noise texture,/outputs/time-localized-brightness-steer-v1-pilot/bright-s01-l3/single/bright-s01-l3-single-sample-000-seed-7009-transformer-blocks-3-middle-half-s2p0.wav,2.88,3456.483642578125,3457.155517578125,115762,154350
ok,,bright-s01-l3-single-sample-000-seed-7009,bright-s01-l3-single-sample-000-seed-7009_transformer_blocks-3_middle_half_s4p0,bright-s01-l3,single,transformer.transformer_blocks.3,dual,3,4.0,middle_half,161,484,645,0.25,0.75,q1,0.0,0.25,0.0,False,3580.692138671875,-30.676793530067084,3.5,10,4.0,7009,a neutral and balanced rushing noise texture,/outputs/time-localized-brightness-steer-v1-pilot/bright-s01-l3/single/bright-s01-l3-single-sample-000-seed-7009-transformer-blocks-3-middle-half-s4p0.wav,3.167,3617.865966796875,3635.64599609375,0,38588
ok,,bright-s01-l3-single-sample-000-seed-7009,bright-s01-l3-single-sample-000-seed-7009_transformer_blocks-3_middle_half_s4p0,bright-s01-l3,single,transformer.transformer_blocks.3,dual,3,4.0,middle_half,161,484,645,0.25,0.75,q2,0.25,0.5,1.0,True,3580.692138671875,-30.676793530067084,3.5,10,4.0,7009,a neutral and balanced rushing noise texture,/outputs/time-localized-brightness-steer-v1-pilot/bright-s01-l3/single/bright-s01-l3-single-sample-000-seed-7009-transformer-blocks-3-middle-half-s4p0.wav,3.169,3588.13330078125,3584.06689453125,38588,77175
ok,,bright-s01-l3-single-sample-000-seed-7009,bright-s01-l3-single-sample-000-seed-7009_transformer_blocks-3_middle_half_s4p0,bright-s01-l3,single,transformer.transformer_blocks.3,dual,3,4.0,middle_half,161,484,645,0.25,0.75,q3,0.5,0.75,1.0,True,3580.692138671875,-30.676793530067084,3.5,10,4.0,7009,a neutral and balanced rushing noise texture,/outputs/time-localized-brightness-steer-v1-pilot/bright-s01-l3/single/bright-s01-l3-single-sample-000-seed-7009-transformer-blocks-3-middle-half-s4p0.wav,3.17,3585.85107421875,3565.396728515625,77175,115762
ok,,bright-s01-l3-single-sample-000-seed-7009,bright-s01-l3-single-sample-000-seed-7009_transformer_blocks-3_middle_half_s4p0,bright-s01-l3,single,transformer.transformer_blocks.3,dual,3,4.0,middle_half,161,484,645,0.25,0.75,q4,0.75,1.0,0.0,False,3580.692138671875,-30.676793530067084,3.5,10,4.0,7009,a neutral and balanced rushing noise texture,/outputs/time-localized-brightness-steer-v1-pilot/bright-s01-l3/single/bright-s01-l3-single-sample-000-seed-7009-transformer-blocks-3-middle-half-s4p0.wav,3.171,3563.5595703125,3563.80419921875,115762,154350
ok,,bright-s01-l3-single-sample-000-seed-7009,bright-s01-l3-single-sample-000-seed-7009_transformer_blocks-3_second_half_s0p0,bright-s01-l3,single,transformer.transformer_blocks.3,dual,3,0.0,second_half,322,645,645,0.5,1.0,q1,0.0,0.25,0.0,False,3356.78466796875,-28.21295287384606,3.5,10,4.0,7009,a neutral and balanced rushing noise texture,/outputs/time-localized-brightness-steer-v1-pilot/bright-s01-l3/single/bright-s01-l3-single-sample-000-seed-7009-transformer-blocks-3-second-half-s0p0.wav,5.527,3390.605712890625,3402.17626953125,0,38588
ok,,bright-s01-l3-single-sample-000-seed-7009,bright-s01-l3-single-sample-000-seed-7009_transformer_blocks-3_second_half_s0p0,bright-s01-l3,single,transformer.transformer_blocks.3,dual,3,0.0,second_half,322,645,645,0.5,1.0,q2,0.25,0.5,0.0,False,3356.78466796875,-28.21295287384606,3.5,10,4.0,7009,a neutral and balanced rushing noise texture,/outputs/time-localized-brightness-steer-v1-pilot/bright-s01-l3/single/bright-s01-l3-single-sample-000-seed-7009-transformer-blocks-3-second-half-s0p0.wav,5.528,3363.090087890625,3359.53662109375,38588,77175
ok,,bright-s01-l3-single-sample-000-seed-7009,bright-s01-l3-single-sample-000-seed-7009_transformer_blocks-3_second_half_s0p0,bright-s01-l3,single,transformer.transformer_blocks.3,dual,3,0.0,second_half,322,645,645,0.5,1.0,q3,0.5,0.75,1.0,True,3356.78466796875,-28.21295287384606,3.5,10,4.0,7009,a neutral and balanced rushing noise texture,/outputs/time-localized-brightness-steer-v1-pilot/bright-s01-l3/single/bright-s01-l3-single-sample-000-seed-7009-transformer-blocks-3-second-half-s0p0.wav,5.53,3362.368896484375,3346.357666015625,77175,115762
ok,,bright-s01-l3-single-sample-000-seed-7009,bright-s01-l3-single-sample-000-seed-7009_transformer_blocks-3_second_half_s0p0,bright-s01-l3,single,transformer.transformer_blocks.3,dual,3,0.0,second_half,322,645,645,0.5,1.0,q4,0.75,1.0,1.0,True,3356.78466796875,-28.21295287384606,3.5,10,4.0,7009,a neutral and balanced rushing noise texture,/outputs/time-localized-brightness-steer-v1-pilot/bright-s01-l3/single/bright-s01-l3-single-sample-000-seed-7009-transformer-blocks-3-second-half-s0p0.wav,5.53,3344.072998046875,3346.242431640625,115762,154350
ok,,bright-s01-l3-single-sample-000-seed-7009,bright-s01-l3-single-sample-000-seed-7009_transformer_blocks-3_second_half_s1p0,bright-s01-l3,single,transformer.transformer_blocks.3,dual,3,1.0,second_half,322,645,645,0.5,1.0,q1,0.0,0.25,0.0,False,3371.10888671875,-28.61691639740497,3.5,10,4.0,7009,a neutral and balanced rushing noise texture,/outputs/time-localized-brightness-steer-v1-pilot/bright-s01-l3/single/bright-s01-l3-single-sample-000-seed-7009-transformer-blocks-3-second-half-s1p0.wav,32.894,3404.326904296875,3414.524169921875,0,38588
ok,,bright-s01-l3-single-sample-000-seed-7009,bright-s01-l3-single-sample-000-seed-7009_transformer_blocks-3_second_half_s1p0,bright-s01-l3,single,transformer.transformer_blocks.3,dual,3,1.0,second_half,322,645,645,0.5,1.0,q2,0.25,0.5,0.0,False,3371.10888671875,-28.61691639740497,3.5,10,4.0,7009,a neutral and balanced rushing noise texture,/outputs/time-localized-brightness-steer-v1-pilot/bright-s01-l3/single/bright-s01-l3-single-sample-000-seed-7009-transformer-blocks-3-second-half-s1p0.wav,32.896,3378.009765625,3372.18115234375,38588,77175
ok,,bright-s01-l3-single-sample-000-seed-7009,bright-s01-l3-single-sample-000-seed-7009_transformer_blocks-3_second_half_s1p0,bright-s01-l3,single,transformer.transformer_blocks.3,dual,3,1.0,second_half,322,645,645,0.5,1.0,q3,0.5,0.75,1.0,True,3371.10888671875,-28.61691639740497,3.5,10,4.0,7009,a neutral and balanced rushing noise texture,/outputs/time-localized-brightness-steer-v1-pilot/bright-s01-l3/single/bright-s01-l3-single-sample-000-seed-7009-transformer-blocks-3-second-half-s1p0.wav,32.897,3377.200439453125,3361.224853515625,77175,115762
ok,,bright-s01-l3-single-sample-000-seed-7009,bright-s01-l3-single-sample-000-seed-7009_transformer_blocks-3_second_half_s1p0,bright-s01-l3,single,transformer.transformer_blocks.3,dual,3,1.0,second_half,322,645,645,0.5,1.0,q4,0.75,1.0,1.0,True,3371.10888671875,-28.61691639740497,3.5,10,4.0,7009,a neutral and balanced rushing noise texture,/outputs/time-localized-brightness-steer-v1-pilot/bright-s01-l3/single/bright-s01-l3-single-sample-000-seed-7009-transformer-blocks-3-second-half-s1p0.wav,32.897,3357.96826171875,3356.93359375,115762,154350
ok,,bright-s01-l3-single-sample-000-seed-7009,bright-s01-l3-single-sample-000-seed-7009_transformer_blocks-3_second_half_s2p0,bright-s01-l3,single,transformer.transformer_blocks.3,dual,3,2.0,second_half,322,645,645,0.5,1.0,q1,0.0,0.25,0.0,False,3394.22314453125,-28.947918087881423,3.5,10,4.0,7009,a neutral and balanced rushing noise texture,/outputs/time-localized-brightness-steer-v1-pilot/bright-s01-l3/single/bright-s01-l3-single-sample-000-seed-7009-transformer-blocks-3-second-half-s2p0.wav,3.047,3427.03125,3436.144287109375,0,38588
ok,,bright-s01-l3-single-sample-000-seed-7009,bright-s01-l3-single-sample-000-seed-7009_transformer_blocks-3_second_half_s2p0,bright-s01-l3,single,transformer.transformer_blocks.3,dual,3,2.0,second_half,322,645,645,0.5,1.0,q2,0.25,0.5,0.0,False,3394.22314453125,-28.947918087881423,3.5,10,4.0,7009,a neutral and balanced rushing noise texture,/outputs/time-localized-brightness-steer-v1-pilot/bright-s01-l3/single/bright-s01-l3-single-sample-000-seed-7009-transformer-blocks-3-second-half-s2p0.wav,3.048,3401.743896484375,3395.498046875,38588,77175
ok,,bright-s01-l3-single-sample-000-seed-7009,bright-s01-l3-single-sample-000-seed-7009_transformer_blocks-3_second_half_s2p0,bright-s01-l3,single,transformer.transformer_blocks.3,dual,3,2.0,second_half,322,645,645,0.5,1.0,q3,0.5,0.75,1.0,True,3394.22314453125,-28.947918087881423,3.5,10,4.0,7009,a neutral and balanced rushing noise texture,/outputs/time-localized-brightness-steer-v1-pilot/bright-s01-l3/single/bright-s01-l3-single-sample-000-seed-7009-transformer-blocks-3-second-half-s2p0.wav,3.049,3400.207763671875,3383.260986328125,77175,115762
ok,,bright-s01-l3-single-sample-000-seed-7009,bright-s01-l3-single-sample-000-seed-7009_transformer_blocks-3_second_half_s2p0,bright-s01-l3,single,transformer.transformer_blocks.3,dual,3,2.0,second_half,322,645,645,0.5,1.0,q4,0.75,1.0,1.0,True,3394.22314453125,-28.947918087881423,3.5,10,4.0,7009,a neutral and balanced rushing noise texture,/outputs/time-localized-brightness-steer-v1-pilot/bright-s01-l3/single/bright-s01-l3-single-sample-000-seed-7009-transformer-blocks-3-second-half-s2p0.wav,3.05,3381.080078125,3378.909912109375,115762,154350
ok,,bright-s01-l3-single-sample-000-seed-7009,bright-s01-l3-single-sample-000-seed-7009_transformer_blocks-3_second_half_s4p0,bright-s01-l3,single,transformer.transformer_blocks.3,dual,3,4.0,second_half,322,645,645,0.5,1.0,q1,0.0,0.25,0.0,False,3447.11279296875,-29.43505910464595,3.5,10,4.0,7009,a neutral and balanced rushing noise texture,/outputs/time-localized-brightness-steer-v1-pilot/bright-s01-l3/single/bright-s01-l3-single-sample-000-seed-7009-transformer-blocks-3-second-half-s4p0.wav,2.882,3479.514892578125,3485.888427734375,0,38588
ok,,bright-s01-l3-single-sample-000-seed-7009,bright-s01-l3-single-sample-000-seed-7009_transformer_blocks-3_second_half_s4p0,bright-s01-l3,single,transformer.transformer_blocks.3,dual,3,4.0,second_half,322,645,645,0.5,1.0,q2,0.25,0.5,0.0,False,3447.11279296875,-29.43505910464595,3.5,10,4.0,7009,a neutral and balanced rushing noise texture,/outputs/time-localized-brightness-steer-v1-pilot/bright-s01-l3/single/bright-s01-l3-single-sample-000-seed-7009-transformer-blocks-3-second-half-s4p0.wav,2.884,3455.36767578125,3449.779052734375,38588,77175
ok,,bright-s01-l3-single-sample-000-seed-7009,bright-s01-l3-single-sample-000-seed-7009_transformer_blocks-3_second_half_s4p0,bright-s01-l3,single,transformer.transformer_blocks.3,dual,3,4.0,second_half,322,645,645,0.5,1.0,q3,0.5,0.75,1.0,True,3447.11279296875,-29.43505910464595,3.5,10,4.0,7009,a neutral and balanced rushing noise texture,/outputs/time-localized-brightness-steer-v1-pilot/bright-s01-l3/single/bright-s01-l3-single-sample-000-seed-7009-transformer-blocks-3-second-half-s4p0.wav,2.885,3453.3671875,3434.696044921875,77175,115762
ok,,bright-s01-l3-single-sample-000-seed-7009,bright-s01-l3-single-sample-000-seed-7009_transformer_blocks-3_second_half_s4p0,bright-s01-l3,single,transformer.transformer_blocks.3,dual,3,4.0,second_half,322,645,645,0.5,1.0,q4,0.75,1.0,1.0,True,3447.11279296875,-29.43505910464595,3.5,10,4.0,7009,a neutral and balanced rushing noise texture,/outputs/time-localized-brightness-steer-v1-pilot/bright-s01-l3/single/bright-s01-l3-single-sample-000-seed-7009-transformer-blocks-3-second-half-s4p0.wav,2.886,3433.596923828125,3432.321533203125,115762,154350
ok,,bright-s02-l3-single-sample-000-seed-7015,bright-s02-l3-single-sample-000-seed-7015_transformer_blocks-3_first_half_s0p0,bright-s02-l3,single,transformer.transformer_blocks.3,dual,3,0.0,first_half,0,322,645,0.0,0.5,q1,0.0,0.25,1.0,True,1453.842529296875,-20.549660214572917,3.5,10,4.0,7015,a neutral and balanced sustained string chord,/outputs/time-localized-brightness-steer-v1-pilot/bright-s02-l3/single/bright-s02-l3-single-sample-000-seed-7015-transformer-blocks-3-first-half-s0p0.wav,2.953,1527.087158203125,1384.843994140625,0,38588
ok,,bright-s02-l3-single-sample-000-seed-7015,bright-s02-l3-single-sample-000-seed-7015_transformer_blocks-3_first_half_s0p0,bright-s02-l3,single,transformer.transformer_blocks.3,dual,3,0.0,first_half,0,322,645,0.0,0.5,q2,0.25,0.5,1.0,True,1453.842529296875,-20.549660214572917,3.5,10,4.0,7015,a neutral and balanced sustained string chord,/outputs/time-localized-brightness-steer-v1-pilot/bright-s02-l3/single/bright-s02-l3-single-sample-000-seed-7015-transformer-blocks-3-first-half-s0p0.wav,2.955,1431.0479736328125,1364.41552734375,38588,77175
ok,,bright-s02-l3-single-sample-000-seed-7015,bright-s02-l3-single-sample-000-seed-7015_transformer_blocks-3_first_half_s0p0,bright-s02-l3,single,transformer.transformer_blocks.3,dual,3,0.0,first_half,0,322,645,0.0,0.5,q3,0.5,0.75,0.0,False,1453.842529296875,-20.549660214572917,3.5,10,4.0,7015,a neutral and balanced sustained string chord,/outputs/time-localized-brightness-steer-v1-pilot/bright-s02-l3/single/bright-s02-l3-single-sample-000-seed-7015-transformer-blocks-3-first-half-s0p0.wav,2.956,1369.7977294921875,1359.9576416015625,77175,115762
ok,,bright-s02-l3-single-sample-000-seed-7015,bright-s02-l3-single-sample-000-seed-7015_transformer_blocks-3_first_half_s0p0,bright-s02-l3,single,transformer.transformer_blocks.3,dual,3,0.0,first_half,0,322,645,0.0,0.5,q4,0.75,1.0,0.0,False,1453.842529296875,-20.549660214572917,3.5,10,4.0,7015,a neutral and balanced sustained string chord,/outputs/time-localized-brightness-steer-v1-pilot/bright-s02-l3/single/bright-s02-l3-single-sample-000-seed-7015-transformer-blocks-3-first-half-s0p0.wav,2.957,1490.1407470703125,1486.6246337890625,115762,154350
ok,,bright-s02-l3-single-sample-000-seed-7015,bright-s02-l3-single-sample-000-seed-7015_transformer_blocks-3_first_half_s1p0,bright-s02-l3,single,transformer.transformer_blocks.3,dual,3,1.0,first_half,0,322,645,0.0,0.5,q1,0.0,0.25,1.0,True,1491.507080078125,-20.693495030398587,3.5,10,4.0,7015,a neutral and balanced sustained string chord,/outputs/time-localized-brightness-steer-v1-pilot/bright-s02-l3/single/bright-s02-l3-single-sample-000-seed-7015-transformer-blocks-3-first-half-s1p0.wav,2.903,1557.2723388671875,1409.7720947265625,0,38588
ok,,bright-s02-l3-single-sample-000-seed-7015,bright-s02-l3-single-sample-000-seed-7015_transformer_blocks-3_first_half_s1p0,bright-s02-l3,single,transformer.transformer_blocks.3,dual,3,1.0,first_half,0,322,645,0.0,0.5,q2,0.25,0.5,1.0,True,1491.507080078125,-20.693495030398587,3.5,10,4.0,7015,a neutral and balanced sustained string chord,/outputs/time-localized-brightness-steer-v1-pilot/bright-s02-l3/single/bright-s02-l3-single-sample-000-seed-7015-transformer-blocks-3-first-half-s1p0.wav,2.904,1474.1767578125,1404.2303466796875,38588,77175
ok,,bright-s02-l3-single-sample-000-seed-7015,bright-s02-l3-single-sample-000-seed-7015_transformer_blocks-3_first_half_s1p0,bright-s02-l3,single,transformer.transformer_blocks.3,dual,3,1.0,first_half,0,322,645,0.0,0.5,q3,0.5,0.75,0.0,False,1491.507080078125,-20.693495030398587,3.5,10,4.0,7015,a neutral and balanced sustained string chord,/outputs/time-localized-brightness-steer-v1-pilot/bright-s02-l3/single/bright-s02-l3-single-sample-000-seed-7015-transformer-blocks-3-first-half-s1p0.wav,2.906,1407.6751708984375,1396.3951416015625,77175,115762
ok,,bright-s02-l3-single-sample-000-seed-7015,bright-s02-l3-single-sample-000-seed-7015_transformer_blocks-3_first_half_s1p0,bright-s02-l3,single,transformer.transformer_blocks.3,dual,3,1.0,first_half,0,322,645,0.0,0.5,q4,0.75,1.0,0.0,False,1491.507080078125,-20.693495030398587,3.5,10,4.0,7015,a neutral and balanced sustained string chord,/outputs/time-localized-brightness-steer-v1-pilot/bright-s02-l3/single/bright-s02-l3-single-sample-000-seed-7015-transformer-blocks-3-first-half-s1p0.wav,2.906,1529.337890625,1534.579833984375,115762,154350
ok,,bright-s02-l3-single-sample-000-seed-7015,bright-s02-l3-single-sample-000-seed-7015_transformer_blocks-3_first_half_s2p0,bright-s02-l3,single,transformer.transformer_blocks.3,dual,3,2.0,first_half,0,322,645,0.0,0.5,q1,0.0,0.25,1.0,True,1515.47021484375,-20.821077006469395,3.5,10,4.0,7015,a neutral and balanced sustained string chord,/outputs/time-localized-brightness-steer-v1-pilot/bright-s02-l3/single/bright-s02-l3-single-sample-000-seed-7015-transformer-blocks-3-first-half-s2p0.wav,2.956,1576.2359619140625,1437.4052734375,0,38588
ok,,bright-s02-l3-single-sample-000-seed-7015,bright-s02-l3-single-sample-000-seed-7015_transformer_blocks-3_first_half_s2p0,bright-s02-l3,single,transformer.transformer_blocks.3,dual,3,2.0,first_half,0,322,645,0.0,0.5,q2,0.25,0.5,1.0,True,1515.47021484375,-20.821077006469395,3.5,10,4.0,7015,a neutral and balanced sustained string chord,/outputs/time-localized-brightness-steer-v1-pilot/bright-s02-l3/single/bright-s02-l3-single-sample-000-seed-7015-transformer-blocks-3-first-half-s2p0.wav,2.957,1497.3404541015625,1425.8531494140625,38588,77175
ok,,bright-s02-l3-single-sample-000-seed-7015,bright-s02-l3-single-sample-000-seed-7015_transformer_blocks-3_first_half_s2p0,bright-s02-l3,single,transformer.transformer_blocks.3,dual,3,2.0,first_half,0,322,645,0.0,0.5,q3,0.5,0.75,0.0,False,1515.47021484375,-20.821077006469395,3.5,10,4.0,7015,a neutral and balanced sustained string chord,/outputs/time-localized-brightness-steer-v1-pilot/bright-s02-l3/single/bright-s02-l3-single-sample-000-seed-7015-transformer-blocks-3-first-half-s2p0.wav,2.959,1435.6627197265625,1423.9298095703125,77175,115762
ok,,bright-s02-l3-single-sample-000-seed-7015,bright-s02-l3-single-sample-000-seed-7015_transformer_blocks-3_first_half_s2p0,bright-s02-l3,single,transformer.transformer_blocks.3,dual,3,2.0,first_half,0,322,645,0.0,0.5,q4,0.75,1.0,0.0,False,1515.47021484375,-20.821077006469395,3.5,10,4.0,7015,a neutral and balanced sustained string chord,/outputs/time-localized-brightness-steer-v1-pilot/bright-s02-l3/single/bright-s02-l3-single-sample-000-seed-7015-transformer-blocks-3-first-half-s2p0.wav,2.959,1555.5654296875,1561.8133544921875,115762,154350
ok,,bright-s02-l3-single-sample-000-seed-7015,bright-s02-l3-single-sample-000-seed-7015_transformer_blocks-3_first_half_s4p0,bright-s02-l3,single,transformer.transformer_blocks.3,dual,3,4.0,first_half,0,322,645,0.0,0.5,q1,0.0,0.25,1.0,True,1561.581787109375,-20.927304237709503,3.5,10,4.0,7015,a neutral and balanced sustained string chord,/outputs/time-localized-brightness-steer-v1-pilot/bright-s02-l3/single/bright-s02-l3-single-sample-000-seed-7015-transformer-blocks-3-first-half-s4p0.wav,2.78,1606.593017578125,1492.7789306640625,0,38588
ok,,bright-s02-l3-single-sample-000-seed-7015,bright-s02-l3-single-sample-000-seed-7015_transformer_blocks-3_first_half_s4p0,bright-s02-l3,single,transformer.transformer_blocks.3,dual,3,4.0,first_half,0,322,645,0.0,0.5,q2,0.25,0.5,1.0,True,1561.581787109375,-20.927304237709503,3.5,10,4.0,7015,a neutral and balanced sustained string chord,/outputs/time-localized-brightness-steer-v1-pilot/bright-s02-l3/single/bright-s02-l3-single-sample-000-seed-7015-transformer-blocks-3-first-half-s4p0.wav,2.781,1544.790283203125,1471.3709716796875,38588,77175
ok,,bright-s02-l3-single-sample-000-seed-7015,bright-s02-l3-single-sample-000-seed-7015_transformer_blocks-3_first_half_s4p0,bright-s02-l3,single,transformer.transformer_blocks.3,dual,3,4.0,first_half,0,322,645,0.0,0.5,q3,0.5,0.75,0.0,False,1561.581787109375,-20.927304237709503,3.5,10,4.0,7015,a neutral and balanced sustained string chord,/outputs/time-localized-brightness-steer-v1-pilot/bright-s02-l3/single/bright-s02-l3-single-sample-000-seed-7015-transformer-blocks-3-first-half-s4p0.wav,2.782,1488.1168212890625,1467.6075439453125,77175,115762
ok,,bright-s02-l3-single-sample-000-seed-7015,bright-s02-l3-single-sample-000-seed-7015_transformer_blocks-3_first_half_s4p0,bright-s02-l3,single,transformer.transformer_blocks.3,dual,3,4.0,first_half,0,322,645,0.0,0.5,q4,0.75,1.0,0.0,False,1561.581787109375,-20.927304237709503,3.5,10,4.0,7015,a neutral and balanced sustained string chord,/outputs/time-localized-brightness-steer-v1-pilot/bright-s02-l3/single/bright-s02-l3-single-sample-000-seed-7015-transformer-blocks-3-first-half-s4p0.wav,2.783,1610.6058349609375,1632.22412109375,115762,154350
ok,,bright-s02-l3-single-sample-000-seed-7015,bright-s02-l3-single-sample-000-seed-7015_transformer_blocks-3_middle_half_s0p0,bright-s02-l3,single,transformer.transformer_blocks.3,dual,3,0.0,middle_half,161,484,645,0.25,0.75,q1,0.0,0.25,0.0,False,1453.842529296875,-20.549660214572917,3.5,10,4.0,7015,a neutral and balanced sustained string chord,/outputs/time-localized-brightness-steer-v1-pilot/bright-s02-l3/single/bright-s02-l3-single-sample-000-seed-7015-transformer-blocks-3-middle-half-s0p0.wav,2.47,1527.087158203125,1384.843994140625,0,38588
ok,,bright-s02-l3-single-sample-000-seed-7015,bright-s02-l3-single-sample-000-seed-7015_transformer_blocks-3_middle_half_s0p0,bright-s02-l3,single,transformer.transformer_blocks.3,dual,3,0.0,middle_half,161,484,645,0.25,0.75,q2,0.25,0.5,1.0,True,1453.842529296875,-20.549660214572917,3.5,10,4.0,7015,a neutral and balanced sustained string chord,/outputs/time-localized-brightness-steer-v1-pilot/bright-s02-l3/single/bright-s02-l3-single-sample-000-seed-7015-transformer-blocks-3-middle-half-s0p0.wav,2.472,1431.0479736328125,1364.41552734375,38588,77175
ok,,bright-s02-l3-single-sample-000-seed-7015,bright-s02-l3-single-sample-000-seed-7015_transformer_blocks-3_middle_half_s0p0,bright-s02-l3,single,transformer.transformer_blocks.3,dual,3,0.0,middle_half,161,484,645,0.25,0.75,q3,0.5,0.75,1.0,True,1453.842529296875,-20.549660214572917,3.5,10,4.0,7015,a neutral and balanced sustained string chord,/outputs/time-localized-brightness-steer-v1-pilot/bright-s02-l3/single/bright-s02-l3-single-sample-000-seed-7015-transformer-blocks-3-middle-half-s0p0.wav,2.473,1369.7977294921875,1359.9576416015625,77175,115762
ok,,bright-s02-l3-single-sample-000-seed-7015,bright-s02-l3-single-sample-000-seed-7015_transformer_blocks-3_middle_half_s0p0,bright-s02-l3,single,transformer.transformer_blocks.3,dual,3,0.0,middle_half,161,484,645,0.25,0.75,q4,0.75,1.0,0.0,False,1453.842529296875,-20.549660214572917,3.5,10,4.0,7015,a neutral and balanced sustained string chord,/outputs/time-localized-brightness-steer-v1-pilot/bright-s02-l3/single/bright-s02-l3-single-sample-000-seed-7015-transformer-blocks-3-middle-half-s0p0.wav,2.474,1490.1407470703125,1486.6246337890625,115762,154350
ok,,bright-s02-l3-single-sample-000-seed-7015,bright-s02-l3-single-sample-000-seed-7015_transformer_blocks-3_middle_half_s1p0,bright-s02-l3,single,transformer.transformer_blocks.3,dual,3,1.0,middle_half,161,484,645,0.25,0.75,q1,0.0,0.25,0.0,False,1461.7750244140625,-20.5548027836703,3.5,10,4.0,7015,a neutral and balanced sustained string chord,/outputs/time-localized-brightness-steer-v1-pilot/bright-s02-l3/single/bright-s02-l3-single-sample-000-seed-7015-transformer-blocks-3-middle-half-s1p0.wav,2.79,1534.3355712890625,1394.8934326171875,0,38588
ok,,bright-s02-l3-single-sample-000-seed-7015,bright-s02-l3-single-sample-000-seed-7015_transformer_blocks-3_middle_half_s1p0,bright-s02-l3,single,transformer.transformer_blocks.3,dual,3,1.0,middle_half,161,484,645,0.25,0.75,q2,0.25,0.5,1.0,True,1461.7750244140625,-20.5548027836703,3.5,10,4.0,7015,a neutral and balanced sustained string chord,/outputs/time-localized-brightness-steer-v1-pilot/bright-s02-l3/single/bright-s02-l3-single-sample-000-seed-7015-transformer-blocks-3-middle-half-s1p0.wav,2.792,1438.612548828125,1373.112060546875,38588,77175
ok,,bright-s02-l3-single-sample-000-seed-7015,bright-s02-l3-single-sample-000-seed-7015_transformer_blocks-3_middle_half_s1p0,bright-s02-l3,single,transformer.transformer_blocks.3,dual,3,1.0,middle_half,161,484,645,0.25,0.75,q3,0.5,0.75,1.0,True,1461.7750244140625,-20.5548027836703,3.5,10,4.0,7015,a neutral and balanced sustained string chord,/outputs/time-localized-brightness-steer-v1-pilot/bright-s02-l3/single/bright-s02-l3-single-sample-000-seed-7015-transformer-blocks-3-middle-half-s1p0.wav,2.793,1381.0994873046875,1377.341552734375,77175,115762
ok,,bright-s02-l3-single-sample-000-seed-7015,bright-s02-l3-single-sample-000-seed-7015_transformer_blocks-3_middle_half_s1p0,bright-s02-l3,single,transformer.transformer_blocks.3,dual,3,1.0,middle_half,161,484,645,0.25,0.75,q4,0.75,1.0,0.0,False,1461.7750244140625,-20.5548027836703,3.5,10,4.0,7015,a neutral and balanced sustained string chord,/outputs/time-localized-brightness-steer-v1-pilot/bright-s02-l3/single/bright-s02-l3-single-sample-000-seed-7015-transformer-blocks-3-middle-half-s1p0.wav,2.794,1495.5089111328125,1495.5089111328125,115762,154350
ok,,bright-s02-l3-single-sample-000-seed-7015,bright-s02-l3-single-sample-000-seed-7015_transformer_blocks-3_middle_half_s2p0,bright-s02-l3,single,transformer.transformer_blocks.3,dual,3,2.0,middle_half,161,484,645,0.25,0.75,q1,0.0,0.25,0.0,False,1469.053466796875,-20.57175612098613,3.5,10,4.0,7015,a neutral and balanced sustained string chord,/outputs/time-localized-brightness-steer-v1-pilot/bright-s02-l3/single/bright-s02-l3-single-sample-000-seed-7015-transformer-blocks-3-middle-half-s2p0.wav,2.859,1538.9971923828125,1410.9908447265625,0,38588
ok,,bright-s02-l3-single-sample-000-seed-7015,bright-s02-l3-single-sample-000-seed-7015_transformer_blocks-3_middle_half_s2p0,bright-s02-l3,single,transformer.transformer_blocks.3,dual,3,2.0,middle_half,161,484,645,0.25,0.75,q2,0.25,0.5,1.0,True,1469.053466796875,-20.57175612098613,3.5,10,4.0,7015,a neutral and balanced sustained string chord,/outputs/time-localized-brightness-steer-v1-pilot/bright-s02-l3/single/bright-s02-l3-single-sample-000-seed-7015-transformer-blocks-3-middle-half-s2p0.wav,2.861,1444.1746826171875,1375.684814453125,38588,77175
ok,,bright-s02-l3-single-sample-000-seed-7015,bright-s02-l3-single-sample-000-seed-7015_transformer_blocks-3_middle_half_s2p0,bright-s02-l3,single,transformer.transformer_blocks.3,dual,3,2.0,middle_half,161,484,645,0.25,0.75,q3,0.5,0.75,1.0,True,1469.053466796875,-20.57175612098613,3.5,10,4.0,7015,a neutral and balanced sustained string chord,/outputs/time-localized-brightness-steer-v1-pilot/bright-s02-l3/single/bright-s02-l3-single-sample-000-seed-7015-transformer-blocks-3-middle-half-s2p0.wav,2.863,1392.7799072265625,1385.3824462890625,77175,115762
ok,,bright-s02-l3-single-sample-000-seed-7015,bright-s02-l3-single-sample-000-seed-7015_transformer_blocks-3_middle_half_s2p0,bright-s02-l3,single,transformer.transformer_blocks.3,dual,3,2.0,middle_half,161,484,645,0.25,0.75,q4,0.75,1.0,0.0,False,1469.053466796875,-20.57175612098613,3.5,10,4.0,7015,a neutral and balanced sustained string chord,/outputs/time-localized-brightness-steer-v1-pilot/bright-s02-l3/single/bright-s02-l3-single-sample-000-seed-7015-transformer-blocks-3-middle-half-s2p0.wav,2.864,1502.5108642578125,1508.0743408203125,115762,154350
ok,,bright-s02-l3-single-sample-000-seed-7015,bright-s02-l3-single-sample-000-seed-7015_transformer_blocks-3_middle_half_s4p0,bright-s02-l3,single,transformer.transformer_blocks.3,dual,3,4.0,middle_half,161,484,645,0.25,0.75,q1,0.0,0.25,0.0,False,1489.01953125,-20.53153689921824,3.5,10,4.0,7015,a neutral and balanced sustained string chord,/outputs/time-localized-brightness-steer-v1-pilot/bright-s02-l3/single/bright-s02-l3-single-sample-000-seed-7015-transformer-blocks-3-middle-half-s4p0.wav,3.098,1546.0186767578125,1437.935791015625,0,38588
ok,,bright-s02-l3-single-sample-000-seed-7015,bright-s02-l3-single-sample-000-seed-7015_transformer_blocks-3_middle_half_s4p0,bright-s02-l3,single,transformer.transformer_blocks.3,dual,3,4.0,middle_half,161,484,645,0.25,0.75,q2,0.25,0.5,1.0,True,1489.01953125,-20.53153689921824,3.5,10,4.0,7015,a neutral and balanced sustained string chord,/outputs/time-localized-brightness-steer-v1-pilot/bright-s02-l3/single/bright-s02-l3-single-sample-000-seed-7015-transformer-blocks-3-middle-half-s4p0.wav,3.1,1461.88720703125,1392.1026611328125,38588,77175
ok,,bright-s02-l3-single-sample-000-seed-7015,bright-s02-l3-single-sample-000-seed-7015_transformer_blocks-3_middle_half_s4p0,bright-s02-l3,single,transformer.transformer_blocks.3,dual,3,4.0,middle_half,161,484,645,0.25,0.75,q3,0.5,0.75,1.0,True,1489.01953125,-20.53153689921824,3.5,10,4.0,7015,a neutral and balanced sustained string chord,/outputs/time-localized-brightness-steer-v1-pilot/bright-s02-l3/single/bright-s02-l3-single-sample-000-seed-7015-transformer-blocks-3-middle-half-s4p0.wav,3.101,1421.543701171875,1415.384765625,77175,115762
ok,,bright-s02-l3-single-sample-000-seed-7015,bright-s02-l3-single-sample-000-seed-7015_transformer_blocks-3_middle_half_s4p0,bright-s02-l3,single,transformer.transformer_blocks.3,dual,3,4.0,middle_half,161,484,645,0.25,0.75,q4,0.75,1.0,0.0,False,1489.01953125,-20.53153689921824,3.5,10,4.0,7015,a neutral and balanced sustained string chord,/outputs/time-localized-brightness-steer-v1-pilot/bright-s02-l3/single/bright-s02-l3-single-sample-000-seed-7015-transformer-blocks-3-middle-half-s4p0.wav,3.102,1528.108154296875,1541.7530517578125,115762,154350
ok,,bright-s02-l3-single-sample-000-seed-7015,bright-s02-l3-single-sample-000-seed-7015_transformer_blocks-3_second_half_s0p0,bright-s02-l3,single,transformer.transformer_blocks.3,dual,3,0.0,second_half,322,645,645,0.5,1.0,q1,0.0,0.25,0.0,False,1453.842529296875,-20.549660214572917,3.5,10,4.0,7015,a neutral and balanced sustained string chord,/outputs/time-localized-brightness-steer-v1-pilot/bright-s02-l3/single/bright-s02-l3-single-sample-000-seed-7015-transformer-blocks-3-second-half-s0p0.wav,2.559,1527.087158203125,1384.843994140625,0,38588
ok,,bright-s02-l3-single-sample-000-seed-7015,bright-s02-l3-single-sample-000-seed-7015_transformer_blocks-3_second_half_s0p0,bright-s02-l3,single,transformer.transformer_blocks.3,dual,3,0.0,second_half,322,645,645,0.5,1.0,q2,0.25,0.5,0.0,False,1453.842529296875,-20.549660214572917,3.5,10,4.0,7015,a neutral and balanced sustained string chord,/outputs/time-localized-brightness-steer-v1-pilot/bright-s02-l3/single/bright-s02-l3-single-sample-000-seed-7015-transformer-blocks-3-second-half-s0p0.wav,2.561,1431.0479736328125,1364.41552734375,38588,77175
ok,,bright-s02-l3-single-sample-000-seed-7015,bright-s02-l3-single-sample-000-seed-7015_transformer_blocks-3_second_half_s0p0,bright-s02-l3,single,transformer.transformer_blocks.3,dual,3,0.0,second_half,322,645,645,0.5,1.0,q3,0.5,0.75,1.0,True,1453.842529296875,-20.549660214572917,3.5,10,4.0,7015,a neutral and balanced sustained string chord,/outputs/time-localized-brightness-steer-v1-pilot/bright-s02-l3/single/bright-s02-l3-single-sample-000-seed-7015-transformer-blocks-3-second-half-s0p0.wav,2.562,1369.7977294921875,1359.9576416015625,77175,115762
ok,,bright-s02-l3-single-sample-000-seed-7015,bright-s02-l3-single-sample-000-seed-7015_transformer_blocks-3_second_half_s0p0,bright-s02-l3,single,transformer.transformer_blocks.3,dual,3,0.0,second_half,322,645,645,0.5,1.0,q4,0.75,1.0,1.0,True,1453.842529296875,-20.549660214572917,3.5,10,4.0,7015,a neutral and balanced sustained string chord,/outputs/time-localized-brightness-steer-v1-pilot/bright-s02-l3/single/bright-s02-l3-single-sample-000-seed-7015-transformer-blocks-3-second-half-s0p0.wav,2.563,1490.1407470703125,1486.6246337890625,115762,154350
ok,,bright-s02-l3-single-sample-000-seed-7015,bright-s02-l3-single-sample-000-seed-7015_transformer_blocks-3_second_half_s1p0,bright-s02-l3,single,transformer.transformer_blocks.3,dual,3,1.0,second_half,322,645,645,0.5,1.0,q1,0.0,0.25,0.0,False,1446.6834716796875,-20.621241662821923,3.5,10,4.0,7015,a neutral and balanced sustained string chord,/outputs/time-localized-brightness-steer-v1-pilot/bright-s02-l3/single/bright-s02-l3-single-sample-000-seed-7015-transformer-blocks-3-second-half-s1p0.wav,2.747,1522.8681640625,1383.23388671875,0,38588
ok,,bright-s02-l3-single-sample-000-seed-7015,bright-s02-l3-single-sample-000-seed-7015_transformer_blocks-3_second_half_s1p0,bright-s02-l3,single,transformer.transformer_blocks.3,dual,3,1.0,second_half,322,645,645,0.5,1.0,q2,0.25,0.5,0.0,False,1446.6834716796875,-20.621241662821923,3.5,10,4.0,7015,a neutral and balanced sustained string chord,/outputs/time-localized-brightness-steer-v1-pilot/bright-s02-l3/single/bright-s02-l3-single-sample-000-seed-7015-transformer-blocks-3-second-half-s1p0.wav,2.748,1418.3643798828125,1352.264404296875,38588,77175
ok,,bright-s02-l3-single-sample-000-seed-7015,bright-s02-l3-single-sample-000-seed-7015_transformer_blocks-3_second_half_s1p0,bright-s02-l3,single,transformer.transformer_blocks.3,dual,3,1.0,second_half,322,645,645,0.5,1.0,q3,0.5,0.75,1.0,True,1446.6834716796875,-20.621241662821923,3.5,10,4.0,7015,a neutral and balanced sustained string chord,/outputs/time-localized-brightness-steer-v1-pilot/bright-s02-l3/single/bright-s02-l3-single-sample-000-seed-7015-transformer-blocks-3-second-half-s1p0.wav,2.749,1368.21435546875,1366.4095458984375,77175,115762
ok,,bright-s02-l3-single-sample-000-seed-7015,bright-s02-l3-single-sample-000-seed-7015_transformer_blocks-3_second_half_s1p0,bright-s02-l3,single,transformer.transformer_blocks.3,dual,3,1.0,second_half,322,645,645,0.5,1.0,q4,0.75,1.0,1.0,True,1446.6834716796875,-20.621241662821923,3.5,10,4.0,7015,a neutral and balanced sustained string chord,/outputs/time-localized-brightness-steer-v1-pilot/bright-s02-l3/single/bright-s02-l3-single-sample-000-seed-7015-transformer-blocks-3-second-half-s1p0.wav,2.75,1479.854736328125,1478.4844970703125,115762,154350
ok,,bright-s02-l3-single-sample-000-seed-7015,bright-s02-l3-single-sample-000-seed-7015_transformer_blocks-3_second_half_s2p0,bright-s02-l3,single,transformer.transformer_blocks.3,dual,3,2.0,second_half,322,645,645,0.5,1.0,q1,0.0,0.25,0.0,False,1456.33251953125,-20.53176049840514,3.5,10,4.0,7015,a neutral and balanced sustained string chord,/outputs/time-localized-brightness-steer-v1-pilot/bright-s02-l3/single/bright-s02-l3-single-sample-000-seed-7015-transformer-blocks-3-second-half-s2p0.wav,2.916,1530.73681640625,1399.3072509765625,0,38588
ok,,bright-s02-l3-single-sample-000-seed-7015,bright-s02-l3-single-sample-000-seed-7015_transformer_blocks-3_second_half_s2p0,bright-s02-l3,single,transformer.transformer_blocks.3,dual,3,2.0,second_half,322,645,645,0.5,1.0,q2,0.25,0.5,0.0,False,1456.33251953125,-20.53176049840514,3.5,10,4.0,7015,a neutral and balanced sustained string chord,/outputs/time-localized-brightness-steer-v1-pilot/bright-s02-l3/single/bright-s02-l3-single-sample-000-seed-7015-transformer-blocks-3-second-half-s2p0.wav,2.918,1431.19287109375,1363.8690185546875,38588,77175
ok,,bright-s02-l3-single-sample-000-seed-7015,bright-s02-l3-single-sample-000-seed-7015_transformer_blocks-3_second_half_s2p0,bright-s02-l3,single,transformer.transformer_blocks.3,dual,3,2.0,second_half,322,645,645,0.5,1.0,q3,0.5,0.75,1.0,True,1456.33251953125,-20.53176049840514,3.5,10,4.0,7015,a neutral and balanced sustained string chord,/outputs/time-localized-brightness-steer-v1-pilot/bright-s02-l3/single/bright-s02-l3-single-sample-000-seed-7015-transformer-blocks-3-second-half-s2p0.wav,2.919,1384.3380126953125,1377.29931640625,77175,115762
ok,,bright-s02-l3-single-sample-000-seed-7015,bright-s02-l3-single-sample-000-seed-7015_transformer_blocks-3_second_half_s2p0,bright-s02-l3,single,transformer.transformer_blocks.3,dual,3,2.0,second_half,322,645,645,0.5,1.0,q4,0.75,1.0,1.0,True,1456.33251953125,-20.53176049840514,3.5,10,4.0,7015,a neutral and balanced sustained string chord,/outputs/time-localized-brightness-steer-v1-pilot/bright-s02-l3/single/bright-s02-l3-single-sample-000-seed-7015-transformer-blocks-3-second-half-s2p0.wav,2.92,1480.7481689453125,1484.2611083984375,115762,154350
ok,,bright-s02-l3-single-sample-000-seed-7015,bright-s02-l3-single-sample-000-seed-7015_transformer_blocks-3_second_half_s4p0,bright-s02-l3,single,transformer.transformer_blocks.3,dual,3,4.0,second_half,322,645,645,0.5,1.0,q1,0.0,0.25,0.0,False,1493.9998779296875,-20.32400548213271,3.5,10,4.0,7015,a neutral and balanced sustained string chord,/outputs/time-localized-brightness-steer-v1-pilot/bright-s02-l3/single/bright-s02-l3-single-sample-000-seed-7015-transformer-blocks-3-second-half-s4p0.wav,2.878,1537.2294921875,1410.168212890625,0,38588
ok,,bright-s02-l3-single-sample-000-seed-7015,bright-s02-l3-single-sample-000-seed-7015_transformer_blocks-3_second_half_s4p0,bright-s02-l3,single,transformer.transformer_blocks.3,dual,3,4.0,second_half,322,645,645,0.5,1.0,q2,0.25,0.5,0.0,False,1493.9998779296875,-20.32400548213271,3.5,10,4.0,7015,a neutral and balanced sustained string chord,/outputs/time-localized-brightness-steer-v1-pilot/bright-s02-l3/single/bright-s02-l3-single-sample-000-seed-7015-transformer-blocks-3-second-half-s4p0.wav,2.879,1468.3701171875,1401.2200927734375,38588,77175
ok,,bright-s02-l3-single-sample-000-seed-7015,bright-s02-l3-single-sample-000-seed-7015_transformer_blocks-3_second_half_s4p0,bright-s02-l3,single,transformer.transformer_blocks.3,dual,3,4.0,second_half,322,645,645,0.5,1.0,q3,0.5,0.75,1.0,True,1493.9998779296875,-20.32400548213271,3.5,10,4.0,7015,a neutral and balanced sustained string chord,/outputs/time-localized-brightness-steer-v1-pilot/bright-s02-l3/single/bright-s02-l3-single-sample-000-seed-7015-transformer-blocks-3-second-half-s4p0.wav,2.88,1441.02294921875,1432.0347900390625,77175,115762
ok,,bright-s02-l3-single-sample-000-seed-7015,bright-s02-l3-single-sample-000-seed-7015_transformer_blocks-3_second_half_s4p0,bright-s02-l3,single,transformer.transformer_blocks.3,dual,3,4.0,second_half,322,645,645,0.5,1.0,q4,0.75,1.0,1.0,True,1493.9998779296875,-20.32400548213271,3.5,10,4.0,7015,a neutral and balanced sustained string chord,/outputs/time-localized-brightness-steer-v1-pilot/bright-s02-l3/single/bright-s02-l3-single-sample-000-seed-7015-transformer-blocks-3-second-half-s4p0.wav,2.881,1529.2489013671875,1541.7225341796875,115762,154350
