status,error,pair_id,site,stack,block,direction,window_start,window_end,alpha,patched_onset_strength_max,target_baseline_onset_strength_max,source_baseline_onset_strength_max,patched_spectral_centroid_mean_hz,target_baseline_spectral_centroid_mean_hz,source_baseline_spectral_centroid_mean_hz,patched_decay_time_to_minus_20db_ms,target_baseline_decay_time_to_minus_20db_ms,source_baseline_decay_time_to_minus_20db_ms,patched_high_to_low_db,target_baseline_high_to_low_db,source_baseline_high_to_low_db,patched_tail_energy_fraction_500ms,target_baseline_tail_energy_fraction_500ms,source_baseline_tail_energy_fraction_500ms
ok,,01,transformer.transformer_blocks.3,dual,3,sustained_to_percussive,0,12,1.0,16.785282135009766,3.917818307876587,21.122295379638672,1593.3143310546875,1128.289794921875,2099.648681640625,92.87981859410431,505.0340136054422,87.07482993197279,-15.99566395849661,-30.85247434664129,-11.125283313310186,0.4120457414672483,0.4642366864855378,0.3084411031278086
ok,,01,transformer.transformer_blocks.3,dual,3,sustained_to_percussive,0,25,1.0,19.543848037719727,3.917818307876587,21.122295379638672,1932.272705078125,1128.289794921875,2099.648681640625,92.87981859410431,505.0340136054422,87.07482993197279,-14.225701928715292,-30.85247434664129,-11.125283313310186,0.36430834547206126,0.4642366864855378,0.3084411031278086
ok,,01,transformer.transformer_blocks.3,dual,3,sustained_to_percussive,0,38,1.0,18.761266708374023,3.917818307876587,21.122295379638672,1946.1395263671875,1128.289794921875,2099.648681640625,92.87981859410431,505.0340136054422,87.07482993197279,-13.3056911158216,-30.85247434664129,-11.125283313310186,0.36362709957719325,0.4642366864855378,0.3084411031278086
ok,,01,transformer.transformer_blocks.3,dual,3,sustained_to_percussive,0,50,1.0,19.928905487060547,3.917818307876587,21.122295379638672,1941.0411376953125,1128.289794921875,2099.648681640625,87.07482993197279,505.0340136054422,87.07482993197279,-12.858670045138691,-30.85247434664129,-11.125283313310186,0.3550392633093153,0.4642366864855378,0.3084411031278086
ok,,01,transformer.transformer_blocks.3,dual,3,sustained_to_percussive,12,50,1.0,11.388042449951172,3.917818307876587,21.122295379638672,1700.3038330078125,1128.289794921875,2099.648681640625,104.48979591836735,505.0340136054422,87.07482993197279,-16.56772860724616,-30.85247434664129,-11.125283313310186,0.2639303412773339,0.4642366864855378,0.3084411031278086
ok,,01,transformer.transformer_blocks.3,dual,3,sustained_to_percussive,25,50,1.0,4.590958118438721,3.917818307876587,21.122295379638672,1424.2723388671875,1128.289794921875,2099.648681640625,162.53968253968253,505.0340136054422,87.07482993197279,-21.08702434573793,-30.85247434664129,-11.125283313310186,0.3176960295215912,0.4642366864855378,0.3084411031278086
ok,,01,transformer.transformer_blocks.3,dual,3,sustained_to_percussive,38,50,1.0,3.3964152336120605,3.917818307876587,21.122295379638672,1237.5716552734375,1128.289794921875,2099.648681640625,708.2086167800453,505.0340136054422,87.07482993197279,-24.806379117175723,-30.85247434664129,-11.125283313310186,0.7573033012545733,0.4642366864855378,0.3084411031278086
ok,,01,transformer.transformer_blocks.3,dual,3,percussive_to_sustained,0,12,1.0,8.205096244812012,21.122295379638672,3.917818307876587,1415.69580078125,2099.648681640625,1128.289794921875,156.73469387755102,87.07482993197279,505.0340136054422,-20.64156061674522,-11.125283313310186,-30.85247434664129,0.1765108122269744,0.3084411031278086,0.4642366864855378
ok,,01,transformer.transformer_blocks.3,dual,3,percussive_to_sustained,0,25,1.0,4.672734260559082,21.122295379638672,3.917818307876587,1171.372314453125,2099.648681640625,1128.289794921875,342.49433106575964,87.07482993197279,505.0340136054422,-26.18016442269374,-11.125283313310186,-30.85247434664129,0.31363209356009897,0.3084411031278086,0.4642366864855378
ok,,01,transformer.transformer_blocks.3,dual,3,percussive_to_sustained,0,38,1.0,5.195722579956055,21.122295379638672,3.917818307876587,1159.8116455078125,2099.648681640625,1128.289794921875,400.5442176870748,87.07482993197279,505.0340136054422,-27.84553389094887,-11.125283313310186,-30.85247434664129,0.4250783173044364,0.3084411031278086,0.4642366864855378
ok,,01,transformer.transformer_blocks.3,dual,3,percussive_to_sustained,0,50,1.0,5.437264919281006,21.122295379638672,3.917818307876587,1163.7183837890625,2099.648681640625,1128.289794921875,464.39909297052156,87.07482993197279,505.0340136054422,-28.556522021337706,-11.125283313310186,-30.85247434664129,0.46653933245695134,0.3084411031278086,0.4642366864855378
ok,,01,transformer.transformer_blocks.3,dual,3,percussive_to_sustained,12,50,1.0,5.729246616363525,21.122295379638672,3.917818307876587,1238.3974609375,2099.648681640625,1128.289794921875,168.34467120181407,87.07482993197279,505.0340136054422,-25.9051324672198,-11.125283313310186,-30.85247434664129,0.47037849825434935,0.3084411031278086,0.4642366864855378
ok,,01,transformer.transformer_blocks.3,dual,3,percussive_to_sustained,25,50,1.0,5.647847652435303,21.122295379638672,3.917818307876587,1394.7288818359375,2099.648681640625,1128.289794921875,139.31972789115645,87.07482993197279,505.0340136054422,-20.74499325971602,-11.125283313310186,-30.85247434664129,0.31362658353028955,0.3084411031278086,0.4642366864855378
ok,,01,transformer.transformer_blocks.3,dual,3,percussive_to_sustained,38,50,1.0,10.258003234863281,21.122295379638672,3.917818307876587,1661.8284912109375,2099.648681640625,1128.289794921875,127.70975056689343,87.07482993197279,505.0340136054422,-15.04290132671924,-11.125283313310186,-30.85247434664129,0.04653111474883809,0.3084411031278086,0.4642366864855378
ok,,01,transformer.single_transformer_blocks.8,single,8,sustained_to_percussive,0,12,1.0,19.137279510498047,3.917818307876587,21.122295379638672,1827.8399658203125,1128.289794921875,2099.648681640625,87.07482993197279,505.0340136054422,87.07482993197279,-13.563825919556216,-30.85247434664129,-11.125283313310186,0.39572792740412605,0.4642366864855378,0.3084411031278086
ok,,01,transformer.single_transformer_blocks.8,single,8,sustained_to_percussive,0,25,1.0,20.03182601928711,3.917818307876587,21.122295379638672,2009.9344482421875,1128.289794921875,2099.648681640625,87.07482993197279,505.0340136054422,87.07482993197279,-12.98244671870238,-30.85247434664129,-11.125283313310186,0.41263678520588687,0.4642366864855378,0.3084411031278086
ok,,01,transformer.single_transformer_blocks.8,single,8,sustained_to_percussive,0,38,1.0,20.06133460998535,3.917818307876587,21.122295379638672,2029.4407958984375,1128.289794921875,2099.648681640625,87.07482993197279,505.0340136054422,87.07482993197279,-12.370343556878868,-30.85247434664129,-11.125283313310186,0.374246509744635,0.4642366864855378,0.3084411031278086
ok,,01,transformer.single_transformer_blocks.8,single,8,sustained_to_percussive,0,50,1.0,21.54075050354004,3.917818307876587,21.122295379638672,2048.125732421875,1128.289794921875,2099.648681640625,87.07482993197279,505.0340136054422,87.07482993197279,-12.01894430404036,-30.85247434664129,-11.125283313310186,0.3626828748304,0.4642366864855378,0.3084411031278086
ok,,01,transformer.single_transformer_blocks.8,single,8,sustained_to_percussive,12,50,1.0,12.132415771484375,3.917818307876587,21.122295379638672,1766.7928466796875,1128.289794921875,2099.648681640625,104.48979591836735,505.0340136054422,87.07482993197279,-15.229533020919723,-30.85247434664129,-11.125283313310186,0.2926730903499161,0.4642366864855378,0.3084411031278086
ok,,01,transformer.single_transformer_blocks.8,single,8,sustained_to_percussive,25,50,1.0,5.3385419845581055,3.917818307876587,21.122295379638672,1433.7340087890625,1128.289794921875,2099.648681640625,156.73469387755102,505.0340136054422,87.07482993197279,-19.985229454437064,-30.85247434664129,-11.125283313310186,0.31172097776505586,0.4642366864855378,0.3084411031278086
ok,,01,transformer.single_transformer_blocks.8,single,8,sustained_to_percussive,38,50,1.0,3.3543574810028076,3.917818307876587,21.122295379638672,1238.12744140625,1128.289794921875,2099.648681640625,342.49433106575964,505.0340136054422,87.07482993197279,-24.882061748056778,-30.85247434664129,-11.125283313310186,0.30631794200851564,0.4642366864855378,0.3084411031278086
ok,,01,transformer.single_transformer_blocks.8,single,8,percussive_to_sustained,0,12,1.0,7.232022285461426,21.122295379638672,3.917818307876587,1110.761474609375,2099.648681640625,1128.289794921875,557.2789115646258,87.07482993197279,505.0340136054422,-30.794722748592974,-11.125283313310186,-30.85247434664129,0.04866831641435892,0.3084411031278086,0.4642366864855378
ok,,01,transformer.single_transformer_blocks.8,single,8,percussive_to_sustained,0,25,1.0,4.624051570892334,21.122295379638672,3.917818307876587,1034.246337890625,2099.648681640625,1128.289794921875,423.7641723356009,87.07482993197279,505.0340136054422,-31.961545252285887,-11.125283313310186,-30.85247434664129,0.3684177694218722,0.3084411031278086,0.4642366864855378
ok,,01,transformer.single_transformer_blocks.8,single,8,percussive_to_sustained,0,38,1.0,4.709709167480469,21.122295379638672,3.917818307876587,1057.6759033203125,2099.648681640625,1128.289794921875,493.42403628117916,87.07482993197279,505.0340136054422,-29.780496285791635,-11.125283313310186,-30.85247434664129,0.43723642541452196,0.3084411031278086,0.4642366864855378
ok,,01,transformer.single_transformer_blocks.8,single,8,percussive_to_sustained,0,50,1.0,4.41402530670166,21.122295379638672,3.917818307876587,1072.6090087890625,2099.648681640625,1128.289794921875,493.42403628117916,87.07482993197279,505.0340136054422,-29.64071012884112,-11.125283313310186,-30.85247434664129,0.44419514969923724,0.3084411031278086,0.4642366864855378
ok,,01,transformer.single_transformer_blocks.8,single,8,percussive_to_sustained,12,50,1.0,5.627236366271973,21.122295379638672,3.917818307876587,1221.6240234375,2099.648681640625,1128.289794921875,168.34467120181407,87.07482993197279,505.0340136054422,-25.082113566227143,-11.125283313310186,-30.85247434664129,0.43784339836307207,0.3084411031278086,0.4642366864855378
ok,,01,transformer.single_transformer_blocks.8,single,8,percussive_to_sustained,25,50,1.0,6.249289035797119,21.122295379638672,3.917818307876587,1375.2193603515625,2099.648681640625,1128.289794921875,133.51473922902494,87.07482993197279,505.0340136054422,-20.366786637718846,-11.125283313310186,-30.85247434664129,0.5131748926239517,0.3084411031278086,0.4642366864855378
ok,,01,transformer.single_transformer_blocks.8,single,8,percussive_to_sustained,38,50,1.0,10.256304740905762,21.122295379638672,3.917818307876587,1647.2396240234375,2099.648681640625,1128.289794921875,127.70975056689343,87.07482993197279,505.0340136054422,-14.840429745436289,-11.125283313310186,-30.85247434664129,0.0433875023752851,0.3084411031278086,0.4642366864855378
ok,,02,transformer.transformer_blocks.3,dual,3,sustained_to_percussive,0,12,1.0,2.3583428859710693,1.0807329416275024,7.752856254577637,2847.39306640625,1200.6055908203125,3824.651611328125,330.8843537414966,3465.578231292517,249.61451247165533,-23.90770259526046,-39.29767578366653,-8.921022415879246,0.1551345139313886,0.8077477903348771,0.5805149457893479
ok,,02,transformer.transformer_blocks.3,dual,3,sustained_to_percussive,0,25,1.0,4.397239685058594,1.0807329416275024,7.752856254577637,3248.530517578125,1200.6055908203125,3824.651611328125,98.68480725623583,3465.578231292517,249.61451247165533,-26.9327494572915,-39.29767578366653,-8.921022415879246,0.8999452226936671,0.8077477903348771,0.5805149457893479
ok,,02,transformer.transformer_blocks.3,dual,3,sustained_to_percussive,0,38,1.0,5.183520317077637,1.0807329416275024,7.752856254577637,3363.81982421875,1200.6055908203125,3824.651611328125,104.48979591836735,3465.578231292517,249.61451247165533,-13.311923103136326,-39.29767578366653,-8.921022415879246,0.7521198832907668,0.8077477903348771,0.5805149457893479
ok,,02,transformer.transformer_blocks.3,dual,3,sustained_to_percussive,0,50,1.0,5.12518310546875,1.0807329416275024,7.752856254577637,3342.09033203125,1200.6055908203125,3824.651611328125,191.56462585034015,3465.578231292517,249.61451247165533,-12.292213170588182,-39.29767578366653,-8.921022415879246,0.6318270615458759,0.8077477903348771,0.5805149457893479
ok,,02,transformer.transformer_blocks.3,dual,3,sustained_to_percussive,12,50,1.0,5.534751892089844,1.0807329416275024,7.752856254577637,2221.843505859375,1200.6055908203125,3824.651611328125,197.36961451247166,3465.578231292517,249.61451247165533,-11.252638246959147,-39.29767578366653,-8.921022415879246,0.6643171619564217,0.8077477903348771,0.5805149457893479
ok,,02,transformer.transformer_blocks.3,dual,3,sustained_to_percussive,25,50,1.0,4.021000862121582,1.0807329416275024,7.752856254577637,1025.0146484375,1200.6055908203125,3824.651611328125,406.3492063492063,3465.578231292517,249.61451247165533,-13.65373102877487,-39.29767578366653,-8.921022415879246,0.4221027190754064,0.8077477903348771,0.5805149457893479
ok,,02,transformer.transformer_blocks.3,dual,3,sustained_to_percussive,38,50,1.0,2.2574288845062256,1.0807329416275024,7.752856254577637,1067.8734130859375,1200.6055908203125,3824.651611328125,934.6031746031747,3465.578231292517,249.61451247165533,-26.130889443089096,-39.29767578366653,-8.921022415879246,0.6279092625858657,0.8077477903348771,0.5805149457893479
ok,,02,transformer.transformer_blocks.3,dual,3,percussive_to_sustained,0,12,1.0,1.2504119873046875,7.752856254577637,1.0807329416275024,961.5140991210938,3824.651611328125,1200.6055908203125,3459.7732426303855,249.61451247165533,3465.578231292517,-27.765484221966915,-8.921022415879246,-39.29767578366653,0.8332868986848684,0.5805149457893479,0.8077477903348771
ok,,02,transformer.transformer_blocks.3,dual,3,percussive_to_sustained,0,25,1.0,0.8333278298377991,7.752856254577637,1.0807329416275024,1165.1680908203125,3824.651611328125,1200.6055908203125,957.8231292517006,249.61451247165533,3465.578231292517,-34.68588737346544,-8.921022415879246,-39.29767578366653,0.8491607010238991,0.5805149457893479,0.8077477903348771
ok,,02,transformer.transformer_blocks.3,dual,3,percussive_to_sustained,0,38,1.0,1.0752880573272705,7.752856254577637,1.0807329416275024,1171.52587890625,3824.651611328125,1200.6055908203125,3465.578231292517,249.61451247165533,3465.578231292517,-34.93596753442822,-8.921022415879246,-39.29767578366653,0.8330107123225227,0.5805149457893479,0.8077477903348771
ok,,02,transformer.transformer_blocks.3,dual,3,percussive_to_sustained,0,50,1.0,1.2372161149978638,7.752856254577637,1.0807329416275024,1189.306884765625,3824.651611328125,1200.6055908203125,3465.578231292517,249.61451247165533,3465.578231292517,-35.11082263167602,-8.921022415879246,-39.29767578366653,0.8349540339592618,0.5805149457893479,0.8077477903348771
ok,,02,transformer.transformer_blocks.3,dual,3,percussive_to_sustained,12,50,1.0,1.6502000093460083,7.752856254577637,1.0807329416275024,1056.41748046875,3824.651611328125,1200.6055908203125,87.07482993197279,249.61451247165533,3465.578231292517,-27.948174198214566,-8.921022415879246,-39.29767578366653,0.0,0.5805149457893479,0.8077477903348771
ok,,02,transformer.transformer_blocks.3,dual,3,percussive_to_sustained,25,50,1.0,4.17216157913208,7.752856254577637,1.0807329416275024,988.1941528320312,3824.651611328125,1200.6055908203125,330.8843537414966,249.61451247165533,3465.578231292517,-16.942701309379174,-8.921022415879246,-39.29767578366653,0.4692709280001895,0.5805149457893479,0.8077477903348771
ok,,02,transformer.transformer_blocks.3,dual,3,percussive_to_sustained,38,50,1.0,5.1158976554870605,7.752856254577637,1.0807329416275024,1409.3720703125,3824.651611328125,1200.6055908203125,296.05442176870747,249.61451247165533,3465.578231292517,-11.823943747026988,-8.921022415879246,-39.29767578366653,0.49147958600068387,0.5805149457893479,0.8077477903348771
ok,,02,transformer.single_transformer_blocks.8,single,8,sustained_to_percussive,0,12,1.0,3.4713189601898193,1.0807329416275024,7.752856254577637,3339.95458984375,1200.6055908203125,3824.651611328125,98.68480725623583,3465.578231292517,249.61451247165533,-31.046467780226585,-39.29767578366653,-8.921022415879246,0.6771524789534217,0.8077477903348771,0.5805149457893479
ok,,02,transformer.single_transformer_blocks.8,single,8,sustained_to_percussive,0,25,1.0,6.705885887145996,1.0807329416275024,7.752856254577637,3547.178466796875,1200.6055908203125,3824.651611328125,203.17460317460316,3465.578231292517,249.61451247165533,-14.711567549584183,-39.29767578366653,-8.921022415879246,0.6403308737432969,0.8077477903348771,0.5805149457893479
ok,,02,transformer.single_transformer_blocks.8,single,8,sustained_to_percussive,0,38,1.0,7.9278669357299805,1.0807329416275024,7.752856254577637,3586.8994140625,1200.6055908203125,3824.651611328125,238.0045351473923,3465.578231292517,249.61451247165533,-11.304695577940183,-39.29767578366653,-8.921022415879246,0.5757490858074799,0.8077477903348771,0.5805149457893479
ok,,02,transformer.single_transformer_blocks.8,single,8,sustained_to_percussive,0,50,1.0,7.403391361236572,1.0807329416275024,7.752856254577637,3555.136962890625,1200.6055908203125,3824.651611328125,249.61451247165533,3465.578231292517,249.61451247165533,-10.766133171643457,-39.29767578366653,-8.921022415879246,0.5710478228301571,0.8077477903348771,0.5805149457893479
ok,,02,transformer.single_transformer_blocks.8,single,8,sustained_to_percussive,12,50,1.0,5.466139316558838,1.0807329416275024,7.752856254577637,2002.5574951171875,1200.6055908203125,3824.651611328125,290.24943310657596,3465.578231292517,249.61451247165533,-12.404239345068097,-39.29767578366653,-8.921022415879246,0.6375887894621786,0.8077477903348771,0.5805149457893479
ok,,02,transformer.single_transformer_blocks.8,single,8,sustained_to_percussive,25,50,1.0,4.769646167755127,1.0807329416275024,7.752856254577637,993.0911865234375,1200.6055908203125,3824.651611328125,406.3492063492063,3465.578231292517,249.61451247165533,-15.247789261938383,-39.29767578366653,-8.921022415879246,0.49908410088339533,0.8077477903348771,0.5805149457893479
ok,,02,transformer.single_transformer_blocks.8,single,8,sustained_to_percussive,38,50,1.0,2.4173977375030518,1.0807329416275024,7.752856254577637,1049.9473876953125,1200.6055908203125,3824.651611328125,946.2131519274376,3465.578231292517,249.61451247165533,-27.482032581480485,-39.29767578366653,-8.921022415879246,0.6041870707091715,0.8077477903348771,0.5805149457893479
ok,,02,transformer.single_transformer_blocks.8,single,8,percussive_to_sustained,0,12,1.0,1.5450496673583984,7.752856254577637,1.0807329416275024,1232.28271484375,3824.651611328125,1200.6055908203125,284.44444444444446,249.61451247165533,3465.578231292517,-34.149363820454745,-8.921022415879246,-39.29767578366653,0.850506316618728,0.5805149457893479,0.8077477903348771
ok,,02,transformer.single_transformer_blocks.8,single,8,percussive_to_sustained,0,25,1.0,1.0938048362731934,7.752856254577637,1.0807329416275024,1167.0618896484375,3824.651611328125,1200.6055908203125,3465.578231292517,249.61451247165533,3465.578231292517,-35.531415899991764,-8.921022415879246,-39.29767578366653,0.7953819469349269,0.5805149457893479,0.8077477903348771
ok,,02,transformer.single_transformer_blocks.8,single,8,percussive_to_sustained,0,38,1.0,1.199467658996582,7.752856254577637,1.0807329416275024,1169.4190673828125,3824.651611328125,1200.6055908203125,3465.578231292517,249.61451247165533,3465.578231292517,-36.05054739891003,-8.921022415879246,-39.29767578366653,0.8142450205766883,0.5805149457893479,0.8077477903348771
ok,,02,transformer.single_transformer_blocks.8,single,8,percussive_to_sustained,0,50,1.0,1.2987487316131592,7.752856254577637,1.0807329416275024,1161.1219482421875,3824.651611328125,1200.6055908203125,3465.578231292517,249.61451247165533,3465.578231292517,-36.865713365197934,-8.921022415879246,-39.29767578366653,0.8210942962050045,0.5805149457893479,0.8077477903348771
ok,,02,transformer.single_transformer_blocks.8,single,8,percussive_to_sustained,12,50,1.0,1.971604347229004,7.752856254577637,1.0807329416275024,1036.1531982421875,3824.651611328125,1200.6055908203125,952.0181405895692,249.61451247165533,3465.578231292517,-28.088695438526052,-8.921022415879246,-39.29767578366653,0.6105784781092215,0.5805149457893479,0.8077477903348771
ok,,02,transformer.single_transformer_blocks.8,single,8,percussive_to_sustained,25,50,1.0,4.211139678955078,7.752856254577637,1.0807329416275024,990.98779296875,3824.651611328125,1200.6055908203125,893.968253968254,249.61451247165533,3465.578231292517,-16.490458315473273,-8.921022415879246,-39.29767578366653,0.440293273715428,0.5805149457893479,0.8077477903348771
ok,,02,transformer.single_transformer_blocks.8,single,8,percussive_to_sustained,38,50,1.0,5.246213912963867,7.752856254577637,1.0807329416275024,1372.43896484375,3824.651611328125,1200.6055908203125,296.05442176870747,249.61451247165533,3465.578231292517,-11.512894988735018,-8.921022415879246,-39.29767578366653,0.4769183125738284,0.5805149457893479,0.8077477903348771
ok,,03,transformer.transformer_blocks.3,dual,3,sustained_to_percussive,0,12,1.0,6.174319744110107,0.8137924671173096,14.190225601196289,1950.596435546875,1552.4002685546875,2484.386962890625,986.8480725623583,1097.142857142857,139.31972789115645,-16.33566466063832,-22.926383946381165,-12.071637205582071,0.34113723814554503,0.6898415378218197,0.0
ok,,03,transformer.transformer_blocks.3,dual,3,sustained_to_percussive,0,25,1.0,9.298250198364258,0.8137924671173096,14.190225601196289,2213.79296875,1552.4002685546875,2484.386962890625,226.39455782312925,1097.142857142857,139.31972789115645,-14.399876191884625,-22.926383946381165,-12.071637205582071,0.0,0.6898415378218197,0.0
ok,,03,transformer.transformer_blocks.3,dual,3,sustained_to_percussive,0,38,1.0,11.301220893859863,0.8137924671173096,14.190225601196289,2254.623291015625,1552.4002685546875,2484.386962890625,168.34467120181407,1097.142857142857,139.31972789115645,-13.765921273662991,-22.926383946381165,-12.071637205582071,0.0,0.6898415378218197,0.0
ok,,03,transformer.transformer_blocks.3,dual,3,sustained_to_percussive,0,50,1.0,12.620062828063965,0.8137924671173096,14.190225601196289,2351.14599609375,1552.4002685546875,2484.386962890625,168.34467120181407,1097.142857142857,139.31972789115645,-13.11645134296122,-22.926383946381165,-12.071637205582071,0.0,0.6898415378218197,0.0
ok,,03,transformer.transformer_blocks.3,dual,3,sustained_to_percussive,12,50,1.0,10.815776824951172,0.8137924671173096,14.190225601196289,2234.7724609375,1552.4002685546875,2484.386962890625,174.14965986394557,1097.142857142857,139.31972789115645,-14.338909713557557,-22.926383946381165,-12.071637205582071,0.4854672354434869,0.6898415378218197,0.0
ok,,03,transformer.transformer_blocks.3,dual,3,sustained_to_percussive,25,50,1.0,5.355871200561523,0.8137924671173096,14.190225601196289,2012.9580078125,1552.4002685546875,2484.386962890625,789.4784580498866,1097.142857142857,139.31972789115645,-16.60793344139649,-22.926383946381165,-12.071637205582071,0.4786249062090477,0.6898415378218197,0.0
ok,,03,transformer.transformer_blocks.3,dual,3,sustained_to_percussive,38,50,1.0,2.103329658508301,0.8137924671173096,14.190225601196289,1727.8551025390625,1552.4002685546875,2484.386962890625,481.8140589569161,1097.142857142857,139.31972789115645,-20.18821887704217,-22.926383946381165,-12.071637205582071,0.0,0.6898415378218197,0.0
ok,,03,transformer.transformer_blocks.3,dual,3,percussive_to_sustained,0,12,1.0,3.648792028427124,14.190225601196289,0.8137924671173096,2438.02490234375,2484.386962890625,1552.4002685546875,1073.922902494331,139.31972789115645,1097.142857142857,-14.603335107935928,-12.071637205582071,-22.926383946381165,0.5342506651339087,0.0,0.6898415378218197
ok,,03,transformer.transformer_blocks.3,dual,3,percussive_to_sustained,0,25,1.0,1.3420265913009644,14.190225601196289,0.8137924671173096,2133.394287109375,2484.386962890625,1552.4002685546875,2792.1995464852607,139.31972789115645,1097.142857142857,-15.387746269830597,-12.071637205582071,-22.926383946381165,0.8315513687427899,0.0,0.6898415378218197
ok,,03,transformer.transformer_blocks.3,dual,3,percussive_to_sustained,0,38,1.0,1.21049964427948,14.190225601196289,0.8137924671173096,1954.396728515625,2484.386962890625,1552.4002685546875,1102.9478458049887,139.31972789115645,1097.142857142857,-16.936721215346502,-12.071637205582071,-22.926383946381165,0.8139268974437933,0.0,0.6898415378218197
ok,,03,transformer.transformer_blocks.3,dual,3,percussive_to_sustained,0,50,1.0,1.203018307685852,14.190225601196289,0.8137924671173096,1871.9619140625,2484.386962890625,1552.4002685546875,1097.142857142857,139.31972789115645,1097.142857142857,-17.698236000216745,-12.071637205582071,-22.926383946381165,0.8371044366438808,0.0,0.6898415378218197
ok,,03,transformer.transformer_blocks.3,dual,3,percussive_to_sustained,12,50,1.0,1.7265379428863525,14.190225601196289,0.8137924671173096,1854.1842041015625,2484.386962890625,1552.4002685546875,1102.9478458049887,139.31972789115645,1097.142857142857,-17.88403921848327,-12.071637205582071,-22.926383946381165,0.5803163315413928,0.0,0.6898415378218197
ok,,03,transformer.transformer_blocks.3,dual,3,percussive_to_sustained,25,50,1.0,4.397823810577393,14.190225601196289,0.8137924671173096,2027.9764404296875,2484.386962890625,1552.4002685546875,1102.9478458049887,139.31972789115645,1097.142857142857,-15.940446426596623,-12.071637205582071,-22.926383946381165,0.7635670672134688,0.0,0.6898415378218197
ok,,03,transformer.transformer_blocks.3,dual,3,percussive_to_sustained,38,50,1.0,9.804827690124512,14.190225601196289,0.8137924671173096,2203.49853515625,2484.386962890625,1552.4002685546875,168.34467120181407,139.31972789115645,1097.142857142857,-14.459532573009565,-12.071637205582071,-22.926383946381165,0.0,0.0,0.6898415378218197
ok,,03,transformer.single_transformer_blocks.8,single,8,sustained_to_percussive,0,12,1.0,10.7429838180542,0.8137924671173096,14.190225601196289,2265.15625,1552.4002685546875,2484.386962890625,162.53968253968253,1097.142857142857,139.31972789115645,-13.928551572128377,-22.926383946381165,-12.071637205582071,0.8192796667332193,0.6898415378218197,0.0
ok,,03,transformer.single_transformer_blocks.8,single,8,sustained_to_percussive,0,25,1.0,12.153517723083496,0.8137924671173096,14.190225601196289,2440.557861328125,1552.4002685546875,2484.386962890625,139.31972789115645,1097.142857142857,139.31972789115645,-12.394670045724187,-22.926383946381165,-12.071637205582071,0.7494950614209372,0.6898415378218197,0.0
ok,,03,transformer.single_transformer_blocks.8,single,8,sustained_to_percussive,0,38,1.0,13.37267780303955,0.8137924671173096,14.190225601196289,2499.8037109375,1552.4002685546875,2484.386962890625,139.31972789115645,1097.142857142857,139.31972789115645,-12.160784673432698,-22.926383946381165,-12.071637205582071,0.7445321652397054,0.6898415378218197,0.0
ok,,03,transformer.single_transformer_blocks.8,single,8,sustained_to_percussive,0,50,1.0,14.110331535339355,0.8137924671173096,14.190225601196289,2608.559814453125,1552.4002685546875,2484.386962890625,139.31972789115645,1097.142857142857,139.31972789115645,-11.514184236957066,-22.926383946381165,-12.071637205582071,0.7396812001948719,0.6898415378218197,0.0
ok,,03,transformer.single_transformer_blocks.8,single,8,sustained_to_percussive,12,50,1.0,12.108253479003906,0.8137924671173096,14.190225601196289,2334.113525390625,1552.4002685546875,2484.386962890625,156.73469387755102,1097.142857142857,139.31972789115645,-14.195457133083485,-22.926383946381165,-12.071637205582071,0.745517326881728,0.6898415378218197,0.0
ok,,03,transformer.single_transformer_blocks.8,single,8,sustained_to_percussive,25,50,1.0,5.051366329193115,0.8137924671173096,14.190225601196289,1962.5830078125,1552.4002685546875,2484.386962890625,1097.142857142857,1097.142857142857,139.31972789115645,-17.63336007886904,-22.926383946381165,-12.071637205582071,0.739848758146624,0.6898415378218197,0.0
ok,,03,transformer.single_transformer_blocks.8,single,8,sustained_to_percussive,38,50,1.0,2.0959460735321045,0.8137924671173096,14.190225601196289,1724.4483642578125,1552.4002685546875,2484.386962890625,1097.142857142857,1097.142857142857,139.31972789115645,-20.29242047096849,-22.926383946381165,-12.071637205582071,0.7086087414480523,0.6898415378218197,0.0
ok,,03,transformer.single_transformer_blocks.8,single,8,percussive_to_sustained,0,12,1.0,1.914182424545288,14.190225601196289,0.8137924671173096,1766.6953125,2484.386962890625,1552.4002685546875,731.4285714285714,139.31972789115645,1097.142857142857,-18.94526383546241,-12.071637205582071,-22.926383946381165,0.30391752424489094,0.0,0.6898415378218197
ok,,03,transformer.single_transformer_blocks.8,single,8,percussive_to_sustained,0,25,1.0,0.9257369041442871,14.190225601196289,0.8137924671173096,1725.394287109375,2484.386962890625,1552.4002685546875,2780.589569160998,139.31972789115645,1097.142857142857,-19.521651700319698,-12.071637205582071,-22.926383946381165,0.8297233850018408,0.0,0.6898415378218197
ok,,03,transformer.single_transformer_blocks.8,single,8,percussive_to_sustained,0,38,1.0,0.8556012511253357,14.190225601196289,0.8137924671173096,1646.259521484375,2484.386962890625,1552.4002685546875,2780.589569160998,139.31972789115645,1097.142857142857,-20.834760058646857,-12.071637205582071,-22.926383946381165,0.8356626038040955,0.0,0.6898415378218197
ok,,03,transformer.single_transformer_blocks.8,single,8,percussive_to_sustained,0,50,1.0,0.8533144593238831,14.190225601196289,0.8137924671173096,1604.694580078125,2484.386962890625,1552.4002685546875,2780.589569160998,139.31972789115645,1097.142857142857,-21.52633625946563,-12.071637205582071,-22.926383946381165,0.8340449920430402,0.0,0.6898415378218197
ok,,03,transformer.single_transformer_blocks.8,single,8,percussive_to_sustained,12,50,1.0,1.6755175590515137,14.190225601196289,0.8137924671173096,1781.9830322265625,2484.386962890625,1552.4002685546875,1097.142857142857,139.31972789115645,1097.142857142857,-19.187928963517592,-12.071637205582071,-22.926383946381165,0.6057206959284983,0.0,0.6898415378218197
ok,,03,transformer.single_transformer_blocks.8,single,8,percussive_to_sustained,25,50,1.0,4.693129062652588,14.190225601196289,0.8137924671173096,1959.5389404296875,2484.386962890625,1552.4002685546875,1102.9478458049887,139.31972789115645,1097.142857142857,-16.735519860492374,-12.071637205582071,-22.926383946381165,0.7656959187495465,0.0,0.6898415378218197
ok,,03,transformer.single_transformer_blocks.8,single,8,percussive_to_sustained,38,50,1.0,9.656414985656738,14.190225601196289,0.8137924671173096,2173.485595703125,2484.386962890625,1552.4002685546875,168.34467120181407,139.31972789115645,1097.142857142857,-14.799846151643731,-12.071637205582071,-22.926383946381165,0.0,0.0,0.6898415378218197
ok,,04,transformer.transformer_blocks.3,dual,3,sustained_to_percussive,0,12,1.0,14.678956985473633,4.695957183837891,19.070756912231445,3505.0048828125,2801.457763671875,3444.283203125,75.46485260770976,3453.968253968254,69.65986394557822,16.06960396227009,-1.718110998364898,11.477437349411641,0.0002418410291605367,0.5313534678852421,0.00014491065849708666
ok,,04,transformer.transformer_blocks.3,dual,3,sustained_to_percussive,0,25,1.0,17.021846771240234,4.695957183837891,19.070756912231445,3514.923828125,2801.457763671875,3444.283203125,69.65986394557822,3453.968253968254,69.65986394557822,11.657283005997655,-1.718110998364898,11.477437349411641,0.00028351728098684615,0.5313534678852421,0.00014491065849708666
ok,,04,transformer.transformer_blocks.3,dual,3,sustained_to_percussive,0,38,1.0,17.7357234954834,4.695957183837891,19.070756912231445,3510.7470703125,2801.457763671875,3444.283203125,69.65986394557822,3453.968253968254,69.65986394557822,12.388357004552578,-1.718110998364898,11.477437349411641,0.0003277907884596313,0.5313534678852421,0.00014491065849708666
ok,,04,transformer.transformer_blocks.3,dual,3,sustained_to_percussive,0,50,1.0,17.698896408081055,4.695957183837891,19.070756912231445,3468.515625,2801.457763671875,3444.283203125,69.65986394557822,3453.968253968254,69.65986394557822,12.404865356223684,-1.718110998364898,11.477437349411641,0.00036881516252326854,0.5313534678852421,0.00014491065849708666
ok,,04,transformer.transformer_blocks.3,dual,3,sustained_to_percussive,12,50,1.0,13.426011085510254,4.695957183837891,19.070756912231445,2999.86669921875,2801.457763671875,3444.283203125,81.26984126984127,3453.968253968254,69.65986394557822,7.889279157994754,-1.718110998364898,11.477437349411641,0.001354649805822346,0.5313534678852421,0.00014491065849708666
ok,,04,transformer.transformer_blocks.3,dual,3,sustained_to_percussive,25,50,1.0,9.066693305969238,4.695957183837891,19.070756912231445,2834.887451171875,2801.457763671875,3444.283203125,203.17460317460316,3453.968253968254,69.65986394557822,1.2461666601993087,-1.718110998364898,11.477437349411641,0.006314422640511166,0.5313534678852421,0.00014491065849708666
ok,,04,transformer.transformer_blocks.3,dual,3,sustained_to_percussive,38,50,1.0,6.046232223510742,4.695957183837891,19.070756912231445,2761.08349609375,2801.457763671875,3444.283203125,522.4489795918367,3453.968253968254,69.65986394557822,-1.49644786951536,-1.718110998364898,11.477437349411641,0.7459778681238247,0.5313534678852421,0.00014491065849708666
ok,,04,transformer.transformer_blocks.3,dual,3,percussive_to_sustained,0,12,1.0,8.920156478881836,19.070756912231445,4.695957183837891,3251.77490234375,3444.283203125,2801.457763671875,522.4489795918367,69.65986394557822,3453.968253968254,9.454097335466777,11.477437349411641,-1.718110998364898,0.9980141693841756,0.00014491065849708666,0.5313534678852421
ok,,04,transformer.transformer_blocks.3,dual,3,percussive_to_sustained,0,25,1.0,4.614140033721924,19.070756912231445,4.695957183837891,2919.326171875,3444.283203125,2801.457763671875,510.83900226757373,69.65986394557822,3453.968253968254,3.517574972489003,11.477437349411641,-1.718110998364898,0.015307094999640234,0.00014491065849708666,0.5313534678852421
ok,,04,transformer.transformer_blocks.3,dual,3,percussive_to_sustained,0,38,1.0,4.004423141479492,19.070756912231445,4.695957183837891,2859.08349609375,3444.283203125,2801.457763671875,3453.968253968254,69.65986394557822,3453.968253968254,1.6304809810863428,11.477437349411641,-1.718110998364898,0.42314963374398906,0.00014491065849708666,0.5313534678852421
ok,,04,transformer.transformer_blocks.3,dual,3,percussive_to_sustained,0,50,1.0,4.124811172485352,19.070756912231445,4.695957183837891,2788.011962890625,3444.283203125,2801.457763671875,510.83900226757373,69.65986394557822,3453.968253968254,0.654689137873033,11.477437349411641,-1.718110998364898,0.6179326978809989,0.00014491065849708666,0.5313534678852421
ok,,04,transformer.transformer_blocks.3,dual,3,percussive_to_sustained,12,50,1.0,5.449459552764893,19.070756912231445,4.695957183837891,2690.96533203125,3444.283203125,2801.457763671875,516.6439909297053,69.65986394557822,3453.968253968254,1.7108957874449635,11.477437349411641,-1.718110998364898,0.7028825805426093,0.00014491065849708666,0.5313534678852421
ok,,04,transformer.transformer_blocks.3,dual,3,percussive_to_sustained,25,50,1.0,7.0481486320495605,19.070756912231445,4.695957183837891,2889.615478515625,3444.283203125,2801.457763671875,452.7891156462585,69.65986394557822,3453.968253968254,1.6696927746950667,11.477437349411641,-1.718110998364898,0.00730662981790361,0.00014491065849708666,0.5313534678852421
ok,,04,transformer.transformer_blocks.3,dual,3,percussive_to_sustained,38,50,1.0,12.425670623779297,19.070756912231445,4.695957183837891,3117.561767578125,3444.283203125,2801.457763671875,104.48979591836735,69.65986394557822,3453.968253968254,6.356178072361201,11.477437349411641,-1.718110998364898,0.0007573533595714868,0.00014491065849708666,0.5313534678852421
ok,,04,transformer.single_transformer_blocks.8,single,8,sustained_to_percussive,0,12,1.0,17.69014549255371,4.695957183837891,19.070756912231445,3538.6142578125,2801.457763671875,3444.283203125,98.68480725623583,3453.968253968254,69.65986394557822,14.427697019945354,-1.718110998364898,11.477437349411641,0.00011246960933594112,0.5313534678852421,0.00014491065849708666
ok,,04,transformer.single_transformer_blocks.8,single,8,sustained_to_percussive,0,25,1.0,17.4097900390625,4.695957183837891,19.070756912231445,3465.094970703125,2801.457763671875,3444.283203125,69.65986394557822,3453.968253968254,69.65986394557822,11.05654070795162,-1.718110998364898,11.477437349411641,0.00026174331030183375,0.5313534678852421,0.00014491065849708666
ok,,04,transformer.single_transformer_blocks.8,single,8,sustained_to_percussive,0,38,1.0,17.443511962890625,4.695957183837891,19.070756912231445,3433.58837890625,2801.457763671875,3444.283203125,69.65986394557822,3453.968253968254,69.65986394557822,11.626623642408134,-1.718110998364898,11.477437349411641,0.0003128328536604233,0.5313534678852421,0.00014491065849708666
ok,,04,transformer.single_transformer_blocks.8,single,8,sustained_to_percussive,0,50,1.0,16.979665756225586,4.695957183837891,19.070756912231445,3391.28564453125,2801.457763671875,3444.283203125,69.65986394557822,3453.968253968254,69.65986394557822,11.515486457678087,-1.718110998364898,11.477437349411641,0.000360400592424633,0.5313534678852421,0.00014491065849708666
ok,,04,transformer.single_transformer_blocks.8,single,8,sustained_to_percussive,12,50,1.0,11.540477752685547,4.695957183837891,19.070756912231445,3004.121826171875,2801.457763671875,3444.283203125,98.68480725623583,3453.968253968254,69.65986394557822,7.0722818765667785,-1.718110998364898,11.477437349411641,0.001473877649158346,0.5313534678852421,0.00014491065849708666
ok,,04,transformer.single_transformer_blocks.8,single,8,sustained_to_percussive,25,50,1.0,8.239054679870605,4.695957183837891,19.070756912231445,2793.432373046875,2801.457763671875,3444.283203125,203.17460317460316,3453.968253968254,69.65986394557822,0.584152571125564,-1.718110998364898,11.477437349411641,0.006625202794773668,0.5313534678852421,0.00014491065849708666
ok,,04,transformer.single_transformer_blocks.8,single,8,sustained_to_percussive,38,50,1.0,6.146636486053467,4.695957183837891,19.070756912231445,2740.64794921875,2801.457763671875,3444.283203125,522.4489795918367,3453.968253968254,69.65986394557822,-1.8939968556674924,-1.718110998364898,11.477437349411641,0.7428424852629925,0.5313534678852421,0.00014491065849708666
ok,,04,transformer.single_transformer_blocks.8,single,8,percussive_to_sustained,0,12,1.0,6.16526460647583,19.070756912231445,4.695957183837891,3323.364501953125,3444.283203125,2801.457763671875,342.49433106575964,69.65986394557822,3453.968253968254,5.4138561521808874,11.477437349411641,-1.718110998364898,0.024031939213762003,0.00014491065849708666,0.5313534678852421
ok,,04,transformer.single_transformer_blocks.8,single,8,percussive_to_sustained,0,25,1.0,3.6457839012145996,19.070756912231445,4.695957183837891,3041.9775390625,3444.283203125,2801.457763671875,400.5442176870748,69.65986394557822,3453.968253968254,0.8212007207496653,11.477437349411641,-1.718110998364898,0.020117667265374867,0.00014491065849708666,0.5313534678852421
ok,,04,transformer.single_transformer_blocks.8,single,8,percussive_to_sustained,0,38,1.0,3.742327928543091,19.070756912231445,4.695957183837891,2892.98486328125,3444.283203125,2801.457763671875,208.9795918367347,69.65986394557822,3453.968253968254,-0.755035370802212,11.477437349411641,-1.718110998364898,0.6466299206321655,0.00014491065849708666,0.5313534678852421
ok,,04,transformer.single_transformer_blocks.8,single,8,percussive_to_sustained,0,50,1.0,3.843409538269043,19.070756912231445,4.695957183837891,2814.8291015625,3444.283203125,2801.457763671875,1573.1519274376417,69.65986394557822,3453.968253968254,-1.1529892631914211,11.477437349411641,-1.718110998364898,0.5958527848204028,0.00014491065849708666,0.5313534678852421
ok,,04,transformer.single_transformer_blocks.8,single,8,percussive_to_sustained,12,50,1.0,5.387004852294922,19.070756912231445,4.695957183837891,2794.776611328125,3444.283203125,2801.457763671875,516.6439909297053,69.65986394557822,3453.968253968254,1.3319791438011679,11.477437349411641,-1.718110998364898,0.7152155236740323,0.00014491065849708666,0.5313534678852421
ok,,04,transformer.single_transformer_blocks.8,single,8,percussive_to_sustained,25,50,1.0,7.055571556091309,19.070756912231445,4.695957183837891,2940.340576171875,3444.283203125,2801.457763671875,446.984126984127,69.65986394557822,3453.968253968254,2.3209361379467484,11.477437349411641,-1.718110998364898,0.005475783048417222,0.00014491065849708666,0.5313534678852421
ok,,04,transformer.single_transformer_blocks.8,single,8,percussive_to_sustained,38,50,1.0,12.698333740234375,19.070756912231445,4.695957183837891,3128.95947265625,3444.283203125,2801.457763671875,116.09977324263039,69.65986394557822,3453.968253968254,6.611101857707986,11.477437349411641,-1.718110998364898,0.000749673539126683,0.00014491065849708666,0.5313534678852421
ok,,05,transformer.transformer_blocks.3,dual,3,sustained_to_percussive,0,12,1.0,2.9918465614318848,1.8328938484191895,16.668563842773438,2870.7412109375,1026.790283203125,3177.162353515625,470.204081632653,2403.265306122449,63.85487528344672,-26.339281000126377,-40.58457244895311,-17.68087391683856,0.0,0.8773060508819598,0.4961265792943389
ok,,05,transformer.transformer_blocks.3,dual,3,sustained_to_percussive,0,25,1.0,9.264860153198242,1.8328938484191895,16.668563842773438,3038.3916015625,1026.790283203125,3177.162353515625,81.26984126984127,2403.265306122449,63.85487528344672,-19.566572097872065,-40.58457244895311,-17.68087391683856,0.43824612344585573,0.8773060508819598,0.4961265792943389
ok,,05,transformer.transformer_blocks.3,dual,3,sustained_to_percussive,0,38,1.0,9.142518043518066,1.8328938484191895,16.668563842773438,2999.202880859375,1026.790283203125,3177.162353515625,87.07482993197279,2403.265306122449,63.85487528344672,-19.326137653609784,-40.58457244895311,-17.68087391683856,0.42777632761538575,0.8773060508819598,0.4961265792943389
ok,,05,transformer.transformer_blocks.3,dual,3,sustained_to_percussive,0,50,1.0,9.312175750732422,1.8328938484191895,16.668563842773438,3010.442626953125,1026.790283203125,3177.162353515625,87.07482993197279,2403.265306122449,63.85487528344672,-18.508009685052183,-40.58457244895311,-17.68087391683856,0.4522247475330029,0.8773060508819598,0.4961265792943389
ok,,05,transformer.transformer_blocks.3,dual,3,sustained_to_percussive,12,50,1.0,9.176647186279297,1.8328938484191895,16.668563842773438,2309.38671875,1026.790283203125,3177.162353515625,145.12471655328798,2403.265306122449,63.85487528344672,-22.94678068282874,-40.58457244895311,-17.68087391683856,0.0,0.8773060508819598,0.4961265792943389
ok,,05,transformer.transformer_blocks.3,dual,3,sustained_to_percussive,25,50,1.0,6.840794086456299,1.8328938484191895,16.668563842773438,1066.15380859375,1026.790283203125,3177.162353515625,476.0090702947846,2403.265306122449,63.85487528344672,-26.829200771167677,-40.58457244895311,-17.68087391683856,0.6060828898229663,0.8773060508819598,0.4961265792943389
ok,,05,transformer.transformer_blocks.3,dual,3,sustained_to_percussive,38,50,1.0,3.1180784702301025,1.8328938484191895,16.668563842773438,1015.5309448242188,1026.790283203125,3177.162353515625,1648.6167800453516,2403.265306122449,63.85487528344672,-33.29711891431438,-40.58457244895311,-17.68087391683856,0.599776136792511,0.8773060508819598,0.4961265792943389
ok,,05,transformer.transformer_blocks.3,dual,3,percussive_to_sustained,0,12,1.0,9.436081886291504,16.668563842773438,1.8328938484191895,996.9596557617188,3177.162353515625,1026.790283203125,377.3242630385488,63.85487528344672,2403.265306122449,-32.656248310930415,-17.68087391683856,-40.58457244895311,0.6601044138477288,0.4961265792943389,0.8773060508819598
ok,,05,transformer.transformer_blocks.3,dual,3,percussive_to_sustained,0,25,1.0,4.6948041915893555,16.668563842773438,1.8328938484191895,962.858642578125,3177.162353515625,1026.790283203125,388.93424036281175,63.85487528344672,2403.265306122449,-36.759055353731775,-17.68087391683856,-40.58457244895311,0.0,0.4961265792943389,0.8773060508819598
ok,,05,transformer.transformer_blocks.3,dual,3,percussive_to_sustained,0,38,1.0,3.3066885471343994,16.668563842773438,1.8328938484191895,982.2413940429688,3177.162353515625,1026.790283203125,388.93424036281175,63.85487528344672,2403.265306122449,-37.866023714477535,-17.68087391683856,-40.58457244895311,0.0,0.4961265792943389,0.8773060508819598
ok,,05,transformer.transformer_blocks.3,dual,3,percussive_to_sustained,0,50,1.0,3.391270637512207,16.668563842773438,1.8328938484191895,1002.6810913085938,3177.162353515625,1026.790283203125,388.93424036281175,63.85487528344672,2403.265306122449,-37.56455653295548,-17.68087391683856,-40.58457244895311,0.0,0.4961265792943389,0.8773060508819598
ok,,05,transformer.transformer_blocks.3,dual,3,percussive_to_sustained,12,50,1.0,4.690295219421387,16.668563842773438,1.8328938484191895,978.498046875,3177.162353515625,1026.790283203125,388.93424036281175,63.85487528344672,2403.265306122449,-34.448408998242826,-17.68087391683856,-40.58457244895311,0.0,0.4961265792943389,0.8773060508819598
ok,,05,transformer.transformer_blocks.3,dual,3,percussive_to_sustained,25,50,1.0,6.386693000793457,16.668563842773438,1.8328938484191895,983.88916015625,3177.162353515625,1026.790283203125,1010.0680272108845,63.85487528344672,2403.265306122449,-29.645964490627996,-17.68087391683856,-40.58457244895311,0.46381078388859415,0.4961265792943389,0.8773060508819598
ok,,05,transformer.transformer_blocks.3,dual,3,percussive_to_sustained,38,50,1.0,10.599295616149902,16.668563842773438,1.8328938484191895,1433.0906982421875,3177.162353515625,1026.790283203125,104.48979591836735,63.85487528344672,2403.265306122449,-24.03934802147412,-17.68087391683856,-40.58457244895311,0.42917260387529876,0.4961265792943389,0.8773060508819598
ok,,05,transformer.single_transformer_blocks.8,single,8,sustained_to_percussive,0,12,1.0,10.488100051879883,1.8328938484191895,16.668563842773438,3110.84423828125,1026.790283203125,3177.162353515625,69.65986394557822,2403.265306122449,63.85487528344672,-24.98129295925242,-40.58457244895311,-17.68087391683856,0.19165864993685056,0.8773060508819598,0.4961265792943389
ok,,05,transformer.single_transformer_blocks.8,single,8,sustained_to_percussive,0,25,1.0,11.959609985351562,1.8328938484191895,16.668563842773438,3158.940185546875,1026.790283203125,3177.162353515625,69.65986394557822,2403.265306122449,63.85487528344672,-20.83154718782343,-40.58457244895311,-17.68087391683856,0.43486423700159854,0.8773060508819598,0.4961265792943389
ok,,05,transformer.single_transformer_blocks.8,single,8,sustained_to_percussive,0,38,1.0,12.46010971069336,1.8328938484191895,16.668563842773438,3183.41748046875,1026.790283203125,3177.162353515625,69.65986394557822,2403.265306122449,63.85487528344672,-20.34962896342735,-40.58457244895311,-17.68087391683856,0.501631215964756,0.8773060508819598,0.4961265792943389
ok,,05,transformer.single_transformer_blocks.8,single,8,sustained_to_percussive,0,50,1.0,13.053474426269531,1.8328938484191895,16.668563842773438,3209.287353515625,1026.790283203125,3177.162353515625,69.65986394557822,2403.265306122449,63.85487528344672,-19.728135904484063,-40.58457244895311,-17.68087391683856,0.5158773746358827,0.8773060508819598,0.4961265792943389
ok,,05,transformer.single_transformer_blocks.8,single,8,sustained_to_percussive,12,50,1.0,9.942351341247559,1.8328938484191895,16.668563842773438,2294.370361328125,1026.790283203125,3177.162353515625,98.68480725623583,2403.265306122449,63.85487528344672,-24.52751298579348,-40.58457244895311,-17.68087391683856,0.5807201186376498,0.8773060508819598,0.4961265792943389
ok,,05,transformer.single_transformer_blocks.8,single,8,sustained_to_percussive,25,50,1.0,6.4841508865356445,1.8328938484191895,16.668563842773438,1047.1622314453125,1026.790283203125,3177.162353515625,470.204081632653,2403.265306122449,63.85487528344672,-29.72036225540801,-40.58457244895311,-17.68087391683856,0.7259356822970522,0.8773060508819598,0.4961265792943389
ok,,05,transformer.single_transformer_blocks.8,single,8,sustained_to_percussive,38,50,1.0,3.0420546531677246,1.8328938484191895,16.668563842773438,1006.5940551757812,1026.790283203125,3177.162353515625,1648.6167800453516,2403.265306122449,63.85487528344672,-34.35981449472402,-40.58457244895311,-17.68087391683856,0.5961839400475867,0.8773060508819598,0.4961265792943389
ok,,05,transformer.single_transformer_blocks.8,single,8,percussive_to_sustained,0,12,1.0,7.65621280670166,16.668563842773438,1.8328938484191895,1016.3500366210938,3177.162353515625,1026.790283203125,1648.6167800453516,63.85487528344672,2403.265306122449,-31.1950553625563,-17.68087391683856,-40.58457244895311,0.7998747909267985,0.4961265792943389,0.8773060508819598
ok,,05,transformer.single_transformer_blocks.8,single,8,percussive_to_sustained,0,25,1.0,2.5292012691497803,16.668563842773438,1.8328938484191895,1032.3310546875,3177.162353515625,1026.790283203125,1642.8117913832198,63.85487528344672,2403.265306122449,-38.96891435217209,-17.68087391683856,-40.58457244895311,0.8805170948802906,0.4961265792943389,0.8773060508819598
ok,,05,transformer.single_transformer_blocks.8,single,8,percussive_to_sustained,0,38,1.0,2.1838245391845703,16.668563842773438,1.8328938484191895,1054.80517578125,3177.162353515625,1026.790283203125,1631.2018140589569,63.85487528344672,2403.265306122449,-37.94078696941444,-17.68087391683856,-40.58457244895311,0.868396612773569,0.4961265792943389,0.8773060508819598
ok,,05,transformer.single_transformer_blocks.8,single,8,percussive_to_sustained,0,50,1.0,2.3704159259796143,16.668563842773438,1.8328938484191895,1062.0506591796875,3177.162353515625,1026.790283203125,2403.265306122449,63.85487528344672,2403.265306122449,-37.508098263344685,-17.68087391683856,-40.58457244895311,0.8786081056724327,0.4961265792943389,0.8773060508819598
ok,,05,transformer.single_transformer_blocks.8,single,8,percussive_to_sustained,12,50,1.0,3.8594727516174316,16.668563842773438,1.8328938484191895,959.9488525390625,3177.162353515625,1026.790283203125,1642.8117913832198,63.85487528344672,2403.265306122449,-34.65561953741335,-17.68087391683856,-40.58457244895311,0.5204975627004097,0.4961265792943389,0.8773060508819598
ok,,05,transformer.single_transformer_blocks.8,single,8,percussive_to_sustained,25,50,1.0,6.220582962036133,16.668563842773438,1.8328938484191895,964.247802734375,3177.162353515625,1026.790283203125,499.22902494331066,63.85487528344672,2403.265306122449,-30.420271384339603,-17.68087391683856,-40.58457244895311,0.4744728163554999,0.4961265792943389,0.8773060508819598
ok,,05,transformer.single_transformer_blocks.8,single,8,percussive_to_sustained,38,50,1.0,10.834508895874023,16.668563842773438,1.8328938484191895,1539.0682373046875,3177.162353515625,1026.790283203125,104.48979591836735,63.85487528344672,2403.265306122449,-24.572237072470937,-17.68087391683856,-40.58457244895311,0.42427210404224375,0.4961265792943389,0.8773060508819598
