status,error,pair_id,site,site_slug,stack,block,output_index,direction,source_label,target_label,source_prompt,target_prompt,seed,duration,steps,guidance_scale,alpha,sample_rate,source_activation_calls,patch_calls,suffix_tokens,source_baseline_centroid_mean_hz,target_baseline_centroid_mean_hz,patched_centroid_mean_hz,patched_centroid_median_hz,target_delta_centroid_hz,signed_brightness_effect_hz,source_shift_fraction,elapsed_seconds,wav_path,distance_target_to_source_hz,distance_patched_to_source_hz,closer_to_source,toward_source,overshot_source
ok,,01,transformer.single_transformer_blocks.17,single_transformer_blocks-17,single,17,0,bright_to_dark,bright,dark,a bright cheerful piano melody,a dark somber piano melody,101,3.0,25,4.5,1.0,44100,25,25,645,1249.017822265625,919.0073852539062,1284.703857421875,1263.105712890625,365.69647216796875,365.69647216796875,1.1081360804203377,1.09,/outputs/brightness-centroid-movement-v1/01/bright-to-dark/01-bright-to-dark-single-transformer-blocks-17.wav,330.01043701171875,35.68603515625,True,True,True
ok,,01,transformer.single_transformer_blocks.17,single_transformer_blocks-17,single,17,0,dark_to_bright,dark,bright,a dark somber piano melody,a bright cheerful piano melody,101,3.0,25,4.5,1.0,44100,25,25,645,919.0073852539062,1249.017822265625,891.1575317382812,852.3511962890625,-357.86029052734375,357.86029052734375,1.0843908264472133,0.839,/outputs/brightness-centroid-movement-v1/01/dark-to-bright/01-dark-to-bright-single-transformer-blocks-17.wav,330.01043701171875,27.849853515625,True,True,True
ok,,01,transformer.single_transformer_blocks.14,single_transformer_blocks-14,single,14,0,bright_to_dark,bright,dark,a bright cheerful piano melody,a dark somber piano melody,101,3.0,25,4.5,1.0,44100,25,25,645,1249.017822265625,919.0073852539062,1242.51611328125,1230.688720703125,323.50872802734375,323.50872802734375,0.9802984746687144,0.949,/outputs/brightness-centroid-movement-v1/01/bright-to-dark/01-bright-to-dark-single-transformer-blocks-14.wav,330.01043701171875,6.501708984375,True,True,False
ok,,01,transformer.single_transformer_blocks.14,single_transformer_blocks-14,single,14,0,dark_to_bright,dark,bright,a dark somber piano melody,a bright cheerful piano melody,101,3.0,25,4.5,1.0,44100,25,25,645,919.0073852539062,1249.017822265625,892.9661865234375,857.4461669921875,-356.0516357421875,356.0516357421875,1.078910227707568,0.847,/outputs/brightness-centroid-movement-v1/01/dark-to-bright/01-dark-to-bright-single-transformer-blocks-14.wav,330.01043701171875,26.04119873046875,True,True,True
ok,,01,transformer.single_transformer_blocks.13,single_transformer_blocks-13,single,13,0,bright_to_dark,bright,dark,a bright cheerful piano melody,a dark somber piano melody,101,3.0,25,4.5,1.0,44100,25,25,645,1249.017822265625,919.0073852539062,1254.126220703125,1242.5726318359375,335.11883544921875,335.11883544921875,1.0154795056900536,0.826,/outputs/brightness-centroid-movement-v1/01/bright-to-dark/01-bright-to-dark-single-transformer-blocks-13.wav,330.01043701171875,5.1083984375,True,True,True
ok,,01,transformer.single_transformer_blocks.13,single_transformer_blocks-13,single,13,0,dark_to_bright,dark,bright,a dark somber piano melody,a bright cheerful piano melody,101,3.0,25,4.5,1.0,44100,25,25,645,919.0073852539062,1249.017822265625,879.1605224609375,844.1949462890625,-369.8572998046875,369.8572998046875,1.1207442502539815,0.828,/outputs/brightness-centroid-movement-v1/01/dark-to-bright/01-dark-to-bright-single-transformer-blocks-13.wav,330.01043701171875,39.84686279296875,True,True,True
ok,,01,transformer.transformer_blocks.1,transformer_blocks-1,dual,1,1,bright_to_dark,bright,dark,a bright cheerful piano melody,a dark somber piano melody,101,3.0,25,4.5,1.0,44100,25,25,,1249.017822265625,919.0073852539062,1202.70361328125,1189.7608642578125,283.69622802734375,283.69622802734375,0.8596583507971587,0.853,/outputs/brightness-centroid-movement-v1/01/bright-to-dark/01-bright-to-dark-transformer-blocks-1.wav,330.01043701171875,46.314208984375,True,True,False
ok,,01,transformer.transformer_blocks.1,transformer_blocks-1,dual,1,1,dark_to_bright,dark,bright,a dark somber piano melody,a bright cheerful piano melody,101,3.0,25,4.5,1.0,44100,25,25,,919.0073852539062,1249.017822265625,939.5352172851562,912.8748168945312,-309.48260498046875,309.48260498046875,0.937796415722085,0.841,/outputs/brightness-centroid-movement-v1/01/dark-to-bright/01-dark-to-bright-transformer-blocks-1.wav,330.01043701171875,20.52783203125,True,True,False
ok,,02,transformer.single_transformer_blocks.17,single_transformer_blocks-17,single,17,0,bright_to_dark,bright,dark,bright shimmering bells ringing,dark muffled bells ringing,102,3.0,25,4.5,1.0,44100,25,25,645,3518.71875,1935.193359375,3106.61474609375,3176.742919921875,1171.42138671875,1171.42138671875,0.7397553545108632,1.103,/outputs/brightness-centroid-movement-v1/02/bright-to-dark/02-bright-to-dark-single-transformer-blocks-17.wav,1583.525390625,412.10400390625,True,True,False
ok,,02,transformer.single_transformer_blocks.17,single_transformer_blocks-17,single,17,0,dark_to_bright,dark,bright,dark muffled bells ringing,bright shimmering bells ringing,102,3.0,25,4.5,1.0,44100,25,25,645,1935.193359375,3518.71875,1935.6058349609375,1972.5224609375,-1583.1129150390625,1583.1129150390625,0.9997395206995862,0.884,/outputs/brightness-centroid-movement-v1/02/dark-to-bright/02-dark-to-bright-single-transformer-blocks-17.wav,1583.525390625,0.4124755859375,True,True,False
ok,,02,transformer.single_transformer_blocks.14,single_transformer_blocks-14,single,14,0,bright_to_dark,bright,dark,bright shimmering bells ringing,dark muffled bells ringing,102,3.0,25,4.5,1.0,44100,25,25,645,3518.71875,1935.193359375,2964.368896484375,3031.86474609375,1029.175537109375,1029.175537109375,0.6499267666956516,0.875,/outputs/brightness-centroid-movement-v1/02/bright-to-dark/02-bright-to-dark-single-transformer-blocks-14.wav,1583.525390625,554.349853515625,True,True,False
ok,,02,transformer.single_transformer_blocks.14,single_transformer_blocks-14,single,14,0,dark_to_bright,dark,bright,dark muffled bells ringing,bright shimmering bells ringing,102,3.0,25,4.5,1.0,44100,25,25,645,1935.193359375,3518.71875,2010.4931640625,2055.209228515625,-1508.2255859375,1508.2255859375,0.9524479966451438,0.873,/outputs/brightness-centroid-movement-v1/02/dark-to-bright/02-dark-to-bright-single-transformer-blocks-14.wav,1583.525390625,75.2998046875,True,True,False
ok,,02,transformer.single_transformer_blocks.13,single_transformer_blocks-13,single,13,0,bright_to_dark,bright,dark,bright shimmering bells ringing,dark muffled bells ringing,102,3.0,25,4.5,1.0,44100,25,25,645,3518.71875,1935.193359375,2952.378173828125,3019.611083984375,1017.184814453125,1017.184814453125,0.6423545972014085,0.872,/outputs/brightness-centroid-movement-v1/02/bright-to-dark/02-bright-to-dark-single-transformer-blocks-13.wav,1583.525390625,566.340576171875,True,True,False
ok,,02,transformer.single_transformer_blocks.13,single_transformer_blocks-13,single,13,0,dark_to_bright,dark,bright,dark muffled bells ringing,bright shimmering bells ringing,102,3.0,25,4.5,1.0,44100,25,25,645,1935.193359375,3518.71875,2014.6883544921875,2060.385986328125,-1504.0303955078125,1504.0303955078125,0.9497987240445752,0.873,/outputs/brightness-centroid-movement-v1/02/dark-to-bright/02-dark-to-bright-single-transformer-blocks-13.wav,1583.525390625,79.4949951171875,True,True,False
ok,,02,transformer.transformer_blocks.1,transformer_blocks-1,dual,1,1,bright_to_dark,bright,dark,bright shimmering bells ringing,dark muffled bells ringing,102,3.0,25,4.5,1.0,44100,25,25,,3518.71875,1935.193359375,2882.480224609375,2908.83154296875,947.286865234375,947.286865234375,0.5982138782507879,0.871,/outputs/brightness-centroid-movement-v1/02/bright-to-dark/02-bright-to-dark-transformer-blocks-1.wav,1583.525390625,636.238525390625,True,True,False
ok,,02,transformer.transformer_blocks.1,transformer_blocks-1,dual,1,1,dark_to_bright,dark,bright,dark muffled bells ringing,bright shimmering bells ringing,102,3.0,25,4.5,1.0,44100,25,25,,1935.193359375,3518.71875,2096.96337890625,2119.47021484375,-1421.75537109375,1421.75537109375,0.8978418530646981,0.876,/outputs/brightness-centroid-movement-v1/02/dark-to-bright/02-dark-to-bright-transformer-blocks-1.wav,1583.525390625,161.77001953125,True,True,False
ok,,03,transformer.single_transformer_blocks.17,single_transformer_blocks-17,single,17,0,bright_to_dark,bright,dark,a bright sparkling acoustic guitar fingerpicking,a dark brooding acoustic guitar fingerpicking,103,3.0,25,4.5,1.0,44100,25,25,645,918.7551879882812,963.7725830078125,928.8555908203125,880.038818359375,-34.9169921875,-34.9169921875,0.7756333340112397,1.233,/outputs/brightness-centroid-movement-v1/03/bright-to-dark/03-bright-to-dark-single-transformer-blocks-17.wav,45.01739501953125,10.10040283203125,True,True,False
ok,,03,transformer.single_transformer_blocks.17,single_transformer_blocks-17,single,17,0,dark_to_bright,dark,bright,a dark brooding acoustic guitar fingerpicking,a bright sparkling acoustic guitar fingerpicking,103,3.0,25,4.5,1.0,44100,25,25,645,963.7725830078125,918.7551879882812,950.7867431640625,941.7489624023438,32.03155517578125,-32.03155517578125,0.7115372882390026,0.829,/outputs/brightness-centroid-movement-v1/03/dark-to-bright/03-dark-to-bright-single-transformer-blocks-17.wav,45.01739501953125,12.98583984375,True,True,False
ok,,03,transformer.single_transformer_blocks.14,single_transformer_blocks-14,single,14,0,bright_to_dark,bright,dark,a bright sparkling acoustic guitar fingerpicking,a dark brooding acoustic guitar fingerpicking,103,3.0,25,4.5,1.0,44100,25,25,645,918.7551879882812,963.7725830078125,909.021728515625,874.702392578125,-54.7508544921875,-54.7508544921875,1.2162155199880689,0.823,/outputs/brightness-centroid-movement-v1/03/bright-to-dark/03-bright-to-dark-single-transformer-blocks-14.wav,45.01739501953125,9.73345947265625,True,True,True
ok,,03,transformer.single_transformer_blocks.14,single_transformer_blocks-14,single,14,0,dark_to_bright,dark,bright,a dark brooding acoustic guitar fingerpicking,a bright sparkling acoustic guitar fingerpicking,103,3.0,25,4.5,1.0,44100,25,25,645,963.7725830078125,918.7551879882812,982.8766479492188,970.0264282226562,64.1214599609375,-64.1214599609375,1.4243707334268845,0.824,/outputs/brightness-centroid-movement-v1/03/dark-to-bright/03-dark-to-bright-single-transformer-blocks-14.wav,45.01739501953125,19.10406494140625,True,True,True
ok,,03,transformer.single_transformer_blocks.13,single_transformer_blocks-13,single,13,0,bright_to_dark,bright,dark,a bright sparkling acoustic guitar fingerpicking,a dark brooding acoustic guitar fingerpicking,103,3.0,25,4.5,1.0,44100,25,25,645,918.7551879882812,963.7725830078125,909.1677856445312,878.4209594726562,-54.60479736328125,-54.60479736328125,1.212971060177747,0.822,/outputs/brightness-centroid-movement-v1/03/bright-to-dark/03-bright-to-dark-single-transformer-blocks-13.wav,45.01739501953125,9.58740234375,True,True,True
ok,,03,transformer.single_transformer_blocks.13,single_transformer_blocks-13,single,13,0,dark_to_bright,dark,bright,a dark brooding acoustic guitar fingerpicking,a bright sparkling acoustic guitar fingerpicking,103,3.0,25,4.5,1.0,44100,25,25,645,963.7725830078125,918.7551879882812,989.6141357421875,976.0413208007812,70.85894775390625,-70.85894775390625,1.5740348308284693,0.823,/outputs/brightness-centroid-movement-v1/03/dark-to-bright/03-dark-to-bright-single-transformer-blocks-13.wav,45.01739501953125,25.841552734375,True,True,True
ok,,03,transformer.transformer_blocks.1,transformer_blocks-1,dual,1,1,bright_to_dark,bright,dark,a bright sparkling acoustic guitar fingerpicking,a dark brooding acoustic guitar fingerpicking,103,3.0,25,4.5,1.0,44100,25,25,,918.7551879882812,963.7725830078125,877.12646484375,849.2964477539062,-86.6461181640625,-86.6461181640625,1.9247252784500348,0.837,/outputs/brightness-centroid-movement-v1/03/bright-to-dark/03-bright-to-dark-transformer-blocks-1.wav,45.01739501953125,41.62872314453125,True,True,True
ok,,03,transformer.transformer_blocks.1,transformer_blocks-1,dual,1,1,dark_to_bright,dark,bright,a dark brooding acoustic guitar fingerpicking,a bright sparkling acoustic guitar fingerpicking,103,3.0,25,4.5,1.0,44100,25,25,,963.7725830078125,918.7551879882812,973.8742065429688,953.1411743164062,55.1190185546875,-55.1190185546875,1.224393782242921,0.829,/outputs/brightness-centroid-movement-v1/03/dark-to-bright/03-dark-to-bright-transformer-blocks-1.wav,45.01739501953125,10.10162353515625,True,True,True
ok,,04,transformer.single_transformer_blocks.17,single_transformer_blocks-17,single,17,0,bright_to_dark,bright,dark,a bright airy flute solo,a dark heavy flute solo,104,3.0,25,4.5,1.0,44100,25,25,645,1398.101806640625,1719.439208984375,1424.93896484375,1388.7186279296875,-294.500244140625,-294.500244140625,0.9164829303797757,1.09,/outputs/brightness-centroid-movement-v1/04/bright-to-dark/04-bright-to-dark-single-transformer-blocks-17.wav,321.33740234375,26.837158203125,True,True,False
ok,,04,transformer.single_transformer_blocks.17,single_transformer_blocks-17,single,17,0,dark_to_bright,dark,bright,a dark heavy flute solo,a bright airy flute solo,104,3.0,25,4.5,1.0,44100,25,25,645,1719.439208984375,1398.101806640625,1693.3018798828125,1674.6776123046875,295.2000732421875,-295.2000732421875,0.9186607941966178,0.875,/outputs/brightness-centroid-movement-v1/04/dark-to-bright/04-dark-to-bright-single-transformer-blocks-17.wav,321.33740234375,26.1373291015625,True,True,False
ok,,04,transformer.single_transformer_blocks.14,single_transformer_blocks-14,single,14,0,bright_to_dark,bright,dark,a bright airy flute solo,a dark heavy flute solo,104,3.0,25,4.5,1.0,44100,25,25,645,1398.101806640625,1719.439208984375,1417.12841796875,1381.389892578125,-302.310791015625,-302.310791015625,0.9407893037369758,0.865,/outputs/brightness-centroid-movement-v1/04/bright-to-dark/04-bright-to-dark-single-transformer-blocks-14.wav,321.33740234375,19.026611328125,True,True,False
ok,,04,transformer.single_transformer_blocks.14,single_transformer_blocks-14,single,14,0,dark_to_bright,dark,bright,a dark heavy flute solo,a bright airy flute solo,104,3.0,25,4.5,1.0,44100,25,25,645,1719.439208984375,1398.101806640625,1678.052734375,1652.0079345703125,279.950927734375,-279.950927734375,0.8712055481014255,0.861,/outputs/brightness-centroid-movement-v1/04/dark-to-bright/04-dark-to-bright-single-transformer-blocks-14.wav,321.33740234375,41.386474609375,True,True,False
ok,,04,transformer.single_transformer_blocks.13,single_transformer_blocks-13,single,13,0,bright_to_dark,bright,dark,a bright airy flute solo,a dark heavy flute solo,104,3.0,25,4.5,1.0,44100,25,25,645,1398.101806640625,1719.439208984375,1411.3909912109375,1376.3009033203125,-308.0482177734375,-308.0482177734375,0.9586441401673609,0.858,/outputs/brightness-centroid-movement-v1/04/bright-to-dark/04-bright-to-dark-single-transformer-blocks-13.wav,321.33740234375,13.2891845703125,True,True,False
ok,,04,transformer.single_transformer_blocks.13,single_transformer_blocks-13,single,13,0,dark_to_bright,dark,bright,a dark heavy flute solo,a bright airy flute solo,104,3.0,25,4.5,1.0,44100,25,25,645,1719.439208984375,1398.101806640625,1677.9232177734375,1651.944580078125,279.8214111328125,-279.8214111328125,0.8708024932418983,0.862,/outputs/brightness-centroid-movement-v1/04/dark-to-bright/04-dark-to-bright-single-transformer-blocks-13.wav,321.33740234375,41.5159912109375,True,True,False
ok,,04,transformer.transformer_blocks.1,transformer_blocks-1,dual,1,1,bright_to_dark,bright,dark,a bright airy flute solo,a dark heavy flute solo,104,3.0,25,4.5,1.0,44100,25,25,,1398.101806640625,1719.439208984375,1545.7823486328125,1511.572021484375,-173.6568603515625,-173.6568603515625,0.5404190706869331,0.872,/outputs/brightness-centroid-movement-v1/04/bright-to-dark/04-bright-to-dark-transformer-blocks-1.wav,321.33740234375,147.6805419921875,True,True,False
ok,,04,transformer.transformer_blocks.1,transformer_blocks-1,dual,1,1,dark_to_bright,dark,bright,a dark heavy flute solo,a bright airy flute solo,104,3.0,25,4.5,1.0,44100,25,25,,1719.439208984375,1398.101806640625,1614.2142333984375,1566.1156005859375,216.1124267578125,-216.1124267578125,0.6725405296163647,0.878,/outputs/brightness-centroid-movement-v1/04/dark-to-bright/04-dark-to-bright-transformer-blocks-1.wav,321.33740234375,105.2249755859375,True,True,False
ok,,05,transformer.single_transformer_blocks.17,single_transformer_blocks-17,single,17,0,bright_to_dark,bright,dark,a bright crisp violin passage,a dark muted violin passage,105,3.0,25,4.5,1.0,44100,25,25,645,1563.31494140625,1097.778564453125,1592.3948974609375,1593.2811279296875,494.6163330078125,494.6163330078125,1.0624654860378733,1.07,/outputs/brightness-centroid-movement-v1/05/bright-to-dark/05-bright-to-dark-single-transformer-blocks-17.wav,465.536376953125,29.0799560546875,True,True,True
ok,,05,transformer.single_transformer_blocks.17,single_transformer_blocks-17,single,17,0,dark_to_bright,dark,bright,a dark muted violin passage,a bright crisp violin passage,105,3.0,25,4.5,1.0,44100,25,25,645,1097.778564453125,1563.31494140625,1073.357177734375,1044.8896484375,-489.957763671875,489.957763671875,1.0524586002893797,0.869,/outputs/brightness-centroid-movement-v1/05/dark-to-bright/05-dark-to-bright-single-transformer-blocks-17.wav,465.536376953125,24.42138671875,True,True,True
ok,,05,transformer.single_transformer_blocks.14,single_transformer_blocks-14,single,14,0,bright_to_dark,bright,dark,a bright crisp violin passage,a dark muted violin passage,105,3.0,25,4.5,1.0,44100,25,25,645,1563.31494140625,1097.778564453125,1487.3778076171875,1482.7274169921875,389.5992431640625,389.5992431640625,0.8368824917913802,0.863,/outputs/brightness-centroid-movement-v1/05/bright-to-dark/05-bright-to-dark-single-transformer-blocks-14.wav,465.536376953125,75.9371337890625,True,True,False
ok,,05,transformer.single_transformer_blocks.14,single_transformer_blocks-14,single,14,0,dark_to_bright,dark,bright,a dark muted violin passage,a bright crisp violin passage,105,3.0,25,4.5,1.0,44100,25,25,645,1097.778564453125,1563.31494140625,1098.698974609375,1080.1591796875,-464.615966796875,464.615966796875,0.998022903897921,0.865,/outputs/brightness-centroid-movement-v1/05/dark-to-bright/05-dark-to-bright-single-transformer-blocks-14.wav,465.536376953125,0.92041015625,True,True,False
ok,,05,transformer.single_transformer_blocks.13,single_transformer_blocks-13,single,13,0,bright_to_dark,bright,dark,a bright crisp violin passage,a dark muted violin passage,105,3.0,25,4.5,1.0,44100,25,25,645,1563.31494140625,1097.778564453125,1462.9130859375,1455.3226318359375,365.134521484375,365.134521484375,0.7843308054123137,0.86,/outputs/brightness-centroid-movement-v1/05/bright-to-dark/05-bright-to-dark-single-transformer-blocks-13.wav,465.536376953125,100.40185546875,True,True,False
ok,,05,transformer.single_transformer_blocks.13,single_transformer_blocks-13,single,13,0,dark_to_bright,dark,bright,a dark muted violin passage,a bright crisp violin passage,105,3.0,25,4.5,1.0,44100,25,25,645,1097.778564453125,1563.31494140625,1109.1668701171875,1085.388916015625,-454.1480712890625,454.1480712890625,0.9755372378446611,0.863,/outputs/brightness-centroid-movement-v1/05/dark-to-bright/05-dark-to-bright-single-transformer-blocks-13.wav,465.536376953125,11.3883056640625,True,True,False
ok,,05,transformer.transformer_blocks.1,transformer_blocks-1,dual,1,1,bright_to_dark,bright,dark,a bright crisp violin passage,a dark muted violin passage,105,3.0,25,4.5,1.0,44100,25,25,,1563.31494140625,1097.778564453125,1540.4578857421875,1538.4190673828125,442.6793212890625,442.6793212890625,0.9509016764411431,0.863,/outputs/brightness-centroid-movement-v1/05/bright-to-dark/05-bright-to-dark-transformer-blocks-1.wav,465.536376953125,22.8570556640625,True,True,False
ok,,05,transformer.transformer_blocks.1,transformer_blocks-1,dual,1,1,dark_to_bright,dark,bright,a dark muted violin passage,a bright crisp violin passage,105,3.0,25,4.5,1.0,44100,25,25,,1097.778564453125,1563.31494140625,1100.0849609375,1086.8995361328125,-463.22998046875,463.22998046875,0.9950457223139682,0.866,/outputs/brightness-centroid-movement-v1/05/dark-to-bright/05-dark-to-bright-transformer-blocks-1.wav,465.536376953125,2.306396484375,True,True,False
ok,,06,transformer.single_transformer_blocks.17,single_transformer_blocks-17,single,17,0,bright_to_dark,bright,dark,a bright uplifting string quartet,a dark mournful string quartet,106,3.0,25,4.5,1.0,44100,25,25,645,1207.377685546875,1386.683837890625,1207.9100341796875,1193.933837890625,-178.7738037109375,-178.7738037109375,0.9970310632075138,1.06,/outputs/brightness-centroid-movement-v1/06/bright-to-dark/06-bright-to-dark-single-transformer-blocks-17.wav,179.30615234375,0.5323486328125,True,True,False
ok,,06,transformer.single_transformer_blocks.17,single_transformer_blocks-17,single,17,0,dark_to_bright,dark,bright,a dark mournful string quartet,a bright uplifting string quartet,106,3.0,25,4.5,1.0,44100,25,25,645,1386.683837890625,1207.377685546875,1376.231689453125,1357.4232177734375,168.85400390625,-168.85400390625,0.9417078092364501,0.861,/outputs/brightness-centroid-movement-v1/06/dark-to-bright/06-dark-to-bright-single-transformer-blocks-17.wav,179.30615234375,10.4521484375,True,True,False
ok,,06,transformer.single_transformer_blocks.14,single_transformer_blocks-14,single,14,0,bright_to_dark,bright,dark,a bright uplifting string quartet,a dark mournful string quartet,106,3.0,25,4.5,1.0,44100,25,25,645,1207.377685546875,1386.683837890625,1227.6119384765625,1204.8992919921875,-159.0718994140625,-159.0718994140625,0.8871524893864424,0.851,/outputs/brightness-centroid-movement-v1/06/bright-to-dark/06-bright-to-dark-single-transformer-blocks-14.wav,179.30615234375,20.2342529296875,True,True,False
ok,,06,transformer.single_transformer_blocks.14,single_transformer_blocks-14,single,14,0,dark_to_bright,dark,bright,a dark mournful string quartet,a bright uplifting string quartet,106,3.0,25,4.5,1.0,44100,25,25,645,1386.683837890625,1207.377685546875,1347.328369140625,1331.9295654296875,139.95068359375,-139.95068359375,0.7805124462514195,0.855,/outputs/brightness-centroid-movement-v1/06/dark-to-bright/06-dark-to-bright-single-transformer-blocks-14.wav,179.30615234375,39.35546875,True,True,False
ok,,06,transformer.single_transformer_blocks.13,single_transformer_blocks-13,single,13,0,bright_to_dark,bright,dark,a bright uplifting string quartet,a dark mournful string quartet,106,3.0,25,4.5,1.0,44100,25,25,645,1207.377685546875,1386.683837890625,1207.530029296875,1180.0238037109375,-179.15380859375,-179.15380859375,0.9991503707596829,0.849,/outputs/brightness-centroid-movement-v1/06/bright-to-dark/06-bright-to-dark-single-transformer-blocks-13.wav,179.30615234375,0.15234375,True,True,False
ok,,06,transformer.single_transformer_blocks.13,single_transformer_blocks-13,single,13,0,dark_to_bright,dark,bright,a dark mournful string quartet,a bright uplifting string quartet,106,3.0,25,4.5,1.0,44100,25,25,645,1386.683837890625,1207.377685546875,1337.9097900390625,1325.7574462890625,130.5321044921875,-130.5321044921875,0.727984526944412,0.853,/outputs/brightness-centroid-movement-v1/06/dark-to-bright/06-dark-to-bright-single-transformer-blocks-13.wav,179.30615234375,48.7740478515625,True,True,False
ok,,06,transformer.transformer_blocks.1,transformer_blocks-1,dual,1,1,bright_to_dark,bright,dark,a bright uplifting string quartet,a dark mournful string quartet,106,3.0,25,4.5,1.0,44100,25,25,,1207.377685546875,1386.683837890625,1273.4788818359375,1256.3277587890625,-113.2049560546875,-113.2049560546875,0.6313500935409115,0.854,/outputs/brightness-centroid-movement-v1/06/bright-to-dark/06-bright-to-dark-transformer-blocks-1.wav,179.30615234375,66.1011962890625,True,True,False
ok,,06,transformer.transformer_blocks.1,transformer_blocks-1,dual,1,1,dark_to_bright,dark,bright,a dark mournful string quartet,a bright uplifting string quartet,106,3.0,25,4.5,1.0,44100,25,25,,1386.683837890625,1207.377685546875,1232.2955322265625,1223.0159912109375,24.9178466796875,-24.9178466796875,0.1389681634120239,0.855,/outputs/brightness-centroid-movement-v1/06/dark-to-bright/06-dark-to-bright-transformer-blocks-1.wav,179.30615234375,154.3883056640625,True,True,False
ok,,07,transformer.single_transformer_blocks.17,single_transformer_blocks-17,single,17,0,bright_to_dark,bright,dark,a bright glittering harp glissando,a dark resonant harp glissando,107,3.0,25,4.5,1.0,44100,25,25,645,2389.673828125,1078.0107421875,2480.23779296875,2462.01171875,1402.22705078125,1402.22705078125,1.0690451426244265,1.055,/outputs/brightness-centroid-movement-v1/07/bright-to-dark/07-bright-to-dark-single-transformer-blocks-17.wav,1311.6630859375,90.56396484375,True,True,True
ok,,07,transformer.single_transformer_blocks.17,single_transformer_blocks-17,single,17,0,dark_to_bright,dark,bright,a dark resonant harp glissando,a bright glittering harp glissando,107,3.0,25,4.5,1.0,44100,25,25,645,1078.0107421875,2389.673828125,1049.0364990234375,994.8361206054688,-1340.6373291015625,1340.6373291015625,1.0220896993097532,0.872,/outputs/brightness-centroid-movement-v1/07/dark-to-bright/07-dark-to-bright-single-transformer-blocks-17.wav,1311.6630859375,28.9742431640625,True,True,True
ok,,07,transformer.single_transformer_blocks.14,single_transformer_blocks-14,single,14,0,bright_to_dark,bright,dark,a bright glittering harp glissando,a dark resonant harp glissando,107,3.0,25,4.5,1.0,44100,25,25,645,2389.673828125,1078.0107421875,2385.606689453125,2379.05224609375,1307.595947265625,1307.595947265625,0.9968992504893374,0.865,/outputs/brightness-centroid-movement-v1/07/bright-to-dark/07-bright-to-dark-single-transformer-blocks-14.wav,1311.6630859375,4.067138671875,True,True,False
ok,,07,transformer.single_transformer_blocks.14,single_transformer_blocks-14,single,14,0,dark_to_bright,dark,bright,a dark resonant harp glissando,a bright glittering harp glissando,107,3.0,25,4.5,1.0,44100,25,25,645,1078.0107421875,2389.673828125,1029.3070068359375,975.76025390625,-1360.3668212890625,1360.3668212890625,1.03713128460633,0.866,/outputs/brightness-centroid-movement-v1/07/dark-to-bright/07-dark-to-bright-single-transformer-blocks-14.wav,1311.6630859375,48.7037353515625,True,True,True
ok,,07,transformer.single_transformer_blocks.13,single_transformer_blocks-13,single,13,0,bright_to_dark,bright,dark,a bright glittering harp glissando,a dark resonant harp glissando,107,3.0,25,4.5,1.0,44100,25,25,645,2389.673828125,1078.0107421875,2386.5009765625,2382.453857421875,1308.490234375,1308.490234375,0.9975810468431136,0.863,/outputs/brightness-centroid-movement-v1/07/bright-to-dark/07-bright-to-dark-single-transformer-blocks-13.wav,1311.6630859375,3.1728515625,True,True,False
ok,,07,transformer.single_transformer_blocks.13,single_transformer_blocks-13,single,13,0,dark_to_bright,dark,bright,a dark resonant harp glissando,a bright glittering harp glissando,107,3.0,25,4.5,1.0,44100,25,25,645,1078.0107421875,2389.673828125,1021.72998046875,970.5931396484375,-1367.94384765625,1367.94384765625,1.0429079405543564,0.868,/outputs/brightness-centroid-movement-v1/07/dark-to-bright/07-dark-to-bright-single-transformer-blocks-13.wav,1311.6630859375,56.28076171875,True,True,True
ok,,07,transformer.transformer_blocks.1,transformer_blocks-1,dual,1,1,bright_to_dark,bright,dark,a bright glittering harp glissando,a dark resonant harp glissando,107,3.0,25,4.5,1.0,44100,25,25,,2389.673828125,1078.0107421875,2400.644287109375,2430.6474609375,1322.633544921875,1322.633544921875,1.0083637780936208,0.867,/outputs/brightness-centroid-movement-v1/07/bright-to-dark/07-bright-to-dark-transformer-blocks-1.wav,1311.6630859375,10.970458984375,True,True,True
ok,,07,transformer.transformer_blocks.1,transformer_blocks-1,dual,1,1,dark_to_bright,dark,bright,a dark resonant harp glissando,a bright glittering harp glissando,107,3.0,25,4.5,1.0,44100,25,25,,1078.0107421875,2389.673828125,1027.118408203125,979.1506958007812,-1362.555419921875,1362.555419921875,1.0387998522867632,0.871,/outputs/brightness-centroid-movement-v1/07/dark-to-bright/07-dark-to-bright-transformer-blocks-1.wav,1311.6630859375,50.892333984375,True,True,True
ok,,08,transformer.single_transformer_blocks.17,single_transformer_blocks-17,single,17,0,bright_to_dark,bright,dark,a bright cheerful music box melody,a dark eerie music box melody,108,3.0,25,4.5,1.0,44100,25,25,645,2107.773193359375,2106.578857421875,2166.7841796875,2107.80224609375,60.205322265625,60.205322265625,50.40903515944399,1.07,/outputs/brightness-centroid-movement-v1/08/bright-to-dark/08-bright-to-dark-single-transformer-blocks-17.wav,1.1943359375,59.010986328125,False,True,True
ok,,08,transformer.single_transformer_blocks.17,single_transformer_blocks-17,single,17,0,dark_to_bright,dark,bright,a dark eerie music box melody,a bright cheerful music box melody,108,3.0,25,4.5,1.0,44100,25,25,645,2106.578857421875,2107.773193359375,2030.4720458984375,1998.3331298828125,-77.3011474609375,77.3011474609375,64.72311937857727,0.865,/outputs/brightness-centroid-movement-v1/08/dark-to-bright/08-dark-to-bright-single-transformer-blocks-17.wav,1.1943359375,76.1068115234375,False,True,True
ok,,08,transformer.single_transformer_blocks.14,single_transformer_blocks-14,single,14,0,bright_to_dark,bright,dark,a bright cheerful music box melody,a dark eerie music box melody,108,3.0,25,4.5,1.0,44100,25,25,645,2107.773193359375,2106.578857421875,2089.01904296875,2002.81396484375,-17.559814453125,-17.559814453125,-14.702575633687653,0.854,/outputs/brightness-centroid-movement-v1/08/bright-to-dark/08-bright-to-dark-single-transformer-blocks-14.wav,1.1943359375,18.754150390625,False,False,False
ok,,08,transformer.single_transformer_blocks.14,single_transformer_blocks-14,single,14,0,dark_to_bright,dark,bright,a dark eerie music box melody,a bright cheerful music box melody,108,3.0,25,4.5,1.0,44100,25,25,645,2106.578857421875,2107.773193359375,2043.6607666015625,1980.858642578125,-64.1124267578125,64.1124267578125,53.68039656582175,0.858,/outputs/brightness-centroid-movement-v1/08/dark-to-bright/08-dark-to-bright-single-transformer-blocks-14.wav,1.1943359375,62.9180908203125,False,True,True
ok,,08,transformer.single_transformer_blocks.13,single_transformer_blocks-13,single,13,0,bright_to_dark,bright,dark,a bright cheerful music box melody,a dark eerie music box melody,108,3.0,25,4.5,1.0,44100,25,25,645,2107.773193359375,2106.578857421875,2089.251953125,2007.3680419921875,-17.326904296875,-17.326904296875,-14.50756336876533,0.855,/outputs/brightness-centroid-movement-v1/08/bright-to-dark/08-bright-to-dark-single-transformer-blocks-13.wav,1.1943359375,18.521240234375,False,False,False
ok,,08,transformer.single_transformer_blocks.13,single_transformer_blocks-13,single,13,0,dark_to_bright,dark,bright,a dark eerie music box melody,a bright cheerful music box melody,108,3.0,25,4.5,1.0,44100,25,25,645,2106.578857421875,2107.773193359375,2060.708984375,2012.5482177734375,-47.064208984375,47.064208984375,39.406173344235484,0.858,/outputs/brightness-centroid-movement-v1/08/dark-to-bright/08-dark-to-bright-single-transformer-blocks-13.wav,1.1943359375,45.869873046875,False,True,True
ok,,08,transformer.transformer_blocks.1,transformer_blocks-1,dual,1,1,bright_to_dark,bright,dark,a bright cheerful music box melody,a dark eerie music box melody,108,3.0,25,4.5,1.0,44100,25,25,,2107.773193359375,2106.578857421875,2158.30078125,2112.91552734375,51.721923828125,51.721923828125,43.306009811937855,0.858,/outputs/brightness-centroid-movement-v1/08/bright-to-dark/08-bright-to-dark-transformer-blocks-1.wav,1.1943359375,50.527587890625,False,True,True
ok,,08,transformer.transformer_blocks.1,transformer_blocks-1,dual,1,1,dark_to_bright,dark,bright,a dark eerie music box melody,a bright cheerful music box melody,108,3.0,25,4.5,1.0,44100,25,25,,2106.578857421875,2107.773193359375,2180.707763671875,2176.28125,72.9345703125,-72.9345703125,-61.0670482420278,0.858,/outputs/brightness-centroid-movement-v1/08/dark-to-bright/08-dark-to-bright-transformer-blocks-1.wav,1.1943359375,74.12890625,False,False,False
ok,,09,transformer.single_transformer_blocks.17,single_transformer_blocks-17,single,17,0,bright_to_dark,bright,dark,a bright punchy electric guitar riff,a dark heavy electric guitar riff,109,3.0,25,4.5,1.0,44100,25,25,645,1497.996826171875,1278.8392333984375,1506.290771484375,1425.8590087890625,227.4515380859375,227.4515380859375,1.0378446633198521,1.049,/outputs/brightness-centroid-movement-v1/09/bright-to-dark/09-bright-to-dark-single-transformer-blocks-17.wav,219.1575927734375,8.2939453125,True,True,True
ok,,09,transformer.single_transformer_blocks.17,single_transformer_blocks-17,single,17,0,dark_to_bright,dark,bright,a dark heavy electric guitar riff,a bright punchy electric guitar riff,109,3.0,25,4.5,1.0,44100,25,25,645,1278.8392333984375,1497.996826171875,1284.045166015625,1169.906982421875,-213.95166015625,213.95166015625,0.9762457118126437,0.851,/outputs/brightness-centroid-movement-v1/09/dark-to-bright/09-dark-to-bright-single-transformer-blocks-17.wav,219.1575927734375,5.2059326171875,True,True,False
ok,,09,transformer.single_transformer_blocks.14,single_transformer_blocks-14,single,14,0,bright_to_dark,bright,dark,a bright punchy electric guitar riff,a dark heavy electric guitar riff,109,3.0,25,4.5,1.0,44100,25,25,645,1497.996826171875,1278.8392333984375,1500.589599609375,1409.893798828125,221.7503662109375,221.7503662109375,1.0118306347714832,0.842,/outputs/brightness-centroid-movement-v1/09/bright-to-dark/09-bright-to-dark-single-transformer-blocks-14.wav,219.1575927734375,2.5927734375,True,True,True
ok,,09,transformer.single_transformer_blocks.14,single_transformer_blocks-14,single,14,0,dark_to_bright,dark,bright,a dark heavy electric guitar riff,a bright punchy electric guitar riff,109,3.0,25,4.5,1.0,44100,25,25,645,1278.8392333984375,1497.996826171875,1425.795654296875,1305.2265625,-72.201171875,72.201171875,0.329448644517832,0.844,/outputs/brightness-centroid-movement-v1/09/dark-to-bright/09-dark-to-bright-single-transformer-blocks-14.wav,219.1575927734375,146.9564208984375,True,True,False
ok,,09,transformer.single_transformer_blocks.13,single_transformer_blocks-13,single,13,0,bright_to_dark,bright,dark,a bright punchy electric guitar riff,a dark heavy electric guitar riff,109,3.0,25,4.5,1.0,44100,25,25,645,1497.996826171875,1278.8392333984375,1493.5106201171875,1400.9495849609375,214.67138671875,214.67138671875,0.9795297712576845,0.846,/outputs/brightness-centroid-movement-v1/09/bright-to-dark/09-bright-to-dark-single-transformer-blocks-13.wav,219.1575927734375,4.4862060546875,True,True,False
ok,,09,transformer.single_transformer_blocks.13,single_transformer_blocks-13,single,13,0,dark_to_bright,dark,bright,a dark heavy electric guitar riff,a bright punchy electric guitar riff,109,3.0,25,4.5,1.0,44100,25,25,645,1278.8392333984375,1497.996826171875,1432.0205078125,1311.8203125,-65.976318359375,65.976318359375,0.3010450951046014,0.846,/outputs/brightness-centroid-movement-v1/09/dark-to-bright/09-dark-to-bright-single-transformer-blocks-13.wav,219.1575927734375,153.1812744140625,True,True,False
ok,,09,transformer.transformer_blocks.1,transformer_blocks-1,dual,1,1,bright_to_dark,bright,dark,a bright punchy electric guitar riff,a dark heavy electric guitar riff,109,3.0,25,4.5,1.0,44100,25,25,,1497.996826171875,1278.8392333984375,1471.1668701171875,1401.1004638671875,192.32763671875,192.32763671875,0.8775768810235839,0.842,/outputs/brightness-centroid-movement-v1/09/bright-to-dark/09-bright-to-dark-transformer-blocks-1.wav,219.1575927734375,26.8299560546875,True,True,False
ok,,09,transformer.transformer_blocks.1,transformer_blocks-1,dual,1,1,dark_to_bright,dark,bright,a dark heavy electric guitar riff,a bright punchy electric guitar riff,109,3.0,25,4.5,1.0,44100,25,25,,1278.8392333984375,1497.996826171875,1412.3409423828125,1299.4146728515625,-85.6558837890625,85.6558837890625,0.39084150681291946,0.846,/outputs/brightness-centroid-movement-v1/09/dark-to-bright/09-dark-to-bright-transformer-blocks-1.wav,219.1575927734375,133.501708984375,True,True,False
ok,,10,transformer.single_transformer_blocks.17,single_transformer_blocks-17,single,17,0,bright_to_dark,bright,dark,a bright energetic synth lead,a dark gloomy synth lead,110,3.0,25,4.5,1.0,44100,25,25,645,1814.2838134765625,663.26611328125,1862.25390625,1884.1334228515625,1198.98779296875,1198.98779296875,1.0416762424811519,0.826,/outputs/brightness-centroid-movement-v1/10/bright-to-dark/10-bright-to-dark-single-transformer-blocks-17.wav,1151.0177001953125,47.9700927734375,True,True,True
ok,,10,transformer.single_transformer_blocks.17,single_transformer_blocks-17,single,17,0,dark_to_bright,dark,bright,a dark gloomy synth lead,a bright energetic synth lead,110,3.0,25,4.5,1.0,44100,25,25,645,663.26611328125,1814.2838134765625,656.7193603515625,613.4852294921875,-1157.564453125,1157.564453125,1.0056877951821042,0.827,/outputs/brightness-centroid-movement-v1/10/dark-to-bright/10-dark-to-bright-single-transformer-blocks-17.wav,1151.0177001953125,6.5467529296875,True,True,True
ok,,10,transformer.single_transformer_blocks.14,single_transformer_blocks-14,single,14,0,bright_to_dark,bright,dark,a bright energetic synth lead,a dark gloomy synth lead,110,3.0,25,4.5,1.0,44100,25,25,645,1814.2838134765625,663.26611328125,1538.9937744140625,1543.9112548828125,875.7276611328125,875.7276611328125,0.7608290133020658,0.839,/outputs/brightness-centroid-movement-v1/10/bright-to-dark/10-bright-to-dark-single-transformer-blocks-14.wav,1151.0177001953125,275.2900390625,True,True,False
ok,,10,transformer.single_transformer_blocks.14,single_transformer_blocks-14,single,14,0,dark_to_bright,dark,bright,a dark gloomy synth lead,a bright energetic synth lead,110,3.0,25,4.5,1.0,44100,25,25,645,663.26611328125,1814.2838134765625,685.544189453125,636.4552612304688,-1128.7396240234375,1128.7396240234375,0.9806448882861708,0.83,/outputs/brightness-centroid-movement-v1/10/dark-to-bright/10-dark-to-bright-single-transformer-blocks-14.wav,1151.0177001953125,22.278076171875,True,True,False
ok,,10,transformer.single_transformer_blocks.13,single_transformer_blocks-13,single,13,0,bright_to_dark,bright,dark,a bright energetic synth lead,a dark gloomy synth lead,110,3.0,25,4.5,1.0,44100,25,25,645,1814.2838134765625,663.26611328125,1555.1435546875,1570.37158203125,891.87744140625,891.87744140625,0.7748598837836379,0.816,/outputs/brightness-centroid-movement-v1/10/bright-to-dark/10-bright-to-dark-single-transformer-blocks-13.wav,1151.0177001953125,259.1402587890625,True,True,False
ok,,10,transformer.single_transformer_blocks.13,single_transformer_blocks-13,single,13,0,dark_to_bright,dark,bright,a dark gloomy synth lead,a bright energetic synth lead,110,3.0,25,4.5,1.0,44100,25,25,645,663.26611328125,1814.2838134765625,694.0003662109375,644.6182250976562,-1120.283447265625,1120.283447265625,0.9732981926129612,0.821,/outputs/brightness-centroid-movement-v1/10/dark-to-bright/10-dark-to-bright-single-transformer-blocks-13.wav,1151.0177001953125,30.7342529296875,True,True,False
ok,,10,transformer.transformer_blocks.1,transformer_blocks-1,dual,1,1,bright_to_dark,bright,dark,a bright energetic synth lead,a dark gloomy synth lead,110,3.0,25,4.5,1.0,44100,25,25,,1814.2838134765625,663.26611328125,1480.6319580078125,1480.6629638671875,817.3658447265625,817.3658447265625,0.7101244790482947,0.829,/outputs/brightness-centroid-movement-v1/10/bright-to-dark/10-bright-to-dark-transformer-blocks-1.wav,1151.0177001953125,333.65185546875,True,True,False
ok,,10,transformer.transformer_blocks.1,transformer_blocks-1,dual,1,1,dark_to_bright,dark,bright,a dark gloomy synth lead,a bright energetic synth lead,110,3.0,25,4.5,1.0,44100,25,25,,663.26611328125,1814.2838134765625,712.9276733398438,679.1929321289062,-1101.3561401367188,1101.3561401367188,0.9568542168811419,0.821,/outputs/brightness-centroid-movement-v1/10/dark-to-bright/10-dark-to-bright-transformer-blocks-1.wav,1151.0177001953125,49.66156005859375,True,True,False
ok,,11,transformer.single_transformer_blocks.17,single_transformer_blocks-17,single,17,0,bright_to_dark,bright,dark,a bright clear trumpet fanfare,a dark muffled trumpet fanfare,111,3.0,25,4.5,1.0,44100,25,25,645,1148.04541015625,880.3349609375,1157.42578125,1119.44189453125,277.0908203125,277.0908203125,1.0350392415429597,0.874,/outputs/brightness-centroid-movement-v1/11/bright-to-dark/11-bright-to-dark-single-transformer-blocks-17.wav,267.71044921875,9.38037109375,True,True,True
ok,,11,transformer.single_transformer_blocks.17,single_transformer_blocks-17,single,17,0,dark_to_bright,dark,bright,a dark muffled trumpet fanfare,a bright clear trumpet fanfare,111,3.0,25,4.5,1.0,44100,25,25,645,880.3349609375,1148.04541015625,869.6242065429688,865.0309448242188,-278.42120361328125,278.42120361328125,1.040008727435885,0.873,/outputs/brightness-centroid-movement-v1/11/dark-to-bright/11-dark-to-bright-single-transformer-blocks-17.wav,267.71044921875,10.71075439453125,True,True,True
ok,,11,transformer.single_transformer_blocks.14,single_transformer_blocks-14,single,14,0,bright_to_dark,bright,dark,a bright clear trumpet fanfare,a dark muffled trumpet fanfare,111,3.0,25,4.5,1.0,44100,25,25,645,1148.04541015625,880.3349609375,1078.7861328125,1041.4447021484375,198.451171875,198.451171875,0.741290347291759,0.868,/outputs/brightness-centroid-movement-v1/11/bright-to-dark/11-bright-to-dark-single-transformer-blocks-14.wav,267.71044921875,69.25927734375,True,True,False
ok,,11,transformer.single_transformer_blocks.14,single_transformer_blocks-14,single,14,0,dark_to_bright,dark,bright,a dark muffled trumpet fanfare,a bright clear trumpet fanfare,111,3.0,25,4.5,1.0,44100,25,25,645,880.3349609375,1148.04541015625,884.8493041992188,878.8804321289062,-263.19610595703125,263.19610595703125,0.9831372168143127,0.867,/outputs/brightness-centroid-movement-v1/11/dark-to-bright/11-dark-to-bright-single-transformer-blocks-14.wav,267.71044921875,4.51434326171875,True,True,False
ok,,11,transformer.single_transformer_blocks.13,single_transformer_blocks-13,single,13,0,bright_to_dark,bright,dark,a bright clear trumpet fanfare,a dark muffled trumpet fanfare,111,3.0,25,4.5,1.0,44100,25,25,645,1148.04541015625,880.3349609375,1068.6973876953125,1030.2242431640625,188.3624267578125,188.3624267578125,0.7036050602712892,0.864,/outputs/brightness-centroid-movement-v1/11/bright-to-dark/11-bright-to-dark-single-transformer-blocks-13.wav,267.71044921875,79.3480224609375,True,True,False
ok,,11,transformer.single_transformer_blocks.13,single_transformer_blocks-13,single,13,0,dark_to_bright,dark,bright,a dark muffled trumpet fanfare,a bright clear trumpet fanfare,111,3.0,25,4.5,1.0,44100,25,25,645,880.3349609375,1148.04541015625,896.0545654296875,890.4492797851562,-251.9908447265625,251.9908447265625,0.9412813189098092,0.869,/outputs/brightness-centroid-movement-v1/11/dark-to-bright/11-dark-to-bright-single-transformer-blocks-13.wav,267.71044921875,15.7196044921875,True,True,False
ok,,11,transformer.transformer_blocks.1,transformer_blocks-1,dual,1,1,bright_to_dark,bright,dark,a bright clear trumpet fanfare,a dark muffled trumpet fanfare,111,3.0,25,4.5,1.0,44100,25,25,,1148.04541015625,880.3349609375,1058.25244140625,1025.5247802734375,177.91748046875,177.91748046875,0.6645892268604394,0.868,/outputs/brightness-centroid-movement-v1/11/bright-to-dark/11-bright-to-dark-transformer-blocks-1.wav,267.71044921875,89.79296875,True,True,False
ok,,11,transformer.transformer_blocks.1,transformer_blocks-1,dual,1,1,dark_to_bright,dark,bright,a dark muffled trumpet fanfare,a bright clear trumpet fanfare,111,3.0,25,4.5,1.0,44100,25,25,,880.3349609375,1148.04541015625,955.915283203125,950.3123779296875,-192.130126953125,192.130126953125,0.7176788485985945,0.873,/outputs/brightness-centroid-movement-v1/11/dark-to-bright/11-dark-to-bright-transformer-blocks-1.wav,267.71044921875,75.580322265625,True,True,False
ok,,12,transformer.single_transformer_blocks.17,single_transformer_blocks-17,single,17,0,bright_to_dark,bright,dark,a bright lively marimba pattern,a dark slow marimba pattern,112,3.0,25,4.5,1.0,44100,25,25,645,1964.24658203125,974.3965454101562,1944.68359375,2020.266357421875,970.2870483398438,970.2870483398438,0.9802364120245636,0.834,/outputs/brightness-centroid-movement-v1/12/bright-to-dark/12-bright-to-dark-single-transformer-blocks-17.wav,989.8500366210938,19.56298828125,True,True,False
ok,,12,transformer.single_transformer_blocks.17,single_transformer_blocks-17,single,17,0,dark_to_bright,dark,bright,a dark slow marimba pattern,a bright lively marimba pattern,112,3.0,25,4.5,1.0,44100,25,25,645,974.3965454101562,1964.24658203125,982.5173950195312,795.865478515625,-981.7291870117188,981.7291870117188,0.9917958788615132,0.827,/outputs/brightness-centroid-movement-v1/12/dark-to-bright/12-dark-to-bright-single-transformer-blocks-17.wav,989.8500366210938,8.120849609375,True,True,False
ok,,12,transformer.single_transformer_blocks.14,single_transformer_blocks-14,single,14,0,bright_to_dark,bright,dark,a bright lively marimba pattern,a dark slow marimba pattern,112,3.0,25,4.5,1.0,44100,25,25,645,1964.24658203125,974.3965454101562,1988.1822509765625,2091.091064453125,1013.7857055664062,1013.7857055664062,1.0241811062886033,0.825,/outputs/brightness-centroid-movement-v1/12/bright-to-dark/12-bright-to-dark-single-transformer-blocks-14.wav,989.8500366210938,23.9356689453125,True,True,True
ok,,12,transformer.single_transformer_blocks.14,single_transformer_blocks-14,single,14,0,dark_to_bright,dark,bright,a dark slow marimba pattern,a bright lively marimba pattern,112,3.0,25,4.5,1.0,44100,25,25,645,974.3965454101562,1964.24658203125,911.6366577148438,699.5896606445312,-1052.6099243164062,1052.6099243164062,1.0634034301898363,0.827,/outputs/brightness-centroid-movement-v1/12/dark-to-bright/12-dark-to-bright-single-transformer-blocks-14.wav,989.8500366210938,62.7598876953125,True,True,True
ok,,12,transformer.single_transformer_blocks.13,single_transformer_blocks-13,single,13,0,bright_to_dark,bright,dark,a bright lively marimba pattern,a dark slow marimba pattern,112,3.0,25,4.5,1.0,44100,25,25,645,1964.24658203125,974.3965454101562,1984.932373046875,2057.1240234375,1010.5358276367188,1010.5358276367188,1.020897903975674,0.819,/outputs/brightness-centroid-movement-v1/12/bright-to-dark/12-bright-to-dark-single-transformer-blocks-13.wav,989.8500366210938,20.685791015625,True,True,True
ok,,12,transformer.single_transformer_blocks.13,single_transformer_blocks-13,single,13,0,dark_to_bright,dark,bright,a dark slow marimba pattern,a bright lively marimba pattern,112,3.0,25,4.5,1.0,44100,25,25,645,974.3965454101562,1964.24658203125,910.6444702148438,702.9205322265625,-1053.6021118164062,1053.6021118164062,1.0644057916216618,0.828,/outputs/brightness-centroid-movement-v1/12/dark-to-bright/12-dark-to-bright-single-transformer-blocks-13.wav,989.8500366210938,63.7520751953125,True,True,True
ok,,12,transformer.transformer_blocks.1,transformer_blocks-1,dual,1,1,bright_to_dark,bright,dark,a bright lively marimba pattern,a dark slow marimba pattern,112,3.0,25,4.5,1.0,44100,25,25,,1964.24658203125,974.3965454101562,1932.6197509765625,2007.3277587890625,958.2232055664062,958.2232055664062,0.9680488661063777,0.833,/outputs/brightness-centroid-movement-v1/12/bright-to-dark/12-bright-to-dark-transformer-blocks-1.wav,989.8500366210938,31.6268310546875,True,True,False
ok,,12,transformer.transformer_blocks.1,transformer_blocks-1,dual,1,1,dark_to_bright,dark,bright,a dark slow marimba pattern,a bright lively marimba pattern,112,3.0,25,4.5,1.0,44100,25,25,,974.3965454101562,1964.24658203125,1089.98095703125,905.226318359375,-874.265625,874.265625,0.8832303810225159,0.839,/outputs/brightness-centroid-movement-v1/12/dark-to-bright/12-dark-to-bright-transformer-blocks-1.wav,989.8500366210938,115.58441162109375,True,True,False
ok,,13,transformer.single_transformer_blocks.17,single_transformer_blocks-17,single,17,0,bright_to_dark,bright,dark,a bright sharp xylophone melody,a dark hollow xylophone melody,113,3.0,25,4.5,1.0,44100,25,25,645,1775.6761474609375,1008.8287353515625,1805.460693359375,1802.8824462890625,796.6319580078125,796.6319580078125,1.0388402509131625,0.874,/outputs/brightness-centroid-movement-v1/13/bright-to-dark/13-bright-to-dark-single-transformer-blocks-17.wav,766.847412109375,29.7845458984375,True,True,True
ok,,13,transformer.single_transformer_blocks.17,single_transformer_blocks-17,single,17,0,dark_to_bright,dark,bright,a dark hollow xylophone melody,a bright sharp xylophone melody,113,3.0,25,4.5,1.0,44100,25,25,645,1008.8287353515625,1775.6761474609375,996.1484375,974.7646484375,-779.5277099609375,779.5277099609375,1.0165356205828258,0.865,/outputs/brightness-centroid-movement-v1/13/dark-to-bright/13-dark-to-bright-single-transformer-blocks-17.wav,766.847412109375,12.6802978515625,True,True,True
ok,,13,transformer.single_transformer_blocks.14,single_transformer_blocks-14,single,14,0,bright_to_dark,bright,dark,a bright sharp xylophone melody,a dark hollow xylophone melody,113,3.0,25,4.5,1.0,44100,25,25,645,1775.6761474609375,1008.8287353515625,1807.0224609375,1793.956298828125,798.1937255859375,798.1937255859375,1.040876858918175,0.857,/outputs/brightness-centroid-movement-v1/13/bright-to-dark/13-bright-to-dark-single-transformer-blocks-14.wav,766.847412109375,31.3463134765625,True,True,True
ok,,13,transformer.single_transformer_blocks.14,single_transformer_blocks-14,single,14,0,dark_to_bright,dark,bright,a dark hollow xylophone melody,a bright sharp xylophone melody,113,3.0,25,4.5,1.0,44100,25,25,645,1008.8287353515625,1775.6761474609375,984.3400268554688,966.40576171875,-791.3361206054688,791.3361206054688,1.0319342650302912,0.868,/outputs/brightness-centroid-movement-v1/13/dark-to-bright/13-dark-to-bright-single-transformer-blocks-14.wav,766.847412109375,24.48870849609375,True,True,True
ok,,13,transformer.single_transformer_blocks.13,single_transformer_blocks-13,single,13,0,bright_to_dark,bright,dark,a bright sharp xylophone melody,a dark hollow xylophone melody,113,3.0,25,4.5,1.0,44100,25,25,645,1775.6761474609375,1008.8287353515625,1816.292236328125,1812.3109130859375,807.4635009765625,807.4635009765625,1.0529650204536316,0.869,/outputs/brightness-centroid-movement-v1/13/bright-to-dark/13-bright-to-dark-single-transformer-blocks-13.wav,766.847412109375,40.6160888671875,True,True,True
ok,,13,transformer.single_transformer_blocks.13,single_transformer_blocks-13,single,13,0,dark_to_bright,dark,bright,a dark hollow xylophone melody,a bright sharp xylophone melody,113,3.0,25,4.5,1.0,44100,25,25,645,1008.8287353515625,1775.6761474609375,991.1243286132812,971.8065185546875,-784.5518188476562,784.5518188476562,1.0230872615056255,0.859,/outputs/brightness-centroid-movement-v1/13/dark-to-bright/13-dark-to-bright-single-transformer-blocks-13.wav,766.847412109375,17.70440673828125,True,True,True
ok,,13,transformer.transformer_blocks.1,transformer_blocks-1,dual,1,1,bright_to_dark,bright,dark,a bright sharp xylophone melody,a dark hollow xylophone melody,113,3.0,25,4.5,1.0,44100,25,25,,1775.6761474609375,1008.8287353515625,1772.8321533203125,1766.2001953125,764.00341796875,764.00341796875,0.9962913167656106,0.858,/outputs/brightness-centroid-movement-v1/13/bright-to-dark/13-bright-to-dark-transformer-blocks-1.wav,766.847412109375,2.843994140625,True,True,False
ok,,13,transformer.transformer_blocks.1,transformer_blocks-1,dual,1,1,dark_to_bright,dark,bright,a dark hollow xylophone melody,a bright sharp xylophone melody,113,3.0,25,4.5,1.0,44100,25,25,,1008.8287353515625,1775.6761474609375,1045.94287109375,1044.3997802734375,-729.7332763671875,729.7332763671875,0.9516016678727555,0.878,/outputs/brightness-centroid-movement-v1/13/dark-to-bright/13-dark-to-bright-transformer-blocks-1.wav,766.847412109375,37.1141357421875,True,True,False
ok,,14,transformer.single_transformer_blocks.17,single_transformer_blocks-17,single,17,0,bright_to_dark,bright,dark,a bright twinkling celesta passage,a dark heavy celesta passage,114,3.0,25,4.5,1.0,44100,25,25,645,2209.56103515625,2091.044677734375,2254.70458984375,2271.74658203125,163.659912109375,163.659912109375,1.3809056882064423,0.861,/outputs/brightness-centroid-movement-v1/14/bright-to-dark/14-bright-to-dark-single-transformer-blocks-17.wav,118.516357421875,45.1435546875,True,True,True
ok,,14,transformer.single_transformer_blocks.17,single_transformer_blocks-17,single,17,0,dark_to_bright,dark,bright,a dark heavy celesta passage,a bright twinkling celesta passage,114,3.0,25,4.5,1.0,44100,25,25,645,2091.044677734375,2209.56103515625,2041.557861328125,1995.0076904296875,-168.003173828125,168.003173828125,1.41755262718795,0.862,/outputs/brightness-centroid-movement-v1/14/dark-to-bright/14-dark-to-bright-single-transformer-blocks-17.wav,118.516357421875,49.48681640625,True,True,True
ok,,14,transformer.single_transformer_blocks.14,single_transformer_blocks-14,single,14,0,bright_to_dark,bright,dark,a bright twinkling celesta passage,a dark heavy celesta passage,114,3.0,25,4.5,1.0,44100,25,25,645,2209.56103515625,2091.044677734375,2178.734130859375,2193.10009765625,87.689453125,87.689453125,0.739893252142888,0.867,/outputs/brightness-centroid-movement-v1/14/bright-to-dark/14-bright-to-dark-single-transformer-blocks-14.wav,118.516357421875,30.826904296875,True,True,False
ok,,14,transformer.single_transformer_blocks.14,single_transformer_blocks-14,single,14,0,dark_to_bright,dark,bright,a dark heavy celesta passage,a bright twinkling celesta passage,114,3.0,25,4.5,1.0,44100,25,25,645,2091.044677734375,2209.56103515625,2250.12255859375,2206.339111328125,40.5615234375,-40.5615234375,-0.34224409456929034,0.864,/outputs/brightness-centroid-movement-v1/14/dark-to-bright/14-dark-to-bright-single-transformer-blocks-14.wav,118.516357421875,159.077880859375,False,False,False
ok,,14,transformer.single_transformer_blocks.13,single_transformer_blocks-13,single,13,0,bright_to_dark,bright,dark,a bright twinkling celesta passage,a dark heavy celesta passage,114,3.0,25,4.5,1.0,44100,25,25,645,2209.56103515625,2091.044677734375,2141.419921875,2142.666259765625,50.375244140625,50.375244140625,0.4250488728851791,0.851,/outputs/brightness-centroid-movement-v1/14/bright-to-dark/14-bright-to-dark-single-transformer-blocks-13.wav,118.516357421875,68.14111328125,True,True,False
ok,,14,transformer.single_transformer_blocks.13,single_transformer_blocks-13,single,13,0,dark_to_bright,dark,bright,a dark heavy celesta passage,a bright twinkling celesta passage,114,3.0,25,4.5,1.0,44100,25,25,645,2091.044677734375,2209.56103515625,2273.81005859375,2228.275390625,64.2490234375,-64.2490234375,-0.5421110202433653,0.877,/outputs/brightness-centroid-movement-v1/14/dark-to-bright/14-dark-to-bright-single-transformer-blocks-13.wav,118.516357421875,182.765380859375,False,False,False
ok,,14,transformer.transformer_blocks.1,transformer_blocks-1,dual,1,1,bright_to_dark,bright,dark,a bright twinkling celesta passage,a dark heavy celesta passage,114,3.0,25,4.5,1.0,44100,25,25,,2209.56103515625,2091.044677734375,2281.401611328125,2284.573486328125,190.35693359375,190.35693359375,1.6061659144327964,0.875,/outputs/brightness-centroid-movement-v1/14/bright-to-dark/14-bright-to-dark-transformer-blocks-1.wav,118.516357421875,71.840576171875,True,True,True
ok,,14,transformer.transformer_blocks.1,transformer_blocks-1,dual,1,1,dark_to_bright,dark,bright,a dark heavy celesta passage,a bright twinkling celesta passage,114,3.0,25,4.5,1.0,44100,25,25,,2091.044677734375,2209.56103515625,1800.4354248046875,1749.0677490234375,-409.1256103515625,409.1256103515625,3.452060283081639,0.875,/outputs/brightness-centroid-movement-v1/14/dark-to-bright/14-dark-to-bright-transformer-blocks-1.wav,118.516357421875,290.6092529296875,False,True,True
ok,,15,transformer.single_transformer_blocks.17,single_transformer_blocks-17,single,17,0,bright_to_dark,bright,dark,a bright open church organ chord,a dark thunderous church organ chord,115,3.0,25,4.5,1.0,44100,25,25,645,1077.8778076171875,1176.032958984375,1079.0196533203125,1005.6348876953125,-97.0133056640625,-97.0133056640625,0.9883669304440937,0.875,/outputs/brightness-centroid-movement-v1/15/bright-to-dark/15-bright-to-dark-single-transformer-blocks-17.wav,98.1551513671875,1.141845703125,True,True,False
ok,,15,transformer.single_transformer_blocks.17,single_transformer_blocks-17,single,17,0,dark_to_bright,dark,bright,a dark thunderous church organ chord,a bright open church organ chord,115,3.0,25,4.5,1.0,44100,25,25,645,1176.032958984375,1077.8778076171875,1164.9642333984375,1122.8662109375,87.08642578125,-87.08642578125,0.8872323517231344,0.877,/outputs/brightness-centroid-movement-v1/15/dark-to-bright/15-dark-to-bright-single-transformer-blocks-17.wav,98.1551513671875,11.0687255859375,True,True,False
ok,,15,transformer.single_transformer_blocks.14,single_transformer_blocks-14,single,14,0,bright_to_dark,bright,dark,a bright open church organ chord,a dark thunderous church organ chord,115,3.0,25,4.5,1.0,44100,25,25,645,1077.8778076171875,1176.032958984375,1070.3953857421875,1003.1748657226562,-105.6375732421875,-105.6375732421875,1.076230557141205,0.872,/outputs/brightness-centroid-movement-v1/15/bright-to-dark/15-bright-to-dark-single-transformer-blocks-14.wav,98.1551513671875,7.482421875,True,True,True
ok,,15,transformer.single_transformer_blocks.14,single_transformer_blocks-14,single,14,0,dark_to_bright,dark,bright,a dark thunderous church organ chord,a bright open church organ chord,115,3.0,25,4.5,1.0,44100,25,25,645,1176.032958984375,1077.8778076171875,1168.1519775390625,1127.5281982421875,90.274169921875,-90.274169921875,0.9197089369682634,0.87,/outputs/brightness-centroid-movement-v1/15/dark-to-bright/15-dark-to-bright-single-transformer-blocks-14.wav,98.1551513671875,7.8809814453125,True,True,False
ok,,15,transformer.single_transformer_blocks.13,single_transformer_blocks-13,single,13,0,bright_to_dark,bright,dark,a bright open church organ chord,a dark thunderous church organ chord,115,3.0,25,4.5,1.0,44100,25,25,645,1077.8778076171875,1176.032958984375,1065.005859375,1002.5906372070312,-111.027099609375,-111.027099609375,1.131138794682665,0.868,/outputs/brightness-centroid-movement-v1/15/bright-to-dark/15-bright-to-dark-single-transformer-blocks-13.wav,98.1551513671875,12.8719482421875,True,True,True
ok,,15,transformer.single_transformer_blocks.13,single_transformer_blocks-13,single,13,0,dark_to_bright,dark,bright,a dark thunderous church organ chord,a bright open church organ chord,115,3.0,25,4.5,1.0,44100,25,25,645,1176.032958984375,1077.8778076171875,1180.779541015625,1145.204345703125,102.9017333984375,-102.9017333984375,1.0483579513162133,0.874,/outputs/brightness-centroid-movement-v1/15/dark-to-bright/15-dark-to-bright-single-transformer-blocks-13.wav,98.1551513671875,4.74658203125,True,True,True
ok,,15,transformer.transformer_blocks.1,transformer_blocks-1,dual,1,1,bright_to_dark,bright,dark,a bright open church organ chord,a dark thunderous church organ chord,115,3.0,25,4.5,1.0,44100,25,25,,1077.8778076171875,1176.032958984375,1078.0157470703125,1011.033447265625,-98.0172119140625,-98.0172119140625,0.9985946794314545,0.872,/outputs/brightness-centroid-movement-v1/15/bright-to-dark/15-bright-to-dark-transformer-blocks-1.wav,98.1551513671875,0.137939453125,True,True,False
ok,,15,transformer.transformer_blocks.1,transformer_blocks-1,dual,1,1,dark_to_bright,dark,bright,a dark thunderous church organ chord,a bright open church organ chord,115,3.0,25,4.5,1.0,44100,25,25,,1176.032958984375,1077.8778076171875,1153.7972412109375,1116.92919921875,75.91943359375,-75.91943359375,0.7734635679969953,0.875,/outputs/brightness-centroid-movement-v1/15/dark-to-bright/15-dark-to-bright-transformer-blocks-1.wav,98.1551513671875,22.2357177734375,True,True,False
ok,,16,transformer.single_transformer_blocks.17,single_transformer_blocks-17,single,17,0,bright_to_dark,bright,dark,a bright lively folk fiddle tune,a dark slow folk fiddle tune,116,3.0,25,4.5,1.0,44100,25,25,645,1658.6729736328125,1054.4742431640625,1672.2552490234375,1651.9183349609375,617.781005859375,617.781005859375,1.0224798145141543,0.857,/outputs/brightness-centroid-movement-v1/16/bright-to-dark/16-bright-to-dark-single-transformer-blocks-17.wav,604.19873046875,13.582275390625,True,True,True
ok,,16,transformer.single_transformer_blocks.17,single_transformer_blocks-17,single,17,0,dark_to_bright,dark,bright,a dark slow folk fiddle tune,a bright lively folk fiddle tune,116,3.0,25,4.5,1.0,44100,25,25,645,1054.4742431640625,1658.6729736328125,1040.58203125,1025.034912109375,-618.0909423828125,618.0909423828125,1.0229927856738206,0.858,/outputs/brightness-centroid-movement-v1/16/dark-to-bright/16-dark-to-bright-single-transformer-blocks-17.wav,604.19873046875,13.8922119140625,True,True,True
ok,,16,transformer.single_transformer_blocks.14,single_transformer_blocks-14,single,14,0,bright_to_dark,bright,dark,a bright lively folk fiddle tune,a dark slow folk fiddle tune,116,3.0,25,4.5,1.0,44100,25,25,645,1658.6729736328125,1054.4742431640625,1656.89892578125,1641.28759765625,602.4246826171875,602.4246826171875,0.9970638007627289,0.851,/outputs/brightness-centroid-movement-v1/16/bright-to-dark/16-bright-to-dark-single-transformer-blocks-14.wav,604.19873046875,1.7740478515625,True,True,False
ok,,16,transformer.single_transformer_blocks.14,single_transformer_blocks-14,single,14,0,dark_to_bright,dark,bright,a dark slow folk fiddle tune,a bright lively folk fiddle tune,116,3.0,25,4.5,1.0,44100,25,25,645,1054.4742431640625,1658.6729736328125,1020.4026489257812,1004.7620239257812,-638.2703247070312,638.2703247070312,1.0563913701239456,0.855,/outputs/brightness-centroid-movement-v1/16/dark-to-bright/16-dark-to-bright-single-transformer-blocks-14.wav,604.19873046875,34.07159423828125,True,True,True
ok,,16,transformer.single_transformer_blocks.13,single_transformer_blocks-13,single,13,0,bright_to_dark,bright,dark,a bright lively folk fiddle tune,a dark slow folk fiddle tune,116,3.0,25,4.5,1.0,44100,25,25,645,1658.6729736328125,1054.4742431640625,1653.128173828125,1639.3935546875,598.6539306640625,598.6539306640625,0.9908228873629282,0.851,/outputs/brightness-centroid-movement-v1/16/bright-to-dark/16-bright-to-dark-single-transformer-blocks-13.wav,604.19873046875,5.5447998046875,True,True,False
ok,,16,transformer.single_transformer_blocks.13,single_transformer_blocks-13,single,13,0,dark_to_bright,dark,bright,a dark slow folk fiddle tune,a bright lively folk fiddle tune,116,3.0,25,4.5,1.0,44100,25,25,645,1054.4742431640625,1658.6729736328125,1024.0567626953125,1010.51611328125,-634.6162109375,634.6162109375,1.0503435027828534,0.858,/outputs/brightness-centroid-movement-v1/16/dark-to-bright/16-dark-to-bright-single-transformer-blocks-13.wav,604.19873046875,30.41748046875,True,True,True
ok,,16,transformer.transformer_blocks.1,transformer_blocks-1,dual,1,1,bright_to_dark,bright,dark,a bright lively folk fiddle tune,a dark slow folk fiddle tune,116,3.0,25,4.5,1.0,44100,25,25,,1658.6729736328125,1054.4742431640625,1545.6463623046875,1529.5655517578125,491.172119140625,491.172119140625,0.8129313988454815,0.863,/outputs/brightness-centroid-movement-v1/16/bright-to-dark/16-bright-to-dark-transformer-blocks-1.wav,604.19873046875,113.026611328125,True,True,False
ok,,16,transformer.transformer_blocks.1,transformer_blocks-1,dual,1,1,dark_to_bright,dark,bright,a dark slow folk fiddle tune,a bright lively folk fiddle tune,116,3.0,25,4.5,1.0,44100,25,25,,1054.4742431640625,1658.6729736328125,1169.3956298828125,1146.946044921875,-489.27734375,489.27734375,0.8097953853203372,0.866,/outputs/brightness-centroid-movement-v1/16/dark-to-bright/16-dark-to-bright-transformer-blocks-1.wav,604.19873046875,114.92138671875,True,True,False
ok,,17,transformer.single_transformer_blocks.17,single_transformer_blocks-17,single,17,0,bright_to_dark,bright,dark,a bright pop synth arpeggio,a dark cinematic synth arpeggio,117,3.0,25,4.5,1.0,44100,25,25,645,3296.32373046875,979.0730590820312,3349.36865234375,3283.40283203125,2370.2955932617188,2370.2955932617188,1.0228913179441463,0.85,/outputs/brightness-centroid-movement-v1/17/bright-to-dark/17-bright-to-dark-single-transformer-blocks-17.wav,2317.2506713867188,53.044921875,True,True,True
ok,,17,transformer.single_transformer_blocks.17,single_transformer_blocks-17,single,17,0,dark_to_bright,dark,bright,a dark cinematic synth arpeggio,a bright pop synth arpeggio,117,3.0,25,4.5,1.0,44100,25,25,645,979.0730590820312,3296.32373046875,961.4163208007812,931.6868896484375,-2334.9074096679688,2334.9074096679688,1.0076196928106547,0.847,/outputs/brightness-centroid-movement-v1/17/dark-to-bright/17-dark-to-bright-single-transformer-blocks-17.wav,2317.2506713867188,17.65673828125,True,True,True
ok,,17,transformer.single_transformer_blocks.14,single_transformer_blocks-14,single,14,0,bright_to_dark,bright,dark,a bright pop synth arpeggio,a dark cinematic synth arpeggio,117,3.0,25,4.5,1.0,44100,25,25,645,3296.32373046875,979.0730590820312,3281.804443359375,3243.9228515625,2302.7313842773438,2302.7313842773438,0.993734261343126,0.848,/outputs/brightness-centroid-movement-v1/17/bright-to-dark/17-bright-to-dark-single-transformer-blocks-14.wav,2317.2506713867188,14.519287109375,True,True,False
ok,,17,transformer.single_transformer_blocks.14,single_transformer_blocks-14,single,14,0,dark_to_bright,dark,bright,a dark cinematic synth arpeggio,a bright pop synth arpeggio,117,3.0,25,4.5,1.0,44100,25,25,645,979.0730590820312,3296.32373046875,948.11572265625,931.6434326171875,-2348.2080078125,2348.2080078125,1.0133595112553169,0.845,/outputs/brightness-centroid-movement-v1/17/dark-to-bright/17-dark-to-bright-single-transformer-blocks-14.wav,2317.2506713867188,30.95733642578125,True,True,True
ok,,17,transformer.single_transformer_blocks.13,single_transformer_blocks-13,single,13,0,bright_to_dark,bright,dark,a bright pop synth arpeggio,a dark cinematic synth arpeggio,117,3.0,25,4.5,1.0,44100,25,25,645,3296.32373046875,979.0730590820312,3214.379150390625,3160.0927734375,2235.3060913085938,2235.3060913085938,0.9646371533775038,0.839,/outputs/brightness-centroid-movement-v1/17/bright-to-dark/17-bright-to-dark-single-transformer-blocks-13.wav,2317.2506713867188,81.944580078125,True,True,False
ok,,17,transformer.single_transformer_blocks.13,single_transformer_blocks-13,single,13,0,dark_to_bright,dark,bright,a dark cinematic synth arpeggio,a bright pop synth arpeggio,117,3.0,25,4.5,1.0,44100,25,25,645,979.0730590820312,3296.32373046875,963.3355712890625,951.7509765625,-2332.9881591796875,2332.9881591796875,1.00679144815332,0.845,/outputs/brightness-centroid-movement-v1/17/dark-to-bright/17-dark-to-bright-single-transformer-blocks-13.wav,2317.2506713867188,15.73748779296875,True,True,True
ok,,17,transformer.transformer_blocks.1,transformer_blocks-1,dual,1,1,bright_to_dark,bright,dark,a bright pop synth arpeggio,a dark cinematic synth arpeggio,117,3.0,25,4.5,1.0,44100,25,25,,3296.32373046875,979.0730590820312,2415.372314453125,2334.857177734375,1436.2992553710938,1436.2992553710938,0.6198290383972853,0.846,/outputs/brightness-centroid-movement-v1/17/bright-to-dark/17-bright-to-dark-transformer-blocks-1.wav,2317.2506713867188,880.951416015625,True,True,False
ok,,17,transformer.transformer_blocks.1,transformer_blocks-1,dual,1,1,dark_to_bright,dark,bright,a dark cinematic synth arpeggio,a bright pop synth arpeggio,117,3.0,25,4.5,1.0,44100,25,25,,979.0730590820312,3296.32373046875,1070.8138427734375,1067.07470703125,-2225.5098876953125,2225.5098876953125,0.9604096419846949,0.851,/outputs/brightness-centroid-movement-v1/17/dark-to-bright/17-dark-to-bright-transformer-blocks-1.wav,2317.2506713867188,91.74078369140625,True,True,False
ok,,18,transformer.single_transformer_blocks.17,single_transformer_blocks-17,single,17,0,bright_to_dark,bright,dark,a bright crisp snare drum roll,a dark muffled snare drum roll,118,3.0,25,4.5,1.0,44100,25,25,645,3301.8857421875,1677.6182861328125,3207.51318359375,3552.92626953125,1529.8948974609375,1529.8948974609375,0.9418983873364187,1.057,/outputs/brightness-centroid-movement-v1/18/bright-to-dark/18-bright-to-dark-single-transformer-blocks-17.wav,1624.2674560546875,94.37255859375,True,True,False
ok,,18,transformer.single_transformer_blocks.17,single_transformer_blocks-17,single,17,0,dark_to_bright,dark,bright,a dark muffled snare drum roll,a bright crisp snare drum roll,118,3.0,25,4.5,1.0,44100,25,25,645,1677.6182861328125,3301.8857421875,1661.2965087890625,1466.4158935546875,-1640.5892333984375,1640.5892333984375,1.0100487005898617,0.864,/outputs/brightness-centroid-movement-v1/18/dark-to-bright/18-dark-to-bright-single-transformer-blocks-17.wav,1624.2674560546875,16.32177734375,True,True,True
ok,,18,transformer.single_transformer_blocks.14,single_transformer_blocks-14,single,14,0,bright_to_dark,bright,dark,a bright crisp snare drum roll,a dark muffled snare drum roll,118,3.0,25,4.5,1.0,44100,25,25,645,3301.8857421875,1677.6182861328125,3157.590576171875,3478.13671875,1479.9722900390625,1479.9722900390625,0.911162927338263,0.853,/outputs/brightness-centroid-movement-v1/18/bright-to-dark/18-bright-to-dark-single-transformer-blocks-14.wav,1624.2674560546875,144.295166015625,True,True,False
ok,,18,transformer.single_transformer_blocks.14,single_transformer_blocks-14,single,14,0,dark_to_bright,dark,bright,a dark muffled snare drum roll,a bright crisp snare drum roll,118,3.0,25,4.5,1.0,44100,25,25,645,1677.6182861328125,3301.8857421875,1662.1990966796875,1449.2269287109375,-1639.6866455078125,1639.6866455078125,1.0094930113853158,0.855,/outputs/brightness-centroid-movement-v1/18/dark-to-bright/18-dark-to-bright-single-transformer-blocks-14.wav,1624.2674560546875,15.419189453125,True,True,True
ok,,18,transformer.single_transformer_blocks.13,single_transformer_blocks-13,single,13,0,bright_to_dark,bright,dark,a bright crisp snare drum roll,a dark muffled snare drum roll,118,3.0,25,4.5,1.0,44100,25,25,645,3301.8857421875,1677.6182861328125,3130.147216796875,3437.587646484375,1452.5289306640625,1452.5289306640625,0.8942670896037194,0.853,/outputs/brightness-centroid-movement-v1/18/bright-to-dark/18-bright-to-dark-single-transformer-blocks-13.wav,1624.2674560546875,171.738525390625,True,True,False
ok,,18,transformer.single_transformer_blocks.13,single_transformer_blocks-13,single,13,0,dark_to_bright,dark,bright,a dark muffled snare drum roll,a bright crisp snare drum roll,118,3.0,25,4.5,1.0,44100,25,25,645,1677.6182861328125,3301.8857421875,1678.85205078125,1478.22119140625,-1623.03369140625,1623.03369140625,0.9992404177995203,0.851,/outputs/brightness-centroid-movement-v1/18/dark-to-bright/18-dark-to-bright-single-transformer-blocks-13.wav,1624.2674560546875,1.2337646484375,True,True,False
ok,,18,transformer.transformer_blocks.1,transformer_blocks-1,dual,1,1,bright_to_dark,bright,dark,a bright crisp snare drum roll,a dark muffled snare drum roll,118,3.0,25,4.5,1.0,44100,25,25,,3301.8857421875,1677.6182861328125,3105.058349609375,3439.947021484375,1427.4400634765625,1427.4400634765625,0.8788208235999416,0.859,/outputs/brightness-centroid-movement-v1/18/bright-to-dark/18-bright-to-dark-transformer-blocks-1.wav,1624.2674560546875,196.827392578125,True,True,False
ok,,18,transformer.transformer_blocks.1,transformer_blocks-1,dual,1,1,dark_to_bright,dark,bright,a dark muffled snare drum roll,a bright crisp snare drum roll,118,3.0,25,4.5,1.0,44100,25,25,,1677.6182861328125,3301.8857421875,1651.5684814453125,1494.504150390625,-1650.3172607421875,1650.3172607421875,1.0160378788544926,0.86,/outputs/brightness-centroid-movement-v1/18/dark-to-bright/18-dark-to-bright-transformer-blocks-1.wav,1624.2674560546875,26.0498046875,True,True,True
ok,,19,transformer.single_transformer_blocks.17,single_transformer_blocks-17,single,17,0,bright_to_dark,bright,dark,a bright clean jazz saxophone phrase,a dark smoky jazz saxophone phrase,119,3.0,25,4.5,1.0,44100,25,25,645,1626.734375,1724.774658203125,1645.3935546875,1604.0257568359375,-79.381103515625,-79.381103515625,0.8096784395365226,0.869,/outputs/brightness-centroid-movement-v1/19/bright-to-dark/19-bright-to-dark-single-transformer-blocks-17.wav,98.040283203125,18.6591796875,True,True,False
ok,,19,transformer.single_transformer_blocks.17,single_transformer_blocks-17,single,17,0,dark_to_bright,dark,bright,a dark smoky jazz saxophone phrase,a bright clean jazz saxophone phrase,119,3.0,25,4.5,1.0,44100,25,25,645,1724.774658203125,1626.734375,1676.8262939453125,1619.6680908203125,50.0919189453125,-50.0919189453125,0.5109320098711816,0.868,/outputs/brightness-centroid-movement-v1/19/dark-to-bright/19-dark-to-bright-single-transformer-blocks-17.wav,98.040283203125,47.9483642578125,True,True,False
ok,,19,transformer.single_transformer_blocks.14,single_transformer_blocks-14,single,14,0,bright_to_dark,bright,dark,a bright clean jazz saxophone phrase,a dark smoky jazz saxophone phrase,119,3.0,25,4.5,1.0,44100,25,25,645,1626.734375,1724.774658203125,1724.537353515625,1672.8828125,-0.2373046875,-0.2373046875,0.002420481456671639,0.865,/outputs/brightness-centroid-movement-v1/19/bright-to-dark/19-bright-to-dark-single-transformer-blocks-14.wav,98.040283203125,97.802978515625,True,True,False
ok,,19,transformer.single_transformer_blocks.14,single_transformer_blocks-14,single,14,0,dark_to_bright,dark,bright,a dark smoky jazz saxophone phrase,a bright clean jazz saxophone phrase,119,3.0,25,4.5,1.0,44100,25,25,645,1724.774658203125,1626.734375,1650.2431640625,1613.38330078125,23.5087890625,-23.5087890625,0.23978703747512906,0.865,/outputs/brightness-centroid-movement-v1/19/dark-to-bright/19-dark-to-bright-single-transformer-blocks-14.wav,98.040283203125,74.531494140625,True,True,False
ok,,19,transformer.single_transformer_blocks.13,single_transformer_blocks-13,single,13,0,bright_to_dark,bright,dark,a bright clean jazz saxophone phrase,a dark smoky jazz saxophone phrase,119,3.0,25,4.5,1.0,44100,25,25,645,1626.734375,1724.774658203125,1715.73388671875,1656.8289794921875,-9.040771484375,-9.040771484375,0.09221486504321755,0.86,/outputs/brightness-centroid-movement-v1/19/bright-to-dark/19-bright-to-dark-single-transformer-blocks-13.wav,98.040283203125,88.99951171875,True,True,False
ok,,19,transformer.single_transformer_blocks.13,single_transformer_blocks-13,single,13,0,dark_to_bright,dark,bright,a dark smoky jazz saxophone phrase,a bright clean jazz saxophone phrase,119,3.0,25,4.5,1.0,44100,25,25,645,1724.774658203125,1626.734375,1650.05419921875,1613.490478515625,23.31982421875,-23.31982421875,0.23785961705592756,0.87,/outputs/brightness-centroid-movement-v1/19/dark-to-bright/19-dark-to-bright-single-transformer-blocks-13.wav,98.040283203125,74.720458984375,True,True,False
ok,,19,transformer.transformer_blocks.1,transformer_blocks-1,dual,1,1,bright_to_dark,bright,dark,a bright clean jazz saxophone phrase,a dark smoky jazz saxophone phrase,119,3.0,25,4.5,1.0,44100,25,25,,1626.734375,1724.774658203125,1656.0010986328125,1633.68994140625,-68.7735595703125,-68.7735595703125,0.7014826694025744,0.868,/outputs/brightness-centroid-movement-v1/19/bright-to-dark/19-bright-to-dark-transformer-blocks-1.wav,98.040283203125,29.2667236328125,True,True,False
ok,,19,transformer.transformer_blocks.1,transformer_blocks-1,dual,1,1,dark_to_bright,dark,bright,a dark smoky jazz saxophone phrase,a bright clean jazz saxophone phrase,119,3.0,25,4.5,1.0,44100,25,25,,1724.774658203125,1626.734375,1674.1353759765625,1651.1290283203125,47.4010009765625,-47.4010009765625,0.48348494545201,0.87,/outputs/brightness-centroid-movement-v1/19/dark-to-bright/19-dark-to-bright-transformer-blocks-1.wav,98.040283203125,50.6392822265625,True,True,False
ok,,20,transformer.single_transformer_blocks.17,single_transformer_blocks-17,single,17,0,bright_to_dark,bright,dark,a bright airy choir voicing,a dark heavy choir voicing,120,3.0,25,4.5,1.0,44100,25,25,645,1307.371337890625,1456.322265625,1310.61328125,1267.11962890625,-145.708984375,-145.708984375,0.978234822644701,0.862,/outputs/brightness-centroid-movement-v1/20/bright-to-dark/20-bright-to-dark-single-transformer-blocks-17.wav,148.950927734375,3.241943359375,True,True,False
ok,,20,transformer.single_transformer_blocks.17,single_transformer_blocks-17,single,17,0,dark_to_bright,dark,bright,a dark heavy choir voicing,a bright airy choir voicing,120,3.0,25,4.5,1.0,44100,25,25,645,1456.322265625,1307.371337890625,1452.1685791015625,1431.542724609375,144.7972412109375,-144.7972412109375,0.9721137250595391,0.861,/outputs/brightness-centroid-movement-v1/20/dark-to-bright/20-dark-to-bright-single-transformer-blocks-17.wav,148.950927734375,4.1536865234375,True,True,False
ok,,20,transformer.single_transformer_blocks.14,single_transformer_blocks-14,single,14,0,bright_to_dark,bright,dark,a bright airy choir voicing,a dark heavy choir voicing,120,3.0,25,4.5,1.0,44100,25,25,645,1307.371337890625,1456.322265625,1382.5960693359375,1340.665283203125,-73.7261962890625,-73.7261962890625,0.49496970183723077,0.856,/outputs/brightness-centroid-movement-v1/20/bright-to-dark/20-bright-to-dark-single-transformer-blocks-14.wav,148.950927734375,75.2247314453125,True,True,False
ok,,20,transformer.single_transformer_blocks.14,single_transformer_blocks-14,single,14,0,dark_to_bright,dark,bright,a dark heavy choir voicing,a bright airy choir voicing,120,3.0,25,4.5,1.0,44100,25,25,645,1456.322265625,1307.371337890625,1452.792236328125,1439.9942626953125,145.4208984375,-145.4208984375,0.976300722992675,0.856,/outputs/brightness-centroid-movement-v1/20/dark-to-bright/20-dark-to-bright-single-transformer-blocks-14.wav,148.950927734375,3.530029296875,True,True,False
ok,,20,transformer.single_transformer_blocks.13,single_transformer_blocks-13,single,13,0,bright_to_dark,bright,dark,a bright airy choir voicing,a dark heavy choir voicing,120,3.0,25,4.5,1.0,44100,25,25,645,1307.371337890625,1456.322265625,1390.037109375,1349.0523681640625,-66.28515625,-66.28515625,0.4450133829861515,0.849,/outputs/brightness-centroid-movement-v1/20/bright-to-dark/20-bright-to-dark-single-transformer-blocks-13.wav,148.950927734375,82.665771484375,True,True,False
ok,,20,transformer.single_transformer_blocks.13,single_transformer_blocks-13,single,13,0,dark_to_bright,dark,bright,a dark heavy choir voicing,a bright airy choir voicing,120,3.0,25,4.5,1.0,44100,25,25,645,1456.322265625,1307.371337890625,1446.860595703125,1434.0430908203125,139.4892578125,-139.4892578125,0.9364779389709607,0.857,/outputs/brightness-centroid-movement-v1/20/dark-to-bright/20-dark-to-bright-single-transformer-blocks-13.wav,148.950927734375,9.461669921875,True,True,False
ok,,20,transformer.transformer_blocks.1,transformer_blocks-1,dual,1,1,bright_to_dark,bright,dark,a bright airy choir voicing,a dark heavy choir voicing,120,3.0,25,4.5,1.0,44100,25,25,,1307.371337890625,1456.322265625,1393.871826171875,1377.8634033203125,-62.450439453125,-62.450439453125,0.4192685497366838,0.857,/outputs/brightness-centroid-movement-v1/20/bright-to-dark/20-bright-to-dark-transformer-blocks-1.wav,148.950927734375,86.50048828125,True,True,False
ok,,20,transformer.transformer_blocks.1,transformer_blocks-1,dual,1,1,dark_to_bright,dark,bright,a dark heavy choir voicing,a bright airy choir voicing,120,3.0,25,4.5,1.0,44100,25,25,,1456.322265625,1307.371337890625,1378.55908203125,1368.3067626953125,71.187744140625,-71.187744140625,0.47792749748812907,0.86,/outputs/brightness-centroid-movement-v1/20/dark-to-bright/20-dark-to-bright-transformer-blocks-1.wav,148.950927734375,77.76318359375,True,True,False
